2026-08-08T23:30:03-0400 startup v0.32.7 - - - # btrbk command line client, version 0.32.7
2026-08-08T23:30:03-0400 snapshot starting /{SAPSHOT_LOCATION}/ROOT.20260808T2330 / - -
2026-08-08T23:30:03-0400 snapshot success /{SAPSHOT_LOCATION}/ROOT.20260808T2330 / - -
2026-08-08T23:30:04-0400 send-receive starting /{TARGET_LOCATION}/ROOT.20260808T2330 /{SAPSHOT_LOCATION}/ROOT.20260808T2330 /{SAPSHOT_LOCATION}/ROOT.20260808T2100 -
2026-08-08T23:30:14-0400 send-receive success /{TARGET_LOCATION}/ROOT.20260808T2330 /{SAPSHOT_LOCATION}/ROOT.20260808T2330 /{SAPSHOT_LOCATION}/ROOT.20260808T2100 -
2026-08-08T23:30:14-0400 delete_target starting /{TARGET_LOCATION}/ROOT.20260601T0330 - - -
2026-08-08T23:30:14-0400 delete_target success /{TARGET_LOCATION}/ROOT.20260601T0330 - - -
2026-08-08T23:30:14-0400 delete_target starting /{TARGET_LOCATION}/ROOT.20260601T0800 - - -
2026-08-08T23:30:14-0400 delete_target success /{TARGET_LOCATION}/ROOT.20260601T0800 - - -
2026-08-08T23:30:14-0400 delete_target starting /{TARGET_LOCATION}/ROOT.20260601T0830 - - -
2026-08-08T23:30:14-0400 delete_target success /{TARGET_LOCATION}/ROOT.20260601T0830 - - -
2026-08-08T23:30:14-0400 delete_target starting /{TARGET_LOCATION}/ROOT.20260601T0900 - - -
2026-08-08T23:30:14-0400 delete_target success /{TARGET_LOCATION}/ROOT.20260601T0900 - - -
2026-08-08T23:30:14-0400 delete_target starting /{TARGET_LOCATION}/ROOT.20260601T0930 - - -
2026-08-08T23:30:14-0400 delete_target success /{TARGET_LOCATION}/ROOT.20260601T0930 - - -
2026-08-08T23:30:14-0400 delete_target starting /{TARGET_LOCATION}/ROOT.20260601T1000 - - -
2026-08-08T23:30:14-0400 delete_target success /{TARGET_LOCATION}/ROOT.20260601T1000 - - -
2026-08-08T23:30:14-0400 delete_target starting /{TARGET_LOCATION}/ROOT.20260601T1030 - - -
2026-08-08T23:30:14-0400 delete_target success /{TARGET_LOCATION}/ROOT.20260601T1030 - - -
2026-08-08T23:30:14-0400 delete_target starting /{TARGET_LOCATION}/ROOT.20260601T1100 - - -
2026-08-08T23:30:14-0400 delete_target success /{TARGET_LOCATION}/ROOT.20260601T1100 - - -
2026-08-08T23:30:14-0400 delete_target starting /{TARGET_LOCATION}/ROOT.20260601T1130 - - -
2026-08-08T23:30:14-0400 delete_target success /{TARGET_LOCATION}/ROOT.20260601T1130 - - -
2026-08-08T23:30:14-0400 delete_target starting /{TARGET_LOCATION}/ROOT.20260601T1200 - - -
2026-08-08T23:30:14-0400 delete_target success /{TARGET_LOCATION}/ROOT.20260601T1200 - - -
2026-08-08T23:30:14-0400 delete_target starting /{TARGET_LOCATION}/ROOT.20260601T1230 - - -
2026-08-08T23:30:14-0400 delete_target success /{TARGET_LOCATION}/ROOT.20260601T1230 - - -
2026-08-08T23:30:14-0400 delete_target starting /{TARGET_LOCATION}/ROOT.20260601T1300 - - -
2026-08-08T23:30:14-0400 delete_target success /{TARGET_LOCATION}/ROOT.20260601T1300 - - -
2026-08-08T23:30:14-0400 delete_target starting /{TARGET_LOCATION}/ROOT.20260601T1330 - - -
2026-08-08T23:30:14-0400 delete_target success /{TARGET_LOCATION}/ROOT.20260601T1330 - - -
2026-08-08T23:30:14-0400 delete_target starting /{TARGET_LOCATION}/ROOT.20260601T1400 - - -
2026-08-08T23:30:14-0400 delete_target success /{TARGET_LOCATION}/ROOT.20260601T1400 - - -
2026-08-08T23:30:14-0400 delete_target starting /{TARGET_LOCATION}/ROOT.20260601T1430 - - -
2026-08-08T23:30:14-0400 delete_target success /{TARGET_LOCATION}/ROOT.20260601T1430 - - -
2026-08-08T23:30:14-0400 delete_target starting /{TARGET_LOCATION}/ROOT.20260601T1500 - - -
2026-08-08T23:30:14-0400 delete_target success /{TARGET_LOCATION}/ROOT.20260601T1500 - - -
2026-08-08T23:30:14-0400 delete_target starting /{TARGET_LOCATION}/ROOT.20260601T1530 - - -
2026-08-08T23:30:14-0400 delete_target success /{TARGET_LOCATION}/ROOT.20260601T1530 - - -
2026-08-08T23:30:14-0400 delete_target starting /{TARGET_LOCATION}/ROOT.20260601T1600 - - -
2026-08-08T23:30:14-0400 delete_target success /{TARGET_LOCATION}/ROOT.20260601T1600 - - -
2026-08-08T23:30:14-0400 delete_target starting /{TARGET_LOCATION}/ROOT.20260601T1630 - - -
2026-08-08T23:30:14-0400 delete_target success /{TARGET_LOCATION}/ROOT.20260601T1630 - - -
2026-08-08T23:30:14-0400 delete_target starting /{TARGET_LOCATION}/ROOT.20260601T1700 - - -
2026-08-08T23:30:14-0400 delete_target success /{TARGET_LOCATION}/ROOT.20260601T1700 - - -
2026-08-08T23:30:14-0400 delete_target starting /{TARGET_LOCATION}/ROOT.20260601T1730 - - -
2026-08-08T23:30:14-0400 delete_target success /{TARGET_LOCATION}/ROOT.20260601T1730 - - -
2026-08-08T23:30:14-0400 delete_target starting /{TARGET_LOCATION}/ROOT.20260601T1800 - - -
2026-08-08T23:30:14-0400 delete_target success /{TARGET_LOCATION}/ROOT.20260601T1800 - - -
2026-08-08T23:30:14-0400 delete_target starting /{TARGET_LOCATION}/ROOT.20260601T1830 - - -
2026-08-08T23:30:14-0400 delete_target success /{TARGET_LOCATION}/ROOT.20260601T1830 - - -
2026-08-08T23:30:14-0400 delete_target starting /{TARGET_LOCATION}/ROOT.20260601T1900 - - -
2026-08-08T23:30:14-0400 delete_target success /{TARGET_LOCATION}/ROOT.20260601T1900 - - -
2026-08-08T23:30:14-0400 delete_target starting /{TARGET_LOCATION}/ROOT.20260601T1930 - - -
2026-08-08T23:30:14-0400 delete_target success /{TARGET_LOCATION}/ROOT.20260601T1930 - - -
2026-08-08T23:30:14-0400 delete_target starting /{TARGET_LOCATION}/ROOT.20260601T2000 - - -
2026-08-08T23:30:14-0400 delete_target success /{TARGET_LOCATION}/ROOT.20260601T2000 - - -
2026-08-08T23:30:14-0400 delete_target starting /{TARGET_LOCATION}/ROOT.20260601T2030 - - -
2026-08-08T23:30:14-0400 delete_target success /{TARGET_LOCATION}/ROOT.20260601T2030 - - -
2026-08-08T23:30:14-0400 delete_target starting /{TARGET_LOCATION}/ROOT.20260601T2100 - - -
2026-08-08T23:30:14-0400 delete_target success /{TARGET_LOCATION}/ROOT.20260601T2100 - - -
2026-08-08T23:30:14-0400 delete_target starting /{TARGET_LOCATION}/ROOT.20260601T2130 - - -
2026-08-08T23:30:14-0400 delete_target success /{TARGET_LOCATION}/ROOT.20260601T2130 - - -
2026-08-08T23:30:14-0400 delete_target starting /{TARGET_LOCATION}/ROOT.20260601T2200 - - -
2026-08-08T23:30:14-0400 delete_target success /{TARGET_LOCATION}/ROOT.20260601T2200 - - -
2026-08-08T23:30:14-0400 delete_target starting /{TARGET_LOCATION}/ROOT.20260601T2230 - - -
2026-08-08T23:30:14-0400 delete_target success /{TARGET_LOCATION}/ROOT.20260601T2230 - - -
2026-08-08T23:30:14-0400 delete_target starting /{TARGET_LOCATION}/ROOT.20260601T2300 - - -
2026-08-08T23:30:14-0400 delete_target success /{TARGET_LOCATION}/ROOT.20260601T2300 - - -
2026-08-08T23:30:14-0400 delete_target starting /{TARGET_LOCATION}/ROOT.20260601T2330 - - -
2026-08-08T23:30:14-0400 delete_target success /{TARGET_LOCATION}/ROOT.20260601T2330 - - -
2026-08-08T23:30:14-0400 delete_target starting /{TARGET_LOCATION}/ROOT.20260602T0000 - - -
2026-08-08T23:30:14-0400 delete_target success /{TARGET_LOCATION}/ROOT.20260602T0000 - - -
2026-08-08T23:30:14-0400 delete_target starting /{TARGET_LOCATION}/ROOT.20260602T0030 - - -
2026-08-08T23:30:14-0400 delete_target success /{TARGET_LOCATION}/ROOT.20260602T0030 - - -
2026-08-08T23:30:14-0400 delete_target starting /{TARGET_LOCATION}/ROOT.20260602T0100 - - -
2026-08-08T23:30:14-0400 delete_target success /{TARGET_LOCATION}/ROOT.20260602T0100 - - -
2026-08-08T23:30:14-0400 delete_target starting /{TARGET_LOCATION}/ROOT.20260602T0130 - - -
2026-08-08T23:30:14-0400 delete_target success /{TARGET_LOCATION}/ROOT.20260602T0130 - - -
2026-08-08T23:30:14-0400 delete_target starting /{TARGET_LOCATION}/ROOT.20260602T0200 - - -
2026-08-08T23:30:14-0400 delete_target success /{TARGET_LOCATION}/ROOT.20260602T0200 - - -
2026-08-08T23:30:14-0400 delete_target starting /{TARGET_LOCATION}/ROOT.20260602T0230 - - -
2026-08-08T23:30:14-0400 delete_target success /{TARGET_LOCATION}/ROOT.20260602T0230 - - -
2026-08-08T23:30:14-0400 delete_target starting /{TARGET_LOCATION}/ROOT.20260602T0300 - - -
2026-08-08T23:30:14-0400 delete_target success /{TARGET_LOCATION}/ROOT.20260602T0300 - - -
2026-08-08T23:30:14-0400 delete_target starting /{TARGET_LOCATION}/ROOT.20260602T0330 - - -
2026-08-08T23:30:14-0400 delete_target success /{TARGET_LOCATION}/ROOT.20260602T0330 - - -
2026-08-08T23:30:14-0400 delete_target starting /{TARGET_LOCATION}/ROOT.20260602T0400 - - -
2026-08-08T23:30:14-0400 delete_target success /{TARGET_LOCATION}/ROOT.20260602T0400 - - -
2026-08-08T23:30:14-0400 delete_target starting /{TARGET_LOCATION}/ROOT.20260602T0430 - - -
2026-08-08T23:30:14-0400 delete_target success /{TARGET_LOCATION}/ROOT.20260602T0430 - - -
2026-08-08T23:30:14-0400 delete_target starting /{TARGET_LOCATION}/ROOT.20260602T0500 - - -
2026-08-08T23:30:14-0400 delete_target success /{TARGET_LOCATION}/ROOT.20260602T0500 - - -
2026-08-08T23:30:14-0400 delete_target starting /{TARGET_LOCATION}/ROOT.20260602T0530 - - -
2026-08-08T23:30:14-0400 delete_target success /{TARGET_LOCATION}/ROOT.20260602T0530 - - -
2026-08-08T23:30:14-0400 delete_target starting /{TARGET_LOCATION}/ROOT.20260602T0600 - - -
2026-08-08T23:30:14-0400 delete_target success /{TARGET_LOCATION}/ROOT.20260602T0600 - - -
2026-08-08T23:30:14-0400 delete_target starting /{TARGET_LOCATION}/ROOT.20260602T0630 - - -
2026-08-08T23:30:14-0400 delete_target success /{TARGET_LOCATION}/ROOT.20260602T0630 - - -
2026-08-08T23:30:14-0400 delete_target starting /{TARGET_LOCATION}/ROOT.20260602T0700 - - -
2026-08-08T23:30:14-0400 delete_target success /{TARGET_LOCATION}/ROOT.20260602T0700 - - -
2026-08-08T23:30:14-0400 delete_target starting /{TARGET_LOCATION}/ROOT.20260602T0730 - - -
2026-08-08T23:30:14-0400 delete_target success /{TARGET_LOCATION}/ROOT.20260602T0730 - - -
2026-08-08T23:30:14-0400 delete_target starting /{TARGET_LOCATION}/ROOT.20260602T0800 - - -
2026-08-08T23:30:14-0400 delete_target success /{TARGET_LOCATION}/ROOT.20260602T0800 - - -
2026-08-08T23:30:14-0400 delete_target starting /{TARGET_LOCATION}/ROOT.20260602T0830 - - -
2026-08-08T23:30:14-0400 delete_target success /{TARGET_LOCATION}/ROOT.20260602T0830 - - -
2026-08-08T23:30:14-0400 delete_target starting /{TARGET_LOCATION}/ROOT.20260602T0900 - - -
2026-08-08T23:30:14-0400 delete_target success /{TARGET_LOCATION}/ROOT.20260602T0900 - - -
2026-08-08T23:30:14-0400 delete_target starting /{TARGET_LOCATION}/ROOT.20260602T0930 - - -
2026-08-08T23:30:14-0400 delete_target success /{TARGET_LOCATION}/ROOT.20260602T0930 - - -
2026-08-08T23:30:14-0400 delete_target starting /{TARGET_LOCATION}/ROOT.20260602T1000 - - -
2026-08-08T23:30:14-0400 delete_target success /{TARGET_LOCATION}/ROOT.20260602T1000 - - -
2026-08-08T23:30:14-0400 delete_target starting /{TARGET_LOCATION}/ROOT.20260602T1030 - - -
2026-08-08T23:30:14-0400 delete_target success /{TARGET_LOCATION}/ROOT.20260602T1030 - - -
2026-08-08T23:30:14-0400 delete_target starting /{TARGET_LOCATION}/ROOT.20260602T1100 - - -
2026-08-08T23:30:15-0400 delete_target success /{TARGET_LOCATION}/ROOT.20260602T1100 - - -
2026-08-08T23:30:15-0400 delete_target starting /{TARGET_LOCATION}/ROOT.20260602T1130 - - -
2026-08-08T23:30:15-0400 delete_target success /{TARGET_LOCATION}/ROOT.20260602T1130 - - -
2026-08-08T23:30:15-0400 delete_target starting /{TARGET_LOCATION}/ROOT.20260602T1200 - - -
2026-08-08T23:30:15-0400 delete_target success /{TARGET_LOCATION}/ROOT.20260602T1200 - - -
2026-08-08T23:30:15-0400 delete_target starting /{TARGET_LOCATION}/ROOT.20260602T1230 - - -
2026-08-08T23:30:15-0400 delete_target success /{TARGET_LOCATION}/ROOT.20260602T1230 - - -
2026-08-08T23:30:15-0400 delete_target starting /{TARGET_LOCATION}/ROOT.20260602T1300 - - -
2026-08-08T23:30:15-0400 delete_target success /{TARGET_LOCATION}/ROOT.20260602T1300 - - -
2026-08-08T23:30:15-0400 delete_target starting /{TARGET_LOCATION}/ROOT.20260602T1330 - - -
2026-08-08T23:30:15-0400 delete_target success /{TARGET_LOCATION}/ROOT.20260602T1330 - - -
2026-08-08T23:30:15-0400 delete_target starting /{TARGET_LOCATION}/ROOT.20260602T1400 - - -
2026-08-08T23:30:15-0400 delete_target success /{TARGET_LOCATION}/ROOT.20260602T1400 - - -
2026-08-08T23:30:15-0400 delete_target starting /{TARGET_LOCATION}/ROOT.20260602T1430 - - -
2026-08-08T23:30:15-0400 delete_target success /{TARGET_LOCATION}/ROOT.20260602T1430 - - -
2026-08-08T23:30:15-0400 delete_target starting /{TARGET_LOCATION}/ROOT.20260602T1500 - - -
2026-08-08T23:30:15-0400 delete_target success /{TARGET_LOCATION}/ROOT.20260602T1500 - - -
2026-08-08T23:30:15-0400 delete_target starting /{TARGET_LOCATION}/ROOT.20260602T1530 - - -
2026-08-08T23:30:15-0400 delete_target success /{TARGET_LOCATION}/ROOT.20260602T1530 - - -
2026-08-08T23:30:15-0400 delete_target starting /{TARGET_LOCATION}/ROOT.20260602T1600 - - -
2026-08-08T23:30:15-0400 delete_target success /{TARGET_LOCATION}/ROOT.20260602T1600 - - -
2026-08-08T23:30:15-0400 delete_target starting /{TARGET_LOCATION}/ROOT.20260602T1630 - - -
2026-08-08T23:30:15-0400 delete_target success /{TARGET_LOCATION}/ROOT.20260602T1630 - - -
2026-08-08T23:30:15-0400 delete_target starting /{TARGET_LOCATION}/ROOT.20260602T1700 - - -
2026-08-08T23:30:15-0400 delete_target success /{TARGET_LOCATION}/ROOT.20260602T1700 - - -
2026-08-08T23:30:15-0400 delete_target starting /{TARGET_LOCATION}/ROOT.20260602T1730 - - -
2026-08-08T23:30:15-0400 delete_target success /{TARGET_LOCATION}/ROOT.20260602T1730 - - -
2026-08-08T23:30:15-0400 delete_target starting /{TARGET_LOCATION}/ROOT.20260602T1800 - - -
2026-08-08T23:30:15-0400 delete_target success /{TARGET_LOCATION}/ROOT.20260602T1800 - - -
2026-08-08T23:30:15-0400 delete_target starting /{TARGET_LOCATION}/ROOT.20260602T1830 - - -
2026-08-08T23:30:15-0400 delete_target success /{TARGET_LOCATION}/ROOT.20260602T1830 - - -
2026-08-08T23:30:15-0400 delete_target starting /{TARGET_LOCATION}/ROOT.20260602T1900 - - -
2026-08-08T23:30:15-0400 delete_target success /{TARGET_LOCATION}/ROOT.20260602T1900 - - -
2026-08-08T23:30:15-0400 delete_target starting /{TARGET_LOCATION}/ROOT.20260602T1930 - - -
2026-08-08T23:30:15-0400 delete_target success /{TARGET_LOCATION}/ROOT.20260602T1930 - - -
2026-08-08T23:30:15-0400 delete_target starting /{TARGET_LOCATION}/ROOT.20260602T2000 - - -
2026-08-08T23:30:15-0400 delete_target success /{TARGET_LOCATION}/ROOT.20260602T2000 - - -
2026-08-08T23:30:15-0400 delete_target starting /{TARGET_LOCATION}/ROOT.20260602T2030 - - -
2026-08-08T23:30:15-0400 delete_target success /{TARGET_LOCATION}/ROOT.20260602T2030 - - -
2026-08-08T23:30:15-0400 delete_target starting /{TARGET_LOCATION}/ROOT.20260602T2100 - - -
2026-08-08T23:30:15-0400 delete_target success /{TARGET_LOCATION}/ROOT.20260602T2100 - - -
2026-08-08T23:30:15-0400 delete_target starting /{TARGET_LOCATION}/ROOT.20260602T2130 - - -
2026-08-08T23:30:15-0400 delete_target success /{TARGET_LOCATION}/ROOT.20260602T2130 - - -
2026-08-08T23:30:15-0400 delete_target starting /{TARGET_LOCATION}/ROOT.20260602T2200 - - -
2026-08-08T23:30:15-0400 delete_target success /{TARGET_LOCATION}/ROOT.20260602T2200 - - -
2026-08-08T23:30:15-0400 delete_target starting /{TARGET_LOCATION}/ROOT.20260602T2230 - - -
2026-08-08T23:30:15-0400 delete_target success /{TARGET_LOCATION}/ROOT.20260602T2230 - - -
2026-08-08T23:30:15-0400 delete_target starting /{TARGET_LOCATION}/ROOT.20260602T2300 - - -
2026-08-08T23:30:15-0400 delete_target success /{TARGET_LOCATION}/ROOT.20260602T2300 - - -
2026-08-08T23:30:15-0400 delete_target starting /{TARGET_LOCATION}/ROOT.20260602T2330 - - -
2026-08-08T23:30:15-0400 delete_target success /{TARGET_LOCATION}/ROOT.20260602T2330 - - -
2026-08-08T23:30:15-0400 delete_target starting /{TARGET_LOCATION}/ROOT.20260603T0000 - - -
2026-08-08T23:30:15-0400 delete_target success /{TARGET_LOCATION}/ROOT.20260603T0000 - - -
2026-08-08T23:30:15-0400 delete_target starting /{TARGET_LOCATION}/ROOT.20260603T0030 - - -
2026-08-08T23:30:15-0400 delete_target success /{TARGET_LOCATION}/ROOT.20260603T0030 - - -
2026-08-08T23:30:15-0400 delete_target starting /{TARGET_LOCATION}/ROOT.20260603T0100 - - -
2026-08-08T23:30:15-0400 delete_target success /{TARGET_LOCATION}/ROOT.20260603T0100 - - -
2026-08-08T23:30:15-0400 delete_target starting /{TARGET_LOCATION}/ROOT.20260603T0130 - - -
2026-08-08T23:30:15-0400 delete_target success /{TARGET_LOCATION}/ROOT.20260603T0130 - - -
2026-08-08T23:30:15-0400 delete_target starting /{TARGET_LOCATION}/ROOT.20260603T0200 - - -
2026-08-08T23:30:15-0400 delete_target success /{TARGET_LOCATION}/ROOT.20260603T0200 - - -
2026-08-08T23:30:15-0400 delete_target starting /{TARGET_LOCATION}/ROOT.20260603T0230 - - -
2026-08-08T23:30:15-0400 delete_target success /{TARGET_LOCATION}/ROOT.20260603T0230 - - -
2026-08-08T23:30:15-0400 delete_target starting /{TARGET_LOCATION}/ROOT.20260603T0300 - - -
2026-08-08T23:30:15-0400 delete_target success /{TARGET_LOCATION}/ROOT.20260603T0300 - - -
2026-08-08T23:30:15-0400 delete_target starting /{TARGET_LOCATION}/ROOT.20260603T0330 - - -
2026-08-08T23:30:15-0400 delete_target success /{TARGET_LOCATION}/ROOT.20260603T0330 - - -
2026-08-08T23:30:15-0400 delete_target starting /{TARGET_LOCATION}/ROOT.20260603T0400 - - -
2026-08-08T23:30:15-0400 delete_target success /{TARGET_LOCATION}/ROOT.20260603T0400 - - -
2026-08-08T23:30:15-0400 delete_target starting /{TARGET_LOCATION}/ROOT.20260603T0430 - - -
2026-08-08T23:30:15-0400 delete_target success /{TARGET_LOCATION}/ROOT.20260603T0430 - - -
2026-08-08T23:30:15-0400 delete_target starting /{TARGET_LOCATION}/ROOT.20260603T0500 - - -
2026-08-08T23:30:15-0400 delete_target success /{TARGET_LOCATION}/ROOT.20260603T0500 - - -
2026-08-08T23:30:15-0400 delete_target starting /{TARGET_LOCATION}/ROOT.20260603T0530 - - -
2026-08-08T23:30:15-0400 delete_target success /{TARGET_LOCATION}/ROOT.20260603T0530 - - -
2026-08-08T23:30:15-0400 delete_target starting /{TARGET_LOCATION}/ROOT.20260603T0600 - - -
2026-08-08T23:30:15-0400 delete_target success /{TARGET_LOCATION}/ROOT.20260603T0600 - - -
2026-08-08T23:30:15-0400 delete_target starting /{TARGET_LOCATION}/ROOT.20260603T0630 - - -
2026-08-08T23:30:15-0400 delete_target success /{TARGET_LOCATION}/ROOT.20260603T0630 - - -
2026-08-08T23:30:15-0400 delete_target starting /{TARGET_LOCATION}/ROOT.20260603T0700 - - -
2026-08-08T23:30:15-0400 delete_target success /{TARGET_LOCATION}/ROOT.20260603T0700 - - -
2026-08-08T23:30:15-0400 delete_target starting /{TARGET_LOCATION}/ROOT.20260603T0730 - - -
2026-08-08T23:30:15-0400 delete_target success /{TARGET_LOCATION}/ROOT.20260603T0730 - - -
2026-08-08T23:30:15-0400 delete_target starting /{TARGET_LOCATION}/ROOT.20260603T0800 - - -
2026-08-08T23:30:15-0400 delete_target success /{TARGET_LOCATION}/ROOT.20260603T0800 - - -
2026-08-08T23:30:15-0400 delete_target starting /{TARGET_LOCATION}/ROOT.20260603T0830 - - -
2026-08-08T23:30:15-0400 delete_target success /{TARGET_LOCATION}/ROOT.20260603T0830 - - -
2026-08-08T23:30:15-0400 delete_target starting /{TARGET_LOCATION}/ROOT.20260603T0900 - - -
2026-08-08T23:30:15-0400 delete_target success /{TARGET_LOCATION}/ROOT.20260603T0900 - - -
2026-08-08T23:30:15-0400 delete_target starting /{TARGET_LOCATION}/ROOT.20260603T0930 - - -
2026-08-08T23:30:15-0400 delete_target success /{TARGET_LOCATION}/ROOT.20260603T0930 - - -
2026-08-08T23:30:15-0400 delete_target starting /{TARGET_LOCATION}/ROOT.20260603T1000 - - -
2026-08-08T23:30:15-0400 delete_target success /{TARGET_LOCATION}/ROOT.20260603T1000 - - -
2026-08-08T23:30:15-0400 delete_target starting /{TARGET_LOCATION}/ROOT.20260603T1030 - - -
2026-08-08T23:30:15-0400 delete_target success /{TARGET_LOCATION}/ROOT.20260603T1030 - - -
2026-08-08T23:30:15-0400 delete_target starting /{TARGET_LOCATION}/ROOT.20260603T1100 - - -
2026-08-08T23:30:15-0400 delete_target success /{TARGET_LOCATION}/ROOT.20260603T1100 - - -
2026-08-08T23:30:15-0400 delete_target starting /{TARGET_LOCATION}/ROOT.20260603T1130 - - -
2026-08-08T23:30:15-0400 delete_target success /{TARGET_LOCATION}/ROOT.20260603T1130 - - -
2026-08-08T23:30:15-0400 delete_target starting /{TARGET_LOCATION}/ROOT.20260603T1200 - - -
2026-08-08T23:30:15-0400 delete_target success /{TARGET_LOCATION}/ROOT.20260603T1200 - - -
2026-08-08T23:30:15-0400 delete_target starting /{TARGET_LOCATION}/ROOT.20260603T1230 - - -
2026-08-08T23:30:15-0400 delete_target success /{TARGET_LOCATION}/ROOT.20260603T1230 - - -
2026-08-08T23:30:15-0400 delete_target starting /{TARGET_LOCATION}/ROOT.20260603T1300 - - -
2026-08-08T23:30:15-0400 delete_target success /{TARGET_LOCATION}/ROOT.20260603T1300 - - -
2026-08-08T23:30:15-0400 delete_target starting /{TARGET_LOCATION}/ROOT.20260603T1330 - - -
2026-08-08T23:30:15-0400 delete_target success /{TARGET_LOCATION}/ROOT.20260603T1330 - - -
2026-08-08T23:30:15-0400 delete_target starting /{TARGET_LOCATION}/ROOT.20260603T1400 - - -
2026-08-08T23:30:15-0400 delete_target success /{TARGET_LOCATION}/ROOT.20260603T1400 - - -
2026-08-08T23:30:15-0400 delete_target starting /{TARGET_LOCATION}/ROOT.20260603T1430 - - -
2026-08-08T23:30:15-0400 delete_target success /{TARGET_LOCATION}/ROOT.20260603T1430 - - -
2026-08-08T23:30:15-0400 delete_target starting /{TARGET_LOCATION}/ROOT.20260603T1500 - - -
2026-08-08T23:30:15-0400 delete_target success /{TARGET_LOCATION}/ROOT.20260603T1500 - - -
2026-08-08T23:30:15-0400 delete_target starting /{TARGET_LOCATION}/ROOT.20260603T1530 - - -
2026-08-08T23:30:15-0400 delete_target success /{TARGET_LOCATION}/ROOT.20260603T1530 - - -
2026-08-08T23:30:15-0400 delete_target starting /{TARGET_LOCATION}/ROOT.20260603T1600 - - -
2026-08-08T23:30:15-0400 delete_target success /{TARGET_LOCATION}/ROOT.20260603T1600 - - -
2026-08-08T23:30:15-0400 delete_target starting /{TARGET_LOCATION}/ROOT.20260603T1630 - - -
2026-08-08T23:30:15-0400 delete_target success /{TARGET_LOCATION}/ROOT.20260603T1630 - - -
2026-08-08T23:30:15-0400 delete_target starting /{TARGET_LOCATION}/ROOT.20260603T1700 - - -
2026-08-08T23:30:15-0400 delete_target success /{TARGET_LOCATION}/ROOT.20260603T1700 - - -
2026-08-08T23:30:15-0400 delete_target starting /{TARGET_LOCATION}/ROOT.20260603T1730 - - -
2026-08-08T23:30:15-0400 delete_target success /{TARGET_LOCATION}/ROOT.20260603T1730 - - -
2026-08-08T23:30:15-0400 delete_target starting /{TARGET_LOCATION}/ROOT.20260603T1800 - - -
2026-08-08T23:30:15-0400 delete_target success /{TARGET_LOCATION}/ROOT.20260603T1800 - - -
2026-08-08T23:30:15-0400 delete_target starting /{TARGET_LOCATION}/ROOT.20260603T1830 - - -
2026-08-08T23:30:15-0400 delete_target success /{TARGET_LOCATION}/ROOT.20260603T1830 - - -
2026-08-08T23:30:15-0400 delete_target starting /{TARGET_LOCATION}/ROOT.20260603T1900 - - -
2026-08-08T23:30:15-0400 delete_target success /{TARGET_LOCATION}/ROOT.20260603T1900 - - -
2026-08-08T23:30:15-0400 delete_target starting /{TARGET_LOCATION}/ROOT.20260603T1930 - - -
2026-08-08T23:30:15-0400 delete_target success /{TARGET_LOCATION}/ROOT.20260603T1930 - - -
2026-08-08T23:30:15-0400 delete_target starting /{TARGET_LOCATION}/ROOT.20260603T2000 - - -
2026-08-08T23:30:15-0400 delete_target success /{TARGET_LOCATION}/ROOT.20260603T2000 - - -
2026-08-08T23:30:15-0400 delete_target starting /{TARGET_LOCATION}/ROOT.20260603T2030 - - -
2026-08-08T23:30:15-0400 delete_target success /{TARGET_LOCATION}/ROOT.20260603T2030 - - -
2026-08-08T23:30:15-0400 delete_target starting /{TARGET_LOCATION}/ROOT.20260603T2100 - - -
2026-08-08T23:30:15-0400 delete_target success /{TARGET_LOCATION}/ROOT.20260603T2100 - - -
2026-08-08T23:30:15-0400 delete_target starting /{TARGET_LOCATION}/ROOT.20260603T2130 - - -
2026-08-08T23:30:15-0400 delete_target success /{TARGET_LOCATION}/ROOT.20260603T2130 - - -
2026-08-08T23:30:15-0400 delete_target starting /{TARGET_LOCATION}/ROOT.20260603T2200 - - -
2026-08-08T23:30:15-0400 delete_target success /{TARGET_LOCATION}/ROOT.20260603T2200 - - -
2026-08-08T23:30:15-0400 delete_target starting /{TARGET_LOCATION}/ROOT.20260603T2230 - - -
2026-08-08T23:30:15-0400 delete_target success /{TARGET_LOCATION}/ROOT.20260603T2230 - - -
2026-08-08T23:30:15-0400 delete_target starting /{TARGET_LOCATION}/ROOT.20260603T2300 - - -
2026-08-08T23:30:15-0400 delete_target success /{TARGET_LOCATION}/ROOT.20260603T2300 - - -
2026-08-08T23:30:15-0400 delete_target starting /{TARGET_LOCATION}/ROOT.20260603T2330 - - -
2026-08-08T23:30:15-0400 delete_target success /{TARGET_LOCATION}/ROOT.20260603T2330 - - -
2026-08-08T23:30:15-0400 delete_target starting /{TARGET_LOCATION}/ROOT.20260604T0000 - - -
2026-08-08T23:30:15-0400 delete_target success /{TARGET_LOCATION}/ROOT.20260604T0000 - - -
2026-08-08T23:30:15-0400 delete_target starting /{TARGET_LOCATION}/ROOT.20260604T0030 - - -
2026-08-08T23:30:15-0400 delete_target success /{TARGET_LOCATION}/ROOT.20260604T0030 - - -
2026-08-08T23:30:15-0400 delete_target starting /{TARGET_LOCATION}/ROOT.20260604T0100 - - -
2026-08-08T23:30:15-0400 delete_target success /{TARGET_LOCATION}/ROOT.20260604T0100 - - -
2026-08-08T23:30:15-0400 delete_target starting /{TARGET_LOCATION}/ROOT.20260604T0130 - - -
2026-08-08T23:30:15-0400 delete_target success /{TARGET_LOCATION}/ROOT.20260604T0130 - - -
2026-08-08T23:30:15-0400 delete_target starting /{TARGET_LOCATION}/ROOT.20260604T0200 - - -
2026-08-08T23:30:15-0400 delete_target success /{TARGET_LOCATION}/ROOT.20260604T0200 - - -
2026-08-08T23:30:15-0400 delete_target starting /{TARGET_LOCATION}/ROOT.20260604T0230 - - -
2026-08-08T23:30:15-0400 delete_target success /{TARGET_LOCATION}/ROOT.20260604T0230 - - -
2026-08-08T23:30:15-0400 delete_target starting /{TARGET_LOCATION}/ROOT.20260604T0300 - - -
2026-08-08T23:30:15-0400 delete_target success /{TARGET_LOCATION}/ROOT.20260604T0300 - - -
2026-08-08T23:30:15-0400 delete_target starting /{TARGET_LOCATION}/ROOT.20260604T0330 - - -
2026-08-08T23:30:15-0400 delete_target success /{TARGET_LOCATION}/ROOT.20260604T0330 - - -
2026-08-08T23:30:15-0400 delete_target starting /{TARGET_LOCATION}/ROOT.20260604T0400 - - -
2026-08-08T23:30:15-0400 delete_target success /{TARGET_LOCATION}/ROOT.20260604T0400 - - -
2026-08-08T23:30:15-0400 delete_target starting /{TARGET_LOCATION}/ROOT.20260604T0430 - - -
2026-08-08T23:30:15-0400 delete_target success /{TARGET_LOCATION}/ROOT.20260604T0430 - - -
2026-08-08T23:30:15-0400 delete_target starting /{TARGET_LOCATION}/ROOT.20260604T0500 - - -
2026-08-08T23:30:15-0400 delete_target success /{TARGET_LOCATION}/ROOT.20260604T0500 - - -
2026-08-08T23:30:15-0400 delete_target starting /{TARGET_LOCATION}/ROOT.20260604T0530 - - -
2026-08-08T23:30:15-0400 delete_target success /{TARGET_LOCATION}/ROOT.20260604T0530 - - -
2026-08-08T23:30:15-0400 delete_target starting /{TARGET_LOCATION}/ROOT.20260604T0600 - - -
2026-08-08T23:30:15-0400 delete_target success /{TARGET_LOCATION}/ROOT.20260604T0600 - - -
2026-08-08T23:30:15-0400 delete_target starting /{TARGET_LOCATION}/ROOT.20260604T0630 - - -
2026-08-08T23:30:15-0400 delete_target success /{TARGET_LOCATION}/ROOT.20260604T0630 - - -
2026-08-08T23:30:15-0400 delete_target starting /{TARGET_LOCATION}/ROOT.20260604T0700 - - -
2026-08-08T23:30:15-0400 delete_target success /{TARGET_LOCATION}/ROOT.20260604T0700 - - -
2026-08-08T23:30:15-0400 delete_target starting /{TARGET_LOCATION}/ROOT.20260604T0730 - - -
2026-08-08T23:30:15-0400 delete_target success /{TARGET_LOCATION}/ROOT.20260604T0730 - - -
2026-08-08T23:30:15-0400 delete_target starting /{TARGET_LOCATION}/ROOT.20260604T0800 - - -
2026-08-08T23:30:15-0400 delete_target success /{TARGET_LOCATION}/ROOT.20260604T0800 - - -
2026-08-08T23:30:15-0400 delete_target starting /{TARGET_LOCATION}/ROOT.20260604T0830 - - -
2026-08-08T23:30:15-0400 delete_target success /{TARGET_LOCATION}/ROOT.20260604T0830 - - -
2026-08-08T23:30:15-0400 delete_target starting /{TARGET_LOCATION}/ROOT.20260604T0900 - - -
2026-08-08T23:30:15-0400 delete_target success /{TARGET_LOCATION}/ROOT.20260604T0900 - - -
2026-08-08T23:30:15-0400 delete_target starting /{TARGET_LOCATION}/ROOT.20260604T0930 - - -
2026-08-08T23:30:15-0400 delete_target success /{TARGET_LOCATION}/ROOT.20260604T0930 - - -
2026-08-08T23:30:15-0400 delete_target starting /{TARGET_LOCATION}/ROOT.20260604T1000 - - -
2026-08-08T23:30:15-0400 delete_target success /{TARGET_LOCATION}/ROOT.20260604T1000 - - -
2026-08-08T23:30:15-0400 delete_target starting /{TARGET_LOCATION}/ROOT.20260604T1030 - - -
2026-08-08T23:30:15-0400 delete_target success /{TARGET_LOCATION}/ROOT.20260604T1030 - - -
2026-08-08T23:30:15-0400 delete_target starting /{TARGET_LOCATION}/ROOT.20260604T1100 - - -
2026-08-08T23:30:15-0400 delete_target success /{TARGET_LOCATION}/ROOT.20260604T1100 - - -
2026-08-08T23:30:15-0400 delete_target starting /{TARGET_LOCATION}/ROOT.20260604T1130 - - -
2026-08-08T23:30:15-0400 delete_target success /{TARGET_LOCATION}/ROOT.20260604T1130 - - -
2026-08-08T23:30:15-0400 delete_target starting /{TARGET_LOCATION}/ROOT.20260604T1200 - - -
2026-08-08T23:30:15-0400 delete_target success /{TARGET_LOCATION}/ROOT.20260604T1200 - - -
2026-08-08T23:30:15-0400 delete_target starting /{TARGET_LOCATION}/ROOT.20260604T1230 - - -
2026-08-08T23:30:15-0400 delete_target success /{TARGET_LOCATION}/ROOT.20260604T1230 - - -
2026-08-08T23:30:15-0400 delete_target starting /{TARGET_LOCATION}/ROOT.20260604T1300 - - -
2026-08-08T23:30:15-0400 delete_target success /{TARGET_LOCATION}/ROOT.20260604T1300 - - -
2026-08-08T23:30:15-0400 delete_target starting /{TARGET_LOCATION}/ROOT.20260604T1330 - - -
2026-08-08T23:30:15-0400 delete_target success /{TARGET_LOCATION}/ROOT.20260604T1330 - - -
2026-08-08T23:30:15-0400 delete_target starting /{TARGET_LOCATION}/ROOT.20260604T1400 - - -
2026-08-08T23:30:15-0400 delete_target success /{TARGET_LOCATION}/ROOT.20260604T1400 - - -
2026-08-08T23:30:15-0400 delete_target starting /{TARGET_LOCATION}/ROOT.20260604T1430 - - -
2026-08-08T23:30:15-0400 delete_target success /{TARGET_LOCATION}/ROOT.20260604T1430 - - -
2026-08-08T23:30:15-0400 delete_target starting /{TARGET_LOCATION}/ROOT.20260604T1500 - - -
2026-08-08T23:30:15-0400 delete_target success /{TARGET_LOCATION}/ROOT.20260604T1500 - - -
2026-08-08T23:30:15-0400 delete_target starting /{TARGET_LOCATION}/ROOT.20260604T1530 - - -
2026-08-08T23:30:15-0400 delete_target success /{TARGET_LOCATION}/ROOT.20260604T1530 - - -
2026-08-08T23:30:15-0400 delete_target starting /{TARGET_LOCATION}/ROOT.20260604T1600 - - -
2026-08-08T23:30:15-0400 delete_target success /{TARGET_LOCATION}/ROOT.20260604T1600 - - -
2026-08-08T23:30:15-0400 delete_target starting /{TARGET_LOCATION}/ROOT.20260604T1630 - - -
2026-08-08T23:30:15-0400 delete_target success /{TARGET_LOCATION}/ROOT.20260604T1630 - - -
2026-08-08T23:30:15-0400 delete_target starting /{TARGET_LOCATION}/ROOT.20260604T1700 - - -
2026-08-08T23:30:15-0400 delete_target success /{TARGET_LOCATION}/ROOT.20260604T1700 - - -
2026-08-08T23:30:15-0400 delete_target starting /{TARGET_LOCATION}/ROOT.20260604T1730 - - -
2026-08-08T23:30:15-0400 delete_target success /{TARGET_LOCATION}/ROOT.20260604T1730 - - -
2026-08-08T23:30:15-0400 delete_target starting /{TARGET_LOCATION}/ROOT.20260604T1800 - - -
2026-08-08T23:30:15-0400 delete_target success /{TARGET_LOCATION}/ROOT.20260604T1800 - - -
2026-08-08T23:30:15-0400 delete_target starting /{TARGET_LOCATION}/ROOT.20260604T1830 - - -
2026-08-08T23:30:15-0400 delete_target success /{TARGET_LOCATION}/ROOT.20260604T1830 - - -
2026-08-08T23:30:15-0400 delete_target starting /{TARGET_LOCATION}/ROOT.20260604T1900 - - -
2026-08-08T23:30:15-0400 delete_target success /{TARGET_LOCATION}/ROOT.20260604T1900 - - -
2026-08-08T23:30:15-0400 delete_target starting /{TARGET_LOCATION}/ROOT.20260604T1930 - - -
2026-08-08T23:30:15-0400 delete_target success /{TARGET_LOCATION}/ROOT.20260604T1930 - - -
2026-08-08T23:30:15-0400 delete_target starting /{TARGET_LOCATION}/ROOT.20260604T2000 - - -
2026-08-08T23:30:15-0400 delete_target success /{TARGET_LOCATION}/ROOT.20260604T2000 - - -
2026-08-08T23:30:15-0400 delete_target starting /{TARGET_LOCATION}/ROOT.20260604T2030 - - -
2026-08-08T23:30:15-0400 delete_target success /{TARGET_LOCATION}/ROOT.20260604T2030 - - -
2026-08-08T23:30:15-0400 delete_target starting /{TARGET_LOCATION}/ROOT.20260604T2100 - - -
2026-08-08T23:30:16-0400 delete_target success /{TARGET_LOCATION}/ROOT.20260604T2100 - - -
2026-08-08T23:30:16-0400 delete_target starting /{TARGET_LOCATION}/ROOT.20260604T2130 - - -
2026-08-08T23:30:16-0400 delete_target success /{TARGET_LOCATION}/ROOT.20260604T2130 - - -
2026-08-08T23:30:16-0400 delete_target starting /{TARGET_LOCATION}/ROOT.20260604T2200 - - -
2026-08-08T23:30:16-0400 delete_target success /{TARGET_LOCATION}/ROOT.20260604T2200 - - -
2026-08-08T23:30:16-0400 delete_target starting /{TARGET_LOCATION}/ROOT.20260604T2230 - - -
2026-08-08T23:30:16-0400 delete_target success /{TARGET_LOCATION}/ROOT.20260604T2230 - - -
2026-08-08T23:30:16-0400 delete_target starting /{TARGET_LOCATION}/ROOT.20260604T2300 - - -
2026-08-08T23:30:16-0400 delete_target success /{TARGET_LOCATION}/ROOT.20260604T2300 - - -
2026-08-08T23:30:16-0400 delete_target starting /{TARGET_LOCATION}/ROOT.20260604T2330 - - -
2026-08-08T23:30:16-0400 delete_target success /{TARGET_LOCATION}/ROOT.20260604T2330 - - -
2026-08-08T23:30:16-0400 delete_target starting /{TARGET_LOCATION}/ROOT.20260605T0000 - - -
2026-08-08T23:30:16-0400 delete_target success /{TARGET_LOCATION}/ROOT.20260605T0000 - - -
2026-08-08T23:30:16-0400 delete_target starting /{TARGET_LOCATION}/ROOT.20260605T0030 - - -
2026-08-08T23:30:16-0400 delete_target success /{TARGET_LOCATION}/ROOT.20260605T0030 - - -
2026-08-08T23:30:16-0400 delete_target starting /{TARGET_LOCATION}/ROOT.20260605T0100 - - -
2026-08-08T23:30:16-0400 delete_target success /{TARGET_LOCATION}/ROOT.20260605T0100 - - -
2026-08-08T23:30:16-0400 delete_target starting /{TARGET_LOCATION}/ROOT.20260605T0130 - - -
2026-08-08T23:30:16-0400 delete_target success /{TARGET_LOCATION}/ROOT.20260605T0130 - - -
2026-08-08T23:30:16-0400 delete_target starting /{TARGET_LOCATION}/ROOT.20260605T0200 - - -
2026-08-08T23:30:16-0400 delete_target success /{TARGET_LOCATION}/ROOT.20260605T0200 - - -
2026-08-08T23:30:16-0400 delete_target starting /{TARGET_LOCATION}/ROOT.20260605T0230 - - -
2026-08-08T23:30:16-0400 delete_target success /{TARGET_LOCATION}/ROOT.20260605T0230 - - -
2026-08-08T23:30:16-0400 delete_target starting /{TARGET_LOCATION}/ROOT.20260605T0300 - - -
2026-08-08T23:30:16-0400 delete_target success /{TARGET_LOCATION}/ROOT.20260605T0300 - - -
2026-08-08T23:30:16-0400 delete_target starting /{TARGET_LOCATION}/ROOT.20260605T0330 - - -
2026-08-08T23:30:16-0400 delete_target success /{TARGET_LOCATION}/ROOT.20260605T0330 - - -
2026-08-08T23:30:16-0400 delete_target starting /{TARGET_LOCATION}/ROOT.20260605T0400 - - -
2026-08-08T23:30:16-0400 delete_target success /{TARGET_LOCATION}/ROOT.20260605T0400 - - -
2026-08-08T23:30:16-0400 delete_target starting /{TARGET_LOCATION}/ROOT.20260605T0430 - - -
2026-08-08T23:30:16-0400 delete_target success /{TARGET_LOCATION}/ROOT.20260605T0430 - - -
2026-08-08T23:30:16-0400 delete_target starting /{TARGET_LOCATION}/ROOT.20260605T0500 - - -
2026-08-08T23:30:16-0400 delete_target success /{TARGET_LOCATION}/ROOT.20260605T0500 - - -
2026-08-08T23:30:16-0400 delete_target starting /{TARGET_LOCATION}/ROOT.20260605T0530 - - -
2026-08-08T23:30:16-0400 delete_target success /{TARGET_LOCATION}/ROOT.20260605T0530 - - -
2026-08-08T23:30:16-0400 delete_target starting /{TARGET_LOCATION}/ROOT.20260605T0600 - - -
2026-08-08T23:30:16-0400 delete_target success /{TARGET_LOCATION}/ROOT.20260605T0600 - - -
2026-08-08T23:30:16-0400 delete_target starting /{TARGET_LOCATION}/ROOT.20260605T0630 - - -
2026-08-08T23:30:16-0400 delete_target success /{TARGET_LOCATION}/ROOT.20260605T0630 - - -
2026-08-08T23:30:16-0400 delete_target starting /{TARGET_LOCATION}/ROOT.20260605T0700 - - -
2026-08-08T23:30:16-0400 delete_target success /{TARGET_LOCATION}/ROOT.20260605T0700 - - -
2026-08-08T23:30:16-0400 delete_target starting /{TARGET_LOCATION}/ROOT.20260605T0730 - - -
2026-08-08T23:30:16-0400 delete_target success /{TARGET_LOCATION}/ROOT.20260605T0730 - - -
2026-08-08T23:30:16-0400 delete_target starting /{TARGET_LOCATION}/ROOT.20260605T0800 - - -
2026-08-08T23:30:16-0400 delete_target success /{TARGET_LOCATION}/ROOT.20260605T0800 - - -
2026-08-08T23:30:16-0400 delete_target starting /{TARGET_LOCATION}/ROOT.20260605T0830 - - -
2026-08-08T23:30:16-0400 delete_target success /{TARGET_LOCATION}/ROOT.20260605T0830 - - -
2026-08-08T23:30:16-0400 delete_target starting /{TARGET_LOCATION}/ROOT.20260605T0900 - - -
2026-08-08T23:30:16-0400 delete_target success /{TARGET_LOCATION}/ROOT.20260605T0900 - - -
2026-08-08T23:30:16-0400 delete_target starting /{TARGET_LOCATION}/ROOT.20260605T0930 - - -
2026-08-08T23:30:16-0400 delete_target success /{TARGET_LOCATION}/ROOT.20260605T0930 - - -
2026-08-08T23:30:16-0400 delete_target starting /{TARGET_LOCATION}/ROOT.20260605T1000 - - -
2026-08-08T23:30:16-0400 delete_target success /{TARGET_LOCATION}/ROOT.20260605T1000 - - -
2026-08-08T23:30:16-0400 delete_target starting /{TARGET_LOCATION}/ROOT.20260605T1030 - - -
2026-08-08T23:30:16-0400 delete_target success /{TARGET_LOCATION}/ROOT.20260605T1030 - - -
2026-08-08T23:30:16-0400 delete_target starting /{TARGET_LOCATION}/ROOT.20260605T1100 - - -
2026-08-08T23:30:16-0400 delete_target success /{TARGET_LOCATION}/ROOT.20260605T1100 - - -
2026-08-08T23:30:16-0400 delete_target starting /{TARGET_LOCATION}/ROOT.20260605T1130 - - -
2026-08-08T23:30:16-0400 delete_target success /{TARGET_LOCATION}/ROOT.20260605T1130 - - -
2026-08-08T23:30:16-0400 delete_target starting /{TARGET_LOCATION}/ROOT.20260605T1200 - - -
2026-08-08T23:30:16-0400 delete_target success /{TARGET_LOCATION}/ROOT.20260605T1200 - - -
2026-08-08T23:30:16-0400 delete_target starting /{TARGET_LOCATION}/ROOT.20260605T1230 - - -
2026-08-08T23:30:16-0400 delete_target success /{TARGET_LOCATION}/ROOT.20260605T1230 - - -
2026-08-08T23:30:16-0400 delete_target starting /{TARGET_LOCATION}/ROOT.20260605T1300 - - -
2026-08-08T23:30:16-0400 delete_target success /{TARGET_LOCATION}/ROOT.20260605T1300 - - -
2026-08-08T23:30:16-0400 delete_target starting /{TARGET_LOCATION}/ROOT.20260605T1330 - - -
2026-08-08T23:30:16-0400 delete_target success /{TARGET_LOCATION}/ROOT.20260605T1330 - - -
2026-08-08T23:30:16-0400 delete_target starting /{TARGET_LOCATION}/ROOT.20260605T1400 - - -
2026-08-08T23:30:16-0400 delete_target success /{TARGET_LOCATION}/ROOT.20260605T1400 - - -
2026-08-08T23:30:16-0400 delete_target starting /{TARGET_LOCATION}/ROOT.20260605T1430 - - -
2026-08-08T23:30:16-0400 delete_target success /{TARGET_LOCATION}/ROOT.20260605T1430 - - -
2026-08-08T23:30:16-0400 delete_target starting /{TARGET_LOCATION}/ROOT.20260605T1500 - - -
2026-08-08T23:30:16-0400 delete_target success /{TARGET_LOCATION}/ROOT.20260605T1500 - - -
2026-08-08T23:30:16-0400 delete_target starting /{TARGET_LOCATION}/ROOT.20260605T1530 - - -
2026-08-08T23:30:16-0400 delete_target success /{TARGET_LOCATION}/ROOT.20260605T1530 - - -
2026-08-08T23:30:16-0400 delete_target starting /{TARGET_LOCATION}/ROOT.20260605T1600 - - -
2026-08-08T23:30:16-0400 delete_target success /{TARGET_LOCATION}/ROOT.20260605T1600 - - -
2026-08-08T23:30:16-0400 delete_target starting /{TARGET_LOCATION}/ROOT.20260605T1630 - - -
2026-08-08T23:30:16-0400 delete_target success /{TARGET_LOCATION}/ROOT.20260605T1630 - - -
2026-08-08T23:30:16-0400 delete_target starting /{TARGET_LOCATION}/ROOT.20260605T1700 - - -
2026-08-08T23:30:16-0400 delete_target success /{TARGET_LOCATION}/ROOT.20260605T1700 - - -
2026-08-08T23:30:16-0400 delete_target starting /{TARGET_LOCATION}/ROOT.20260605T1730 - - -
2026-08-08T23:30:16-0400 delete_target success /{TARGET_LOCATION}/ROOT.20260605T1730 - - -
2026-08-08T23:30:16-0400 delete_target starting /{TARGET_LOCATION}/ROOT.20260605T1800 - - -
2026-08-08T23:30:16-0400 delete_target success /{TARGET_LOCATION}/ROOT.20260605T1800 - - -
2026-08-08T23:30:16-0400 delete_target starting /{TARGET_LOCATION}/ROOT.20260605T1830 - - -
2026-08-08T23:30:16-0400 delete_target success /{TARGET_LOCATION}/ROOT.20260605T1830 - - -
2026-08-08T23:30:16-0400 delete_target starting /{TARGET_LOCATION}/ROOT.20260605T1900 - - -
2026-08-08T23:30:16-0400 delete_target success /{TARGET_LOCATION}/ROOT.20260605T1900 - - -
2026-08-08T23:30:16-0400 delete_target starting /{TARGET_LOCATION}/ROOT.20260605T1930 - - -
2026-08-08T23:30:16-0400 delete_target success /{TARGET_LOCATION}/ROOT.20260605T1930 - - -
2026-08-08T23:30:16-0400 delete_target starting /{TARGET_LOCATION}/ROOT.20260605T2000 - - -
2026-08-08T23:30:16-0400 delete_target success /{TARGET_LOCATION}/ROOT.20260605T2000 - - -
2026-08-08T23:30:16-0400 delete_target starting /{TARGET_LOCATION}/ROOT.20260605T2030 - - -
2026-08-08T23:30:16-0400 delete_target success /{TARGET_LOCATION}/ROOT.20260605T2030 - - -
2026-08-08T23:30:16-0400 delete_target starting /{TARGET_LOCATION}/ROOT.20260605T2100 - - -
2026-08-08T23:30:16-0400 delete_target success /{TARGET_LOCATION}/ROOT.20260605T2100 - - -
2026-08-08T23:30:16-0400 delete_target starting /{TARGET_LOCATION}/ROOT.20260605T2130 - - -
2026-08-08T23:30:16-0400 delete_target success /{TARGET_LOCATION}/ROOT.20260605T2130 - - -
2026-08-08T23:30:16-0400 delete_target starting /{TARGET_LOCATION}/ROOT.20260605T2200 - - -
2026-08-08T23:30:16-0400 delete_target success /{TARGET_LOCATION}/ROOT.20260605T2200 - - -
2026-08-08T23:30:16-0400 delete_target starting /{TARGET_LOCATION}/ROOT.20260605T2230 - - -
2026-08-08T23:30:16-0400 delete_target success /{TARGET_LOCATION}/ROOT.20260605T2230 - - -
2026-08-08T23:30:16-0400 delete_target starting /{TARGET_LOCATION}/ROOT.20260605T2300 - - -
2026-08-08T23:30:16-0400 delete_target success /{TARGET_LOCATION}/ROOT.20260605T2300 - - -
2026-08-08T23:30:16-0400 delete_target starting /{TARGET_LOCATION}/ROOT.20260605T2330 - - -
2026-08-08T23:30:16-0400 delete_target success /{TARGET_LOCATION}/ROOT.20260605T2330 - - -
2026-08-08T23:30:16-0400 delete_target starting /{TARGET_LOCATION}/ROOT.20260606T0000 - - -
2026-08-08T23:30:16-0400 delete_target success /{TARGET_LOCATION}/ROOT.20260606T0000 - - -
2026-08-08T23:30:16-0400 delete_target starting /{TARGET_LOCATION}/ROOT.20260606T0030 - - -
2026-08-08T23:30:16-0400 delete_target success /{TARGET_LOCATION}/ROOT.20260606T0030 - - -
2026-08-08T23:30:16-0400 delete_target starting /{TARGET_LOCATION}/ROOT.20260606T0100 - - -
2026-08-08T23:30:16-0400 delete_target success /{TARGET_LOCATION}/ROOT.20260606T0100 - - -
2026-08-08T23:30:16-0400 delete_target starting /{TARGET_LOCATION}/ROOT.20260606T0130 - - -
2026-08-08T23:30:16-0400 delete_target success /{TARGET_LOCATION}/ROOT.20260606T0130 - - -
2026-08-08T23:30:16-0400 delete_target starting /{TARGET_LOCATION}/ROOT.20260606T0200 - - -
2026-08-08T23:30:16-0400 delete_target success /{TARGET_LOCATION}/ROOT.20260606T0200 - - -
2026-08-08T23:30:16-0400 delete_target starting /{TARGET_LOCATION}/ROOT.20260606T0230 - - -
2026-08-08T23:30:16-0400 delete_target success /{TARGET_LOCATION}/ROOT.20260606T0230 - - -
2026-08-08T23:30:16-0400 delete_target starting /{TARGET_LOCATION}/ROOT.20260606T0300 - - -
2026-08-08T23:30:16-0400 delete_target success /{TARGET_LOCATION}/ROOT.20260606T0300 - - -
2026-08-08T23:30:16-0400 delete_target starting /{TARGET_LOCATION}/ROOT.20260606T0330 - - -
2026-08-08T23:30:16-0400 delete_target success /{TARGET_LOCATION}/ROOT.20260606T0330 - - -
2026-08-08T23:30:16-0400 delete_target starting /{TARGET_LOCATION}/ROOT.20260606T0400 - - -
2026-08-08T23:30:16-0400 delete_target success /{TARGET_LOCATION}/ROOT.20260606T0400 - - -
2026-08-08T23:30:16-0400 delete_target starting /{TARGET_LOCATION}/ROOT.20260606T0430 - - -
2026-08-08T23:30:16-0400 delete_target success /{TARGET_LOCATION}/ROOT.20260606T0430 - - -
2026-08-08T23:30:16-0400 delete_target starting /{TARGET_LOCATION}/ROOT.20260606T0500 - - -
2026-08-08T23:30:16-0400 delete_target success /{TARGET_LOCATION}/ROOT.20260606T0500 - - -
2026-08-08T23:30:16-0400 delete_target starting /{TARGET_LOCATION}/ROOT.20260606T0530 - - -
2026-08-08T23:30:16-0400 delete_target success /{TARGET_LOCATION}/ROOT.20260606T0530 - - -
2026-08-08T23:30:16-0400 delete_target starting /{TARGET_LOCATION}/ROOT.20260606T0600 - - -
2026-08-08T23:30:16-0400 delete_target success /{TARGET_LOCATION}/ROOT.20260606T0600 - - -
2026-08-08T23:30:16-0400 delete_target starting /{TARGET_LOCATION}/ROOT.20260606T0630 - - -
2026-08-08T23:30:16-0400 delete_target success /{TARGET_LOCATION}/ROOT.20260606T0630 - - -
2026-08-08T23:30:16-0400 delete_target starting /{TARGET_LOCATION}/ROOT.20260606T0700 - - -
2026-08-08T23:30:16-0400 delete_target success /{TARGET_LOCATION}/ROOT.20260606T0700 - - -
2026-08-08T23:30:16-0400 delete_target starting /{TARGET_LOCATION}/ROOT.20260606T0730 - - -
2026-08-08T23:30:16-0400 delete_target success /{TARGET_LOCATION}/ROOT.20260606T0730 - - -
2026-08-08T23:30:16-0400 delete_target starting /{TARGET_LOCATION}/ROOT.20260606T0800 - - -
2026-08-08T23:30:16-0400 delete_target success /{TARGET_LOCATION}/ROOT.20260606T0800 - - -
2026-08-08T23:30:16-0400 delete_target starting /{TARGET_LOCATION}/ROOT.20260606T0830 - - -
2026-08-08T23:30:16-0400 delete_target success /{TARGET_LOCATION}/ROOT.20260606T0830 - - -
2026-08-08T23:30:16-0400 delete_target starting /{TARGET_LOCATION}/ROOT.20260606T0900 - - -
2026-08-08T23:30:16-0400 delete_target success /{TARGET_LOCATION}/ROOT.20260606T0900 - - -
2026-08-08T23:30:16-0400 delete_target starting /{TARGET_LOCATION}/ROOT.20260606T0930 - - -
2026-08-08T23:30:16-0400 delete_target success /{TARGET_LOCATION}/ROOT.20260606T0930 - - -
2026-08-08T23:30:16-0400 delete_target starting /{TARGET_LOCATION}/ROOT.20260606T1000 - - -
2026-08-08T23:30:16-0400 delete_target success /{TARGET_LOCATION}/ROOT.20260606T1000 - - -
2026-08-08T23:30:16-0400 delete_target starting /{TARGET_LOCATION}/ROOT.20260606T1030 - - -
2026-08-08T23:30:16-0400 delete_target success /{TARGET_LOCATION}/ROOT.20260606T1030 - - -
2026-08-08T23:30:16-0400 delete_target starting /{TARGET_LOCATION}/ROOT.20260606T1100 - - -
2026-08-08T23:30:16-0400 delete_target success /{TARGET_LOCATION}/ROOT.20260606T1100 - - -
2026-08-08T23:30:16-0400 delete_target starting /{TARGET_LOCATION}/ROOT.20260606T1130 - - -
2026-08-08T23:30:16-0400 delete_target success /{TARGET_LOCATION}/ROOT.20260606T1130 - - -
2026-08-08T23:30:16-0400 delete_target starting /{TARGET_LOCATION}/ROOT.20260606T1200 - - -
2026-08-08T23:30:16-0400 delete_target success /{TARGET_LOCATION}/ROOT.20260606T1200 - - -
2026-08-08T23:30:16-0400 delete_target starting /{TARGET_LOCATION}/ROOT.20260606T1230 - - -
2026-08-08T23:30:16-0400 delete_target success /{TARGET_LOCATION}/ROOT.20260606T1230 - - -
2026-08-08T23:30:16-0400 delete_target starting /{TARGET_LOCATION}/ROOT.20260606T1300 - - -
2026-08-08T23:30:16-0400 delete_target success /{TARGET_LOCATION}/ROOT.20260606T1300 - - -
2026-08-08T23:30:16-0400 delete_target starting /{TARGET_LOCATION}/ROOT.20260606T1330 - - -
2026-08-08T23:30:16-0400 delete_target success /{TARGET_LOCATION}/ROOT.20260606T1330 - - -
2026-08-08T23:30:16-0400 delete_target starting /{TARGET_LOCATION}/ROOT.20260606T1400 - - -
2026-08-08T23:30:16-0400 delete_target success /{TARGET_LOCATION}/ROOT.20260606T1400 - - -
2026-08-08T23:30:16-0400 delete_target starting /{TARGET_LOCATION}/ROOT.20260606T1430 - - -
2026-08-08T23:30:16-0400 delete_target success /{TARGET_LOCATION}/ROOT.20260606T1430 - - -
2026-08-08T23:30:16-0400 delete_target starting /{TARGET_LOCATION}/ROOT.20260606T1500 - - -
2026-08-08T23:30:16-0400 delete_target success /{TARGET_LOCATION}/ROOT.20260606T1500 - - -
2026-08-08T23:30:16-0400 delete_target starting /{TARGET_LOCATION}/ROOT.20260606T1530 - - -
2026-08-08T23:30:16-0400 delete_target success /{TARGET_LOCATION}/ROOT.20260606T1530 - - -
2026-08-08T23:30:16-0400 delete_target starting /{TARGET_LOCATION}/ROOT.20260606T1600 - - -
2026-08-08T23:30:16-0400 delete_target success /{TARGET_LOCATION}/ROOT.20260606T1600 - - -
2026-08-08T23:30:16-0400 delete_target starting /{TARGET_LOCATION}/ROOT.20260606T1630 - - -
2026-08-08T23:30:16-0400 delete_target success /{TARGET_LOCATION}/ROOT.20260606T1630 - - -
2026-08-08T23:30:16-0400 delete_target starting /{TARGET_LOCATION}/ROOT.20260606T1700 - - -
2026-08-08T23:30:16-0400 delete_target success /{TARGET_LOCATION}/ROOT.20260606T1700 - - -
2026-08-08T23:30:16-0400 delete_target starting /{TARGET_LOCATION}/ROOT.20260606T1730 - - -
2026-08-08T23:30:16-0400 delete_target success /{TARGET_LOCATION}/ROOT.20260606T1730 - - -
2026-08-08T23:30:16-0400 delete_target starting /{TARGET_LOCATION}/ROOT.20260606T1800 - - -
2026-08-08T23:30:16-0400 delete_target success /{TARGET_LOCATION}/ROOT.20260606T1800 - - -
2026-08-08T23:30:16-0400 delete_target starting /{TARGET_LOCATION}/ROOT.20260606T1830 - - -
2026-08-08T23:30:16-0400 delete_target success /{TARGET_LOCATION}/ROOT.20260606T1830 - - -
2026-08-08T23:30:16-0400 delete_target starting /{TARGET_LOCATION}/ROOT.20260606T1900 - - -
2026-08-08T23:30:16-0400 delete_target success /{TARGET_LOCATION}/ROOT.20260606T1900 - - -
2026-08-08T23:30:16-0400 delete_target starting /{TARGET_LOCATION}/ROOT.20260606T1930 - - -
2026-08-08T23:30:16-0400 delete_target success /{TARGET_LOCATION}/ROOT.20260606T1930 - - -
2026-08-08T23:30:16-0400 delete_target starting /{TARGET_LOCATION}/ROOT.20260606T2000 - - -
2026-08-08T23:30:16-0400 delete_target success /{TARGET_LOCATION}/ROOT.20260606T2000 - - -
2026-08-08T23:30:16-0400 delete_target starting /{TARGET_LOCATION}/ROOT.20260606T2030 - - -
2026-08-08T23:30:16-0400 delete_target success /{TARGET_LOCATION}/ROOT.20260606T2030 - - -
2026-08-08T23:30:16-0400 delete_target starting /{TARGET_LOCATION}/ROOT.20260606T2100 - - -
2026-08-08T23:30:16-0400 delete_target success /{TARGET_LOCATION}/ROOT.20260606T2100 - - -
2026-08-08T23:30:16-0400 delete_target starting /{TARGET_LOCATION}/ROOT.20260606T2130 - - -
2026-08-08T23:30:16-0400 delete_target success /{TARGET_LOCATION}/ROOT.20260606T2130 - - -
2026-08-08T23:30:16-0400 delete_target starting /{TARGET_LOCATION}/ROOT.20260606T2200 - - -
2026-08-08T23:30:16-0400 delete_target success /{TARGET_LOCATION}/ROOT.20260606T2200 - - -
2026-08-08T23:30:16-0400 delete_target starting /{TARGET_LOCATION}/ROOT.20260606T2230 - - -
2026-08-08T23:30:16-0400 delete_target success /{TARGET_LOCATION}/ROOT.20260606T2230 - - -
2026-08-08T23:30:16-0400 delete_target starting /{TARGET_LOCATION}/ROOT.20260606T2300 - - -
2026-08-08T23:30:16-0400 delete_target success /{TARGET_LOCATION}/ROOT.20260606T2300 - - -
2026-08-08T23:30:16-0400 delete_target starting /{TARGET_LOCATION}/ROOT.20260606T2330 - - -
2026-08-08T23:30:16-0400 delete_target success /{TARGET_LOCATION}/ROOT.20260606T2330 - - -
2026-08-08T23:30:16-0400 delete_target starting /{TARGET_LOCATION}/ROOT.20260607T0030 - - -
2026-08-08T23:30:16-0400 delete_target success /{TARGET_LOCATION}/ROOT.20260607T0030 - - -
2026-08-08T23:30:16-0400 delete_target starting /{TARGET_LOCATION}/ROOT.20260607T0100 - - -
2026-08-08T23:30:16-0400 delete_target success /{TARGET_LOCATION}/ROOT.20260607T0100 - - -
2026-08-08T23:30:16-0400 delete_target starting /{TARGET_LOCATION}/ROOT.20260607T0130 - - -
2026-08-08T23:30:16-0400 delete_target success /{TARGET_LOCATION}/ROOT.20260607T0130 - - -
2026-08-08T23:30:16-0400 delete_target starting /{TARGET_LOCATION}/ROOT.20260607T0200 - - -
2026-08-08T23:30:16-0400 delete_target success /{TARGET_LOCATION}/ROOT.20260607T0200 - - -
2026-08-08T23:30:16-0400 delete_target starting /{TARGET_LOCATION}/ROOT.20260607T0230 - - -
2026-08-08T23:30:16-0400 delete_target success /{TARGET_LOCATION}/ROOT.20260607T0230 - - -
2026-08-08T23:30:16-0400 delete_target starting /{TARGET_LOCATION}/ROOT.20260607T0300 - - -
2026-08-08T23:30:16-0400 delete_target success /{TARGET_LOCATION}/ROOT.20260607T0300 - - -
2026-08-08T23:30:16-0400 delete_target starting /{TARGET_LOCATION}/ROOT.20260607T0330 - - -
2026-08-08T23:30:16-0400 delete_target success /{TARGET_LOCATION}/ROOT.20260607T0330 - - -
2026-08-08T23:30:16-0400 delete_target starting /{TARGET_LOCATION}/ROOT.20260607T0400 - - -
2026-08-08T23:30:16-0400 delete_target success /{TARGET_LOCATION}/ROOT.20260607T0400 - - -
2026-08-08T23:30:16-0400 delete_target starting /{TARGET_LOCATION}/ROOT.20260607T0430 - - -
2026-08-08T23:30:16-0400 delete_target success /{TARGET_LOCATION}/ROOT.20260607T0430 - - -
2026-08-08T23:30:16-0400 delete_target starting /{TARGET_LOCATION}/ROOT.20260607T0500 - - -
2026-08-08T23:30:16-0400 delete_target success /{TARGET_LOCATION}/ROOT.20260607T0500 - - -
2026-08-08T23:30:16-0400 delete_target starting /{TARGET_LOCATION}/ROOT.20260607T0530 - - -
2026-08-08T23:30:16-0400 delete_target success /{TARGET_LOCATION}/ROOT.20260607T0530 - - -
2026-08-08T23:30:16-0400 delete_target starting /{TARGET_LOCATION}/ROOT.20260607T0600 - - -
2026-08-08T23:30:16-0400 delete_target success /{TARGET_LOCATION}/ROOT.20260607T0600 - - -
2026-08-08T23:30:16-0400 delete_target starting /{TARGET_LOCATION}/ROOT.20260607T0630 - - -
2026-08-08T23:30:16-0400 delete_target success /{TARGET_LOCATION}/ROOT.20260607T0630 - - -
2026-08-08T23:30:16-0400 delete_target starting /{TARGET_LOCATION}/ROOT.20260607T0700 - - -
2026-08-08T23:30:16-0400 delete_target success /{TARGET_LOCATION}/ROOT.20260607T0700 - - -
2026-08-08T23:30:16-0400 delete_target starting /{TARGET_LOCATION}/ROOT.20260607T0730 - - -
2026-08-08T23:30:16-0400 delete_target success /{TARGET_LOCATION}/ROOT.20260607T0730 - - -
2026-08-08T23:30:16-0400 delete_target starting /{TARGET_LOCATION}/ROOT.20260607T0800 - - -
2026-08-08T23:30:16-0400 delete_target success /{TARGET_LOCATION}/ROOT.20260607T0800 - - -
2026-08-08T23:30:16-0400 delete_target starting /{TARGET_LOCATION}/ROOT.20260607T0830 - - -
2026-08-08T23:30:16-0400 delete_target success /{TARGET_LOCATION}/ROOT.20260607T0830 - - -
2026-08-08T23:30:16-0400 delete_target starting /{TARGET_LOCATION}/ROOT.20260607T0900 - - -
2026-08-08T23:30:16-0400 delete_target success /{TARGET_LOCATION}/ROOT.20260607T0900 - - -
2026-08-08T23:30:16-0400 delete_target starting /{TARGET_LOCATION}/ROOT.20260607T0930 - - -
2026-08-08T23:30:16-0400 delete_target success /{TARGET_LOCATION}/ROOT.20260607T0930 - - -
2026-08-08T23:30:16-0400 delete_target starting /{TARGET_LOCATION}/ROOT.20260607T1000 - - -
2026-08-08T23:30:17-0400 delete_target success /{TARGET_LOCATION}/ROOT.20260607T1000 - - -
2026-08-08T23:30:17-0400 delete_target starting /{TARGET_LOCATION}/ROOT.20260607T1030 - - -
2026-08-08T23:30:17-0400 delete_target success /{TARGET_LOCATION}/ROOT.20260607T1030 - - -
2026-08-08T23:30:17-0400 delete_target starting /{TARGET_LOCATION}/ROOT.20260607T1100 - - -
2026-08-08T23:30:17-0400 delete_target success /{TARGET_LOCATION}/ROOT.20260607T1100 - - -
2026-08-08T23:30:17-0400 delete_target starting /{TARGET_LOCATION}/ROOT.20260607T1130 - - -
2026-08-08T23:30:17-0400 delete_target success /{TARGET_LOCATION}/ROOT.20260607T1130 - - -
2026-08-08T23:30:17-0400 delete_target starting /{TARGET_LOCATION}/ROOT.20260607T1200 - - -
2026-08-08T23:30:17-0400 delete_target success /{TARGET_LOCATION}/ROOT.20260607T1200 - - -
2026-08-08T23:30:17-0400 delete_target starting /{TARGET_LOCATION}/ROOT.20260607T1230 - - -
2026-08-08T23:30:17-0400 delete_target success /{TARGET_LOCATION}/ROOT.20260607T1230 - - -
2026-08-08T23:30:17-0400 delete_target starting /{TARGET_LOCATION}/ROOT.20260607T1300 - - -
2026-08-08T23:30:17-0400 delete_target success /{TARGET_LOCATION}/ROOT.20260607T1300 - - -
2026-08-08T23:30:17-0400 delete_target starting /{TARGET_LOCATION}/ROOT.20260607T1330 - - -
2026-08-08T23:30:17-0400 delete_target success /{TARGET_LOCATION}/ROOT.20260607T1330 - - -
2026-08-08T23:30:17-0400 delete_target starting /{TARGET_LOCATION}/ROOT.20260607T1400 - - -
2026-08-08T23:30:17-0400 delete_target success /{TARGET_LOCATION}/ROOT.20260607T1400 - - -
2026-08-08T23:30:17-0400 delete_target starting /{TARGET_LOCATION}/ROOT.20260607T1430 - - -
2026-08-08T23:30:17-0400 delete_target success /{TARGET_LOCATION}/ROOT.20260607T1430 - - -
2026-08-08T23:30:17-0400 delete_target starting /{TARGET_LOCATION}/ROOT.20260607T1500 - - -
2026-08-08T23:30:17-0400 delete_target success /{TARGET_LOCATION}/ROOT.20260607T1500 - - -
2026-08-08T23:30:17-0400 delete_target starting /{TARGET_LOCATION}/ROOT.20260607T1530 - - -
2026-08-08T23:30:17-0400 delete_target success /{TARGET_LOCATION}/ROOT.20260607T1530 - - -
2026-08-08T23:30:17-0400 delete_target starting /{TARGET_LOCATION}/ROOT.20260607T1600 - - -
2026-08-08T23:30:17-0400 delete_target success /{TARGET_LOCATION}/ROOT.20260607T1600 - - -
2026-08-08T23:30:17-0400 delete_target starting /{TARGET_LOCATION}/ROOT.20260607T1630 - - -
2026-08-08T23:30:17-0400 delete_target success /{TARGET_LOCATION}/ROOT.20260607T1630 - - -
2026-08-08T23:30:17-0400 delete_target starting /{TARGET_LOCATION}/ROOT.20260607T1700 - - -
2026-08-08T23:30:17-0400 delete_target success /{TARGET_LOCATION}/ROOT.20260607T1700 - - -
2026-08-08T23:30:17-0400 delete_target starting /{TARGET_LOCATION}/ROOT.20260607T1730 - - -
2026-08-08T23:30:17-0400 delete_target success /{TARGET_LOCATION}/ROOT.20260607T1730 - - -
2026-08-08T23:30:17-0400 delete_target starting /{TARGET_LOCATION}/ROOT.20260607T1800 - - -
2026-08-08T23:30:17-0400 delete_target success /{TARGET_LOCATION}/ROOT.20260607T1800 - - -
2026-08-08T23:30:17-0400 delete_target starting /{TARGET_LOCATION}/ROOT.20260607T1830 - - -
2026-08-08T23:30:17-0400 delete_target success /{TARGET_LOCATION}/ROOT.20260607T1830 - - -
2026-08-08T23:30:17-0400 delete_target starting /{TARGET_LOCATION}/ROOT.20260607T1900 - - -
2026-08-08T23:30:17-0400 delete_target success /{TARGET_LOCATION}/ROOT.20260607T1900 - - -
2026-08-08T23:30:17-0400 delete_target starting /{TARGET_LOCATION}/ROOT.20260607T1930 - - -
2026-08-08T23:30:17-0400 delete_target success /{TARGET_LOCATION}/ROOT.20260607T1930 - - -
2026-08-08T23:30:17-0400 delete_target starting /{TARGET_LOCATION}/ROOT.20260607T2000 - - -
2026-08-08T23:30:17-0400 delete_target success /{TARGET_LOCATION}/ROOT.20260607T2000 - - -
2026-08-08T23:30:17-0400 delete_target starting /{TARGET_LOCATION}/ROOT.20260607T2030 - - -
2026-08-08T23:30:17-0400 delete_target success /{TARGET_LOCATION}/ROOT.20260607T2030 - - -
2026-08-08T23:30:17-0400 delete_target starting /{TARGET_LOCATION}/ROOT.20260607T2100 - - -
2026-08-08T23:30:17-0400 delete_target success /{TARGET_LOCATION}/ROOT.20260607T2100 - - -
2026-08-08T23:30:17-0400 delete_target starting /{TARGET_LOCATION}/ROOT.20260607T2130 - - -
2026-08-08T23:30:17-0400 delete_target success /{TARGET_LOCATION}/ROOT.20260607T2130 - - -
2026-08-08T23:30:17-0400 delete_target starting /{TARGET_LOCATION}/ROOT.20260607T2200 - - -
2026-08-08T23:30:17-0400 delete_target success /{TARGET_LOCATION}/ROOT.20260607T2200 - - -
2026-08-08T23:30:17-0400 delete_target starting /{TARGET_LOCATION}/ROOT.20260607T2230 - - -
2026-08-08T23:30:17-0400 delete_target success /{TARGET_LOCATION}/ROOT.20260607T2230 - - -
2026-08-08T23:30:17-0400 delete_target starting /{TARGET_LOCATION}/ROOT.20260607T2300 - - -
2026-08-08T23:30:17-0400 delete_target success /{TARGET_LOCATION}/ROOT.20260607T2300 - - -
2026-08-08T23:30:17-0400 delete_target starting /{TARGET_LOCATION}/ROOT.20260607T2330 - - -
2026-08-08T23:30:17-0400 delete_target success /{TARGET_LOCATION}/ROOT.20260607T2330 - - -
2026-08-08T23:30:17-0400 delete_target starting /{TARGET_LOCATION}/ROOT.20260608T0000 - - -
2026-08-08T23:30:17-0400 delete_target success /{TARGET_LOCATION}/ROOT.20260608T0000 - - -
2026-08-08T23:30:17-0400 delete_target starting /{TARGET_LOCATION}/ROOT.20260608T0030 - - -
2026-08-08T23:30:17-0400 delete_target success /{TARGET_LOCATION}/ROOT.20260608T0030 - - -
2026-08-08T23:30:17-0400 delete_target starting /{TARGET_LOCATION}/ROOT.20260608T0100 - - -
2026-08-08T23:30:17-0400 delete_target success /{TARGET_LOCATION}/ROOT.20260608T0100 - - -
2026-08-08T23:30:17-0400 delete_target starting /{TARGET_LOCATION}/ROOT.20260608T0130 - - -
2026-08-08T23:30:17-0400 delete_target success /{TARGET_LOCATION}/ROOT.20260608T0130 - - -
2026-08-08T23:30:17-0400 delete_target starting /{TARGET_LOCATION}/ROOT.20260608T0200 - - -
2026-08-08T23:30:17-0400 delete_target success /{TARGET_LOCATION}/ROOT.20260608T0200 - - -
2026-08-08T23:30:17-0400 delete_target starting /{TARGET_LOCATION}/ROOT.20260608T0230 - - -
2026-08-08T23:30:17-0400 delete_target success /{TARGET_LOCATION}/ROOT.20260608T0230 - - -
2026-08-08T23:30:17-0400 delete_target starting /{TARGET_LOCATION}/ROOT.20260608T0300 - - -
2026-08-08T23:30:17-0400 delete_target success /{TARGET_LOCATION}/ROOT.20260608T0300 - - -
2026-08-08T23:30:17-0400 delete_target starting /{TARGET_LOCATION}/ROOT.20260608T0330 - - -
2026-08-08T23:30:17-0400 delete_target success /{TARGET_LOCATION}/ROOT.20260608T0330 - - -
2026-08-08T23:30:17-0400 delete_target starting /{TARGET_LOCATION}/ROOT.20260608T0400 - - -
2026-08-08T23:30:17-0400 delete_target success /{TARGET_LOCATION}/ROOT.20260608T0400 - - -
2026-08-08T23:30:17-0400 delete_target starting /{TARGET_LOCATION}/ROOT.20260608T0430 - - -
2026-08-08T23:30:17-0400 delete_target success /{TARGET_LOCATION}/ROOT.20260608T0430 - - -
2026-08-08T23:30:17-0400 delete_target starting /{TARGET_LOCATION}/ROOT.20260608T0500 - - -
2026-08-08T23:30:17-0400 delete_target success /{TARGET_LOCATION}/ROOT.20260608T0500 - - -
2026-08-08T23:30:17-0400 delete_target starting /{TARGET_LOCATION}/ROOT.20260608T0530 - - -
2026-08-08T23:30:17-0400 delete_target success /{TARGET_LOCATION}/ROOT.20260608T0530 - - -
2026-08-08T23:30:17-0400 delete_target starting /{TARGET_LOCATION}/ROOT.20260608T0600 - - -
2026-08-08T23:30:17-0400 delete_target success /{TARGET_LOCATION}/ROOT.20260608T0600 - - -
2026-08-08T23:30:17-0400 delete_target starting /{TARGET_LOCATION}/ROOT.20260608T0630 - - -
2026-08-08T23:30:17-0400 delete_target success /{TARGET_LOCATION}/ROOT.20260608T0630 - - -
2026-08-08T23:30:17-0400 delete_target starting /{TARGET_LOCATION}/ROOT.20260608T0700 - - -
2026-08-08T23:30:17-0400 delete_target success /{TARGET_LOCATION}/ROOT.20260608T0700 - - -
2026-08-08T23:30:17-0400 delete_target starting /{TARGET_LOCATION}/ROOT.20260608T0730 - - -
2026-08-08T23:30:17-0400 delete_target success /{TARGET_LOCATION}/ROOT.20260608T0730 - - -
2026-08-08T23:30:17-0400 delete_target starting /{TARGET_LOCATION}/ROOT.20260608T0800 - - -
2026-08-08T23:30:17-0400 delete_target success /{TARGET_LOCATION}/ROOT.20260608T0800 - - -
2026-08-08T23:30:17-0400 delete_target starting /{TARGET_LOCATION}/ROOT.20260608T0830 - - -
2026-08-08T23:30:17-0400 delete_target success /{TARGET_LOCATION}/ROOT.20260608T0830 - - -
2026-08-08T23:30:17-0400 delete_target starting /{TARGET_LOCATION}/ROOT.20260608T0900 - - -
2026-08-08T23:30:17-0400 delete_target success /{TARGET_LOCATION}/ROOT.20260608T0900 - - -
2026-08-08T23:30:17-0400 delete_target starting /{TARGET_LOCATION}/ROOT.20260608T0930 - - -
2026-08-08T23:30:17-0400 delete_target success /{TARGET_LOCATION}/ROOT.20260608T0930 - - -
2026-08-08T23:30:17-0400 delete_target starting /{TARGET_LOCATION}/ROOT.20260608T1000 - - -
2026-08-08T23:30:17-0400 delete_target success /{TARGET_LOCATION}/ROOT.20260608T1000 - - -
2026-08-08T23:30:17-0400 delete_target starting /{TARGET_LOCATION}/ROOT.20260608T1030 - - -
2026-08-08T23:30:17-0400 delete_target success /{TARGET_LOCATION}/ROOT.20260608T1030 - - -
2026-08-08T23:30:17-0400 delete_target starting /{TARGET_LOCATION}/ROOT.20260608T1100 - - -
2026-08-08T23:30:17-0400 delete_target success /{TARGET_LOCATION}/ROOT.20260608T1100 - - -
2026-08-08T23:30:17-0400 delete_target starting /{TARGET_LOCATION}/ROOT.20260608T1130 - - -
2026-08-08T23:30:17-0400 delete_target success /{TARGET_LOCATION}/ROOT.20260608T1130 - - -
2026-08-08T23:30:17-0400 delete_target starting /{TARGET_LOCATION}/ROOT.20260608T1200 - - -
2026-08-08T23:30:17-0400 delete_target success /{TARGET_LOCATION}/ROOT.20260608T1200 - - -
2026-08-08T23:30:17-0400 delete_target starting /{TARGET_LOCATION}/ROOT.20260608T1230 - - -
2026-08-08T23:30:17-0400 delete_target success /{TARGET_LOCATION}/ROOT.20260608T1230 - - -
2026-08-08T23:30:17-0400 delete_target starting /{TARGET_LOCATION}/ROOT.20260608T1300 - - -
2026-08-08T23:30:17-0400 delete_target success /{TARGET_LOCATION}/ROOT.20260608T1300 - - -
2026-08-08T23:30:17-0400 delete_target starting /{TARGET_LOCATION}/ROOT.20260608T1330 - - -
2026-08-08T23:30:17-0400 delete_target success /{TARGET_LOCATION}/ROOT.20260608T1330 - - -
2026-08-08T23:30:17-0400 delete_target starting /{TARGET_LOCATION}/ROOT.20260608T1400 - - -
2026-08-08T23:30:17-0400 delete_target success /{TARGET_LOCATION}/ROOT.20260608T1400 - - -
2026-08-08T23:30:17-0400 delete_target starting /{TARGET_LOCATION}/ROOT.20260608T1430 - - -
2026-08-08T23:30:17-0400 delete_target success /{TARGET_LOCATION}/ROOT.20260608T1430 - - -
2026-08-08T23:30:17-0400 delete_target starting /{TARGET_LOCATION}/ROOT.20260608T1500 - - -
2026-08-08T23:30:17-0400 delete_target success /{TARGET_LOCATION}/ROOT.20260608T1500 - - -
2026-08-08T23:30:17-0400 delete_target starting /{TARGET_LOCATION}/ROOT.20260608T1530 - - -
2026-08-08T23:30:17-0400 delete_target success /{TARGET_LOCATION}/ROOT.20260608T1530 - - -
2026-08-08T23:30:17-0400 delete_target starting /{TARGET_LOCATION}/ROOT.20260608T1600 - - -
2026-08-08T23:30:17-0400 delete_target success /{TARGET_LOCATION}/ROOT.20260608T1600 - - -
2026-08-08T23:30:17-0400 delete_target starting /{TARGET_LOCATION}/ROOT.20260608T1630 - - -
2026-08-08T23:30:17-0400 delete_target success /{TARGET_LOCATION}/ROOT.20260608T1630 - - -
2026-08-08T23:30:17-0400 delete_target starting /{TARGET_LOCATION}/ROOT.20260608T1700 - - -
2026-08-08T23:30:17-0400 delete_target success /{TARGET_LOCATION}/ROOT.20260608T1700 - - -
2026-08-08T23:30:17-0400 delete_target starting /{TARGET_LOCATION}/ROOT.20260608T1730 - - -
2026-08-08T23:30:17-0400 delete_target success /{TARGET_LOCATION}/ROOT.20260608T1730 - - -
2026-08-08T23:30:17-0400 delete_target starting /{TARGET_LOCATION}/ROOT.20260608T1800 - - -
2026-08-08T23:30:17-0400 delete_target success /{TARGET_LOCATION}/ROOT.20260608T1800 - - -
2026-08-08T23:30:17-0400 delete_target starting /{TARGET_LOCATION}/ROOT.20260608T1830 - - -
2026-08-08T23:30:17-0400 delete_target success /{TARGET_LOCATION}/ROOT.20260608T1830 - - -
2026-08-08T23:30:17-0400 delete_target starting /{TARGET_LOCATION}/ROOT.20260608T1900 - - -
2026-08-08T23:30:17-0400 delete_target success /{TARGET_LOCATION}/ROOT.20260608T1900 - - -
2026-08-08T23:30:17-0400 delete_target starting /{TARGET_LOCATION}/ROOT.20260608T1930 - - -
2026-08-08T23:30:17-0400 delete_target success /{TARGET_LOCATION}/ROOT.20260608T1930 - - -
2026-08-08T23:30:17-0400 delete_target starting /{TARGET_LOCATION}/ROOT.20260608T2000 - - -
2026-08-08T23:30:17-0400 delete_target success /{TARGET_LOCATION}/ROOT.20260608T2000 - - -
2026-08-08T23:30:17-0400 delete_target starting /{TARGET_LOCATION}/ROOT.20260608T2030 - - -
2026-08-08T23:30:17-0400 delete_target success /{TARGET_LOCATION}/ROOT.20260608T2030 - - -
2026-08-08T23:30:17-0400 delete_target starting /{TARGET_LOCATION}/ROOT.20260608T2100 - - -
2026-08-08T23:30:17-0400 delete_target success /{TARGET_LOCATION}/ROOT.20260608T2100 - - -
2026-08-08T23:30:17-0400 delete_target starting /{TARGET_LOCATION}/ROOT.20260608T2130 - - -
2026-08-08T23:30:17-0400 delete_target success /{TARGET_LOCATION}/ROOT.20260608T2130 - - -
2026-08-08T23:30:17-0400 delete_target starting /{TARGET_LOCATION}/ROOT.20260608T2200 - - -
2026-08-08T23:30:17-0400 delete_target success /{TARGET_LOCATION}/ROOT.20260608T2200 - - -
2026-08-08T23:30:17-0400 delete_target starting /{TARGET_LOCATION}/ROOT.20260608T2230 - - -
2026-08-08T23:30:17-0400 delete_target success /{TARGET_LOCATION}/ROOT.20260608T2230 - - -
2026-08-08T23:30:17-0400 delete_target starting /{TARGET_LOCATION}/ROOT.20260608T2300 - - -
2026-08-08T23:30:17-0400 delete_target success /{TARGET_LOCATION}/ROOT.20260608T2300 - - -
2026-08-08T23:30:17-0400 delete_target starting /{TARGET_LOCATION}/ROOT.20260608T2330 - - -
2026-08-08T23:30:17-0400 delete_target success /{TARGET_LOCATION}/ROOT.20260608T2330 - - -
2026-08-08T23:30:17-0400 delete_target starting /{TARGET_LOCATION}/ROOT.20260609T0000 - - -
2026-08-08T23:30:17-0400 delete_target success /{TARGET_LOCATION}/ROOT.20260609T0000 - - -
2026-08-08T23:30:17-0400 delete_target starting /{TARGET_LOCATION}/ROOT.20260609T0030 - - -
2026-08-08T23:30:17-0400 delete_target success /{TARGET_LOCATION}/ROOT.20260609T0030 - - -
2026-08-08T23:30:17-0400 delete_target starting /{TARGET_LOCATION}/ROOT.20260609T0100 - - -
2026-08-08T23:30:17-0400 delete_target success /{TARGET_LOCATION}/ROOT.20260609T0100 - - -
2026-08-08T23:30:17-0400 delete_target starting /{TARGET_LOCATION}/ROOT.20260609T0130 - - -
2026-08-08T23:30:17-0400 delete_target success /{TARGET_LOCATION}/ROOT.20260609T0130 - - -
2026-08-08T23:30:17-0400 delete_target starting /{TARGET_LOCATION}/ROOT.20260609T0200 - - -
2026-08-08T23:30:17-0400 delete_target success /{TARGET_LOCATION}/ROOT.20260609T0200 - - -
2026-08-08T23:30:17-0400 delete_target starting /{TARGET_LOCATION}/ROOT.20260609T0230 - - -
2026-08-08T23:30:17-0400 delete_target success /{TARGET_LOCATION}/ROOT.20260609T0230 - - -
2026-08-08T23:30:17-0400 delete_target starting /{TARGET_LOCATION}/ROOT.20260609T0300 - - -
2026-08-08T23:30:17-0400 delete_target success /{TARGET_LOCATION}/ROOT.20260609T0300 - - -
2026-08-08T23:30:17-0400 delete_target starting /{TARGET_LOCATION}/ROOT.20260609T0330 - - -
2026-08-08T23:30:17-0400 delete_target success /{TARGET_LOCATION}/ROOT.20260609T0330 - - -
2026-08-08T23:30:17-0400 delete_target starting /{TARGET_LOCATION}/ROOT.20260609T0400 - - -
2026-08-08T23:30:17-0400 delete_target success /{TARGET_LOCATION}/ROOT.20260609T0400 - - -
2026-08-08T23:30:17-0400 delete_target starting /{TARGET_LOCATION}/ROOT.20260609T0430 - - -
2026-08-08T23:30:17-0400 delete_target success /{TARGET_LOCATION}/ROOT.20260609T0430 - - -
2026-08-08T23:30:17-0400 delete_target starting /{TARGET_LOCATION}/ROOT.20260609T0500 - - -
2026-08-08T23:30:17-0400 delete_target success /{TARGET_LOCATION}/ROOT.20260609T0500 - - -
2026-08-08T23:30:17-0400 delete_target starting /{TARGET_LOCATION}/ROOT.20260609T0530 - - -
2026-08-08T23:30:17-0400 delete_target success /{TARGET_LOCATION}/ROOT.20260609T0530 - - -
2026-08-08T23:30:17-0400 delete_target starting /{TARGET_LOCATION}/ROOT.20260609T0600 - - -
2026-08-08T23:30:17-0400 delete_target success /{TARGET_LOCATION}/ROOT.20260609T0600 - - -
2026-08-08T23:30:17-0400 delete_target starting /{TARGET_LOCATION}/ROOT.20260609T0630 - - -
2026-08-08T23:30:17-0400 delete_target success /{TARGET_LOCATION}/ROOT.20260609T0630 - - -
2026-08-08T23:30:17-0400 delete_target starting /{TARGET_LOCATION}/ROOT.20260609T0700 - - -
2026-08-08T23:30:17-0400 delete_target success /{TARGET_LOCATION}/ROOT.20260609T0700 - - -
2026-08-08T23:30:17-0400 delete_target starting /{TARGET_LOCATION}/ROOT.20260609T0730 - - -
2026-08-08T23:30:17-0400 delete_target success /{TARGET_LOCATION}/ROOT.20260609T0730 - - -
2026-08-08T23:30:17-0400 delete_target starting /{TARGET_LOCATION}/ROOT.20260609T0800 - - -
2026-08-08T23:30:17-0400 delete_target success /{TARGET_LOCATION}/ROOT.20260609T0800 - - -
2026-08-08T23:30:17-0400 delete_target starting /{TARGET_LOCATION}/ROOT.20260609T0830 - - -
2026-08-08T23:30:17-0400 delete_target success /{TARGET_LOCATION}/ROOT.20260609T0830 - - -
2026-08-08T23:30:17-0400 delete_target starting /{TARGET_LOCATION}/ROOT.20260609T0900 - - -
2026-08-08T23:30:17-0400 delete_target success /{TARGET_LOCATION}/ROOT.20260609T0900 - - -
2026-08-08T23:30:17-0400 delete_target starting /{TARGET_LOCATION}/ROOT.20260609T0930 - - -
2026-08-08T23:30:17-0400 delete_target success /{TARGET_LOCATION}/ROOT.20260609T0930 - - -
2026-08-08T23:30:17-0400 delete_target starting /{TARGET_LOCATION}/ROOT.20260609T1000 - - -
2026-08-08T23:30:17-0400 delete_target success /{TARGET_LOCATION}/ROOT.20260609T1000 - - -
2026-08-08T23:30:17-0400 delete_target starting /{TARGET_LOCATION}/ROOT.20260609T1030 - - -
2026-08-08T23:30:17-0400 delete_target success /{TARGET_LOCATION}/ROOT.20260609T1030 - - -
2026-08-08T23:30:17-0400 delete_target starting /{TARGET_LOCATION}/ROOT.20260609T1100 - - -
2026-08-08T23:30:17-0400 delete_target success /{TARGET_LOCATION}/ROOT.20260609T1100 - - -
2026-08-08T23:30:17-0400 delete_target starting /{TARGET_LOCATION}/ROOT.20260609T1130 - - -
2026-08-08T23:30:17-0400 delete_target success /{TARGET_LOCATION}/ROOT.20260609T1130 - - -
2026-08-08T23:30:17-0400 delete_target starting /{TARGET_LOCATION}/ROOT.20260609T1200 - - -
2026-08-08T23:30:17-0400 delete_target success /{TARGET_LOCATION}/ROOT.20260609T1200 - - -
2026-08-08T23:30:17-0400 delete_target starting /{TARGET_LOCATION}/ROOT.20260609T1230 - - -
2026-08-08T23:30:17-0400 delete_target success /{TARGET_LOCATION}/ROOT.20260609T1230 - - -
2026-08-08T23:30:17-0400 delete_target starting /{TARGET_LOCATION}/ROOT.20260609T1300 - - -
2026-08-08T23:30:17-0400 delete_target success /{TARGET_LOCATION}/ROOT.20260609T1300 - - -
2026-08-08T23:30:17-0400 delete_target starting /{TARGET_LOCATION}/ROOT.20260609T1330 - - -
2026-08-08T23:30:17-0400 delete_target success /{TARGET_LOCATION}/ROOT.20260609T1330 - - -
2026-08-08T23:30:17-0400 delete_target starting /{TARGET_LOCATION}/ROOT.20260609T1400 - - -
2026-08-08T23:30:17-0400 delete_target success /{TARGET_LOCATION}/ROOT.20260609T1400 - - -
2026-08-08T23:30:17-0400 delete_target starting /{TARGET_LOCATION}/ROOT.20260609T1430 - - -
2026-08-08T23:30:17-0400 delete_target success /{TARGET_LOCATION}/ROOT.20260609T1430 - - -
2026-08-08T23:30:17-0400 delete_target starting /{TARGET_LOCATION}/ROOT.20260609T1500 - - -
2026-08-08T23:30:17-0400 delete_target success /{TARGET_LOCATION}/ROOT.20260609T1500 - - -
2026-08-08T23:30:17-0400 delete_target starting /{TARGET_LOCATION}/ROOT.20260609T1530 - - -
2026-08-08T23:30:17-0400 delete_target success /{TARGET_LOCATION}/ROOT.20260609T1530 - - -
2026-08-08T23:30:17-0400 delete_target starting /{TARGET_LOCATION}/ROOT.20260609T1600 - - -
2026-08-08T23:30:17-0400 delete_target success /{TARGET_LOCATION}/ROOT.20260609T1600 - - -
2026-08-08T23:30:17-0400 delete_target starting /{TARGET_LOCATION}/ROOT.20260609T1630 - - -
2026-08-08T23:30:17-0400 delete_target success /{TARGET_LOCATION}/ROOT.20260609T1630 - - -
2026-08-08T23:30:17-0400 delete_target starting /{TARGET_LOCATION}/ROOT.20260609T1700 - - -
2026-08-08T23:30:17-0400 delete_target success /{TARGET_LOCATION}/ROOT.20260609T1700 - - -
2026-08-08T23:30:17-0400 delete_target starting /{TARGET_LOCATION}/ROOT.20260609T1730 - - -
2026-08-08T23:30:17-0400 delete_target success /{TARGET_LOCATION}/ROOT.20260609T1730 - - -
2026-08-08T23:30:17-0400 delete_target starting /{TARGET_LOCATION}/ROOT.20260609T1800 - - -
2026-08-08T23:30:17-0400 delete_target success /{TARGET_LOCATION}/ROOT.20260609T1800 - - -
2026-08-08T23:30:17-0400 delete_target starting /{TARGET_LOCATION}/ROOT.20260609T1830 - - -
2026-08-08T23:30:17-0400 delete_target success /{TARGET_LOCATION}/ROOT.20260609T1830 - - -
2026-08-08T23:30:17-0400 delete_target starting /{TARGET_LOCATION}/ROOT.20260609T1900 - - -
2026-08-08T23:30:17-0400 delete_target success /{TARGET_LOCATION}/ROOT.20260609T1900 - - -
2026-08-08T23:30:17-0400 delete_target starting /{TARGET_LOCATION}/ROOT.20260609T1930 - - -
2026-08-08T23:30:17-0400 delete_target success /{TARGET_LOCATION}/ROOT.20260609T1930 - - -
2026-08-08T23:30:17-0400 delete_target starting /{TARGET_LOCATION}/ROOT.20260609T2000 - - -
2026-08-08T23:30:17-0400 delete_target success /{TARGET_LOCATION}/ROOT.20260609T2000 - - -
2026-08-08T23:30:17-0400 delete_target starting /{TARGET_LOCATION}/ROOT.20260609T2030 - - -
2026-08-08T23:30:17-0400 delete_target success /{TARGET_LOCATION}/ROOT.20260609T2030 - - -
2026-08-08T23:30:17-0400 delete_target starting /{TARGET_LOCATION}/ROOT.20260609T2100 - - -
2026-08-08T23:30:17-0400 delete_target success /{TARGET_LOCATION}/ROOT.20260609T2100 - - -
2026-08-08T23:30:17-0400 delete_target starting /{TARGET_LOCATION}/ROOT.20260609T2130 - - -
2026-08-08T23:30:17-0400 delete_target success /{TARGET_LOCATION}/ROOT.20260609T2130 - - -
2026-08-08T23:30:17-0400 delete_target starting /{TARGET_LOCATION}/ROOT.20260609T2200 - - -
2026-08-08T23:30:17-0400 delete_target success /{TARGET_LOCATION}/ROOT.20260609T2200 - - -
2026-08-08T23:30:17-0400 delete_target starting /{TARGET_LOCATION}/ROOT.20260609T2230 - - -
2026-08-08T23:30:17-0400 delete_target success /{TARGET_LOCATION}/ROOT.20260609T2230 - - -
2026-08-08T23:30:17-0400 delete_target starting /{TARGET_LOCATION}/ROOT.20260609T2300 - - -
2026-08-08T23:30:17-0400 delete_target success /{TARGET_LOCATION}/ROOT.20260609T2300 - - -
2026-08-08T23:30:17-0400 delete_target starting /{TARGET_LOCATION}/ROOT.20260609T2330 - - -
2026-08-08T23:30:17-0400 delete_target success /{TARGET_LOCATION}/ROOT.20260609T2330 - - -
2026-08-08T23:30:17-0400 delete_target starting /{TARGET_LOCATION}/ROOT.20260610T0000 - - -
2026-08-08T23:30:18-0400 delete_target success /{TARGET_LOCATION}/ROOT.20260610T0000 - - -
2026-08-08T23:30:18-0400 delete_target starting /{TARGET_LOCATION}/ROOT.20260610T0030 - - -
2026-08-08T23:30:18-0400 delete_target success /{TARGET_LOCATION}/ROOT.20260610T0030 - - -
2026-08-08T23:30:18-0400 delete_target starting /{TARGET_LOCATION}/ROOT.20260610T0100 - - -
2026-08-08T23:30:18-0400 delete_target success /{TARGET_LOCATION}/ROOT.20260610T0100 - - -
2026-08-08T23:30:18-0400 delete_target starting /{TARGET_LOCATION}/ROOT.20260610T0130 - - -
2026-08-08T23:30:18-0400 delete_target success /{TARGET_LOCATION}/ROOT.20260610T0130 - - -
2026-08-08T23:30:18-0400 delete_target starting /{TARGET_LOCATION}/ROOT.20260610T0200 - - -
2026-08-08T23:30:18-0400 delete_target success /{TARGET_LOCATION}/ROOT.20260610T0200 - - -
2026-08-08T23:30:18-0400 delete_target starting /{TARGET_LOCATION}/ROOT.20260610T0230 - - -
2026-08-08T23:30:18-0400 delete_target success /{TARGET_LOCATION}/ROOT.20260610T0230 - - -
2026-08-08T23:30:18-0400 delete_target starting /{TARGET_LOCATION}/ROOT.20260610T0300 - - -
2026-08-08T23:30:18-0400 delete_target success /{TARGET_LOCATION}/ROOT.20260610T0300 - - -
2026-08-08T23:30:18-0400 delete_target starting /{TARGET_LOCATION}/ROOT.20260610T0330 - - -
2026-08-08T23:30:18-0400 delete_target success /{TARGET_LOCATION}/ROOT.20260610T0330 - - -
2026-08-08T23:30:18-0400 delete_target starting /{TARGET_LOCATION}/ROOT.20260610T0400 - - -
2026-08-08T23:30:18-0400 delete_target success /{TARGET_LOCATION}/ROOT.20260610T0400 - - -
2026-08-08T23:30:18-0400 delete_target starting /{TARGET_LOCATION}/ROOT.20260610T0430 - - -
2026-08-08T23:30:18-0400 delete_target success /{TARGET_LOCATION}/ROOT.20260610T0430 - - -
2026-08-08T23:30:18-0400 delete_target starting /{TARGET_LOCATION}/ROOT.20260610T0500 - - -
2026-08-08T23:30:18-0400 delete_target success /{TARGET_LOCATION}/ROOT.20260610T0500 - - -
2026-08-08T23:30:18-0400 delete_target starting /{TARGET_LOCATION}/ROOT.20260610T0530 - - -
2026-08-08T23:30:18-0400 delete_target success /{TARGET_LOCATION}/ROOT.20260610T0530 - - -
2026-08-08T23:30:18-0400 delete_target starting /{TARGET_LOCATION}/ROOT.20260610T0600 - - -
2026-08-08T23:30:18-0400 delete_target success /{TARGET_LOCATION}/ROOT.20260610T0600 - - -
2026-08-08T23:30:18-0400 delete_target starting /{TARGET_LOCATION}/ROOT.20260610T0630 - - -
2026-08-08T23:30:18-0400 delete_target success /{TARGET_LOCATION}/ROOT.20260610T0630 - - -
2026-08-08T23:30:18-0400 delete_target starting /{TARGET_LOCATION}/ROOT.20260610T0700 - - -
2026-08-08T23:30:18-0400 delete_target success /{TARGET_LOCATION}/ROOT.20260610T0700 - - -
2026-08-08T23:30:18-0400 delete_target starting /{TARGET_LOCATION}/ROOT.20260610T0730 - - -
2026-08-08T23:30:18-0400 delete_target success /{TARGET_LOCATION}/ROOT.20260610T0730 - - -
2026-08-08T23:30:18-0400 delete_target starting /{TARGET_LOCATION}/ROOT.20260610T0800 - - -
2026-08-08T23:30:18-0400 delete_target success /{TARGET_LOCATION}/ROOT.20260610T0800 - - -
2026-08-08T23:30:18-0400 delete_target starting /{TARGET_LOCATION}/ROOT.20260610T0830 - - -
2026-08-08T23:30:18-0400 delete_target success /{TARGET_LOCATION}/ROOT.20260610T0830 - - -
2026-08-08T23:30:18-0400 delete_target starting /{TARGET_LOCATION}/ROOT.20260610T0900 - - -
2026-08-08T23:30:18-0400 delete_target success /{TARGET_LOCATION}/ROOT.20260610T0900 - - -
2026-08-08T23:30:18-0400 delete_target starting /{TARGET_LOCATION}/ROOT.20260610T0930 - - -
2026-08-08T23:30:18-0400 delete_target success /{TARGET_LOCATION}/ROOT.20260610T0930 - - -
2026-08-08T23:30:18-0400 delete_target starting /{TARGET_LOCATION}/ROOT.20260610T1000 - - -
2026-08-08T23:30:18-0400 delete_target success /{TARGET_LOCATION}/ROOT.20260610T1000 - - -
2026-08-08T23:30:18-0400 delete_target starting /{TARGET_LOCATION}/ROOT.20260610T1030 - - -
2026-08-08T23:30:18-0400 delete_target success /{TARGET_LOCATION}/ROOT.20260610T1030 - - -
2026-08-08T23:30:18-0400 delete_target starting /{TARGET_LOCATION}/ROOT.20260610T1100 - - -
2026-08-08T23:30:18-0400 delete_target success /{TARGET_LOCATION}/ROOT.20260610T1100 - - -
2026-08-08T23:30:18-0400 delete_target starting /{TARGET_LOCATION}/ROOT.20260610T1130 - - -
2026-08-08T23:30:18-0400 delete_target success /{TARGET_LOCATION}/ROOT.20260610T1130 - - -
2026-08-08T23:30:18-0400 delete_target starting /{TARGET_LOCATION}/ROOT.20260610T1200 - - -
2026-08-08T23:30:18-0400 delete_target success /{TARGET_LOCATION}/ROOT.20260610T1200 - - -
2026-08-08T23:30:18-0400 delete_target starting /{TARGET_LOCATION}/ROOT.20260610T1230 - - -
2026-08-08T23:30:18-0400 delete_target success /{TARGET_LOCATION}/ROOT.20260610T1230 - - -
2026-08-08T23:30:18-0400 delete_target starting /{TARGET_LOCATION}/ROOT.20260610T1300 - - -
2026-08-08T23:30:18-0400 delete_target success /{TARGET_LOCATION}/ROOT.20260610T1300 - - -
2026-08-08T23:30:18-0400 delete_target starting /{TARGET_LOCATION}/ROOT.20260610T1330 - - -
2026-08-08T23:30:18-0400 delete_target success /{TARGET_LOCATION}/ROOT.20260610T1330 - - -
2026-08-08T23:30:18-0400 delete_target starting /{TARGET_LOCATION}/ROOT.20260610T1400 - - -
2026-08-08T23:30:18-0400 delete_target success /{TARGET_LOCATION}/ROOT.20260610T1400 - - -
2026-08-08T23:30:18-0400 delete_target starting /{TARGET_LOCATION}/ROOT.20260610T1430 - - -
2026-08-08T23:30:18-0400 delete_target success /{TARGET_LOCATION}/ROOT.20260610T1430 - - -
2026-08-08T23:30:18-0400 delete_target starting /{TARGET_LOCATION}/ROOT.20260610T1500 - - -
2026-08-08T23:30:18-0400 delete_target success /{TARGET_LOCATION}/ROOT.20260610T1500 - - -
2026-08-08T23:30:18-0400 delete_target starting /{TARGET_LOCATION}/ROOT.20260610T1530 - - -
2026-08-08T23:30:18-0400 delete_target success /{TARGET_LOCATION}/ROOT.20260610T1530 - - -
2026-08-08T23:30:18-0400 delete_target starting /{TARGET_LOCATION}/ROOT.20260610T1600 - - -
2026-08-08T23:30:18-0400 delete_target success /{TARGET_LOCATION}/ROOT.20260610T1600 - - -
2026-08-08T23:30:18-0400 delete_target starting /{TARGET_LOCATION}/ROOT.20260610T1630 - - -
2026-08-08T23:30:18-0400 delete_target success /{TARGET_LOCATION}/ROOT.20260610T1630 - - -
2026-08-08T23:30:18-0400 delete_target starting /{TARGET_LOCATION}/ROOT.20260610T1700 - - -
2026-08-08T23:30:18-0400 delete_target success /{TARGET_LOCATION}/ROOT.20260610T1700 - - -
2026-08-08T23:30:18-0400 delete_target starting /{TARGET_LOCATION}/ROOT.20260610T1730 - - -
2026-08-08T23:30:18-0400 delete_target success /{TARGET_LOCATION}/ROOT.20260610T1730 - - -
2026-08-08T23:30:18-0400 delete_target starting /{TARGET_LOCATION}/ROOT.20260610T1800 - - -
2026-08-08T23:30:18-0400 delete_target success /{TARGET_LOCATION}/ROOT.20260610T1800 - - -
2026-08-08T23:30:18-0400 delete_target starting /{TARGET_LOCATION}/ROOT.20260610T1830 - - -
2026-08-08T23:30:18-0400 delete_target success /{TARGET_LOCATION}/ROOT.20260610T1830 - - -
2026-08-08T23:30:18-0400 delete_target starting /{TARGET_LOCATION}/ROOT.20260610T1900 - - -
2026-08-08T23:30:18-0400 delete_target success /{TARGET_LOCATION}/ROOT.20260610T1900 - - -
2026-08-08T23:30:18-0400 delete_target starting /{TARGET_LOCATION}/ROOT.20260610T1930 - - -
2026-08-08T23:30:18-0400 delete_target success /{TARGET_LOCATION}/ROOT.20260610T1930 - - -
2026-08-08T23:30:18-0400 delete_target starting /{TARGET_LOCATION}/ROOT.20260610T2000 - - -
2026-08-08T23:30:18-0400 delete_target success /{TARGET_LOCATION}/ROOT.20260610T2000 - - -
2026-08-08T23:30:18-0400 delete_target starting /{TARGET_LOCATION}/ROOT.20260610T2030 - - -
2026-08-08T23:30:18-0400 delete_target success /{TARGET_LOCATION}/ROOT.20260610T2030 - - -
2026-08-08T23:30:18-0400 delete_target starting /{TARGET_LOCATION}/ROOT.20260610T2100 - - -
2026-08-08T23:30:18-0400 delete_target success /{TARGET_LOCATION}/ROOT.20260610T2100 - - -
2026-08-08T23:30:18-0400 delete_target starting /{TARGET_LOCATION}/ROOT.20260610T2130 - - -
2026-08-08T23:30:18-0400 delete_target success /{TARGET_LOCATION}/ROOT.20260610T2130 - - -
2026-08-08T23:30:18-0400 delete_target starting /{TARGET_LOCATION}/ROOT.20260610T2200 - - -
2026-08-08T23:30:18-0400 delete_target success /{TARGET_LOCATION}/ROOT.20260610T2200 - - -
2026-08-08T23:30:18-0400 delete_target starting /{TARGET_LOCATION}/ROOT.20260610T2230 - - -
2026-08-08T23:30:18-0400 delete_target success /{TARGET_LOCATION}/ROOT.20260610T2230 - - -
2026-08-08T23:30:18-0400 delete_target starting /{TARGET_LOCATION}/ROOT.20260610T2300 - - -
2026-08-08T23:30:18-0400 delete_target success /{TARGET_LOCATION}/ROOT.20260610T2300 - - -
2026-08-08T23:30:18-0400 delete_target starting /{TARGET_LOCATION}/ROOT.20260610T2330 - - -
2026-08-08T23:30:18-0400 delete_target success /{TARGET_LOCATION}/ROOT.20260610T2330 - - -
2026-08-08T23:30:18-0400 delete_target starting /{TARGET_LOCATION}/ROOT.20260611T0000 - - -
2026-08-08T23:30:18-0400 delete_target success /{TARGET_LOCATION}/ROOT.20260611T0000 - - -
2026-08-08T23:30:18-0400 delete_target starting /{TARGET_LOCATION}/ROOT.20260611T0030 - - -
2026-08-08T23:30:18-0400 delete_target success /{TARGET_LOCATION}/ROOT.20260611T0030 - - -
2026-08-08T23:30:18-0400 delete_target starting /{TARGET_LOCATION}/ROOT.20260611T0100 - - -
2026-08-08T23:30:18-0400 delete_target success /{TARGET_LOCATION}/ROOT.20260611T0100 - - -
2026-08-08T23:30:18-0400 delete_target starting /{TARGET_LOCATION}/ROOT.20260611T0130 - - -
2026-08-08T23:30:18-0400 delete_target success /{TARGET_LOCATION}/ROOT.20260611T0130 - - -
2026-08-08T23:30:18-0400 delete_target starting /{TARGET_LOCATION}/ROOT.20260611T0200 - - -
2026-08-08T23:30:18-0400 delete_target success /{TARGET_LOCATION}/ROOT.20260611T0200 - - -
2026-08-08T23:30:18-0400 delete_target starting /{TARGET_LOCATION}/ROOT.20260611T0230 - - -
2026-08-08T23:30:18-0400 delete_target success /{TARGET_LOCATION}/ROOT.20260611T0230 - - -
2026-08-08T23:30:18-0400 delete_target starting /{TARGET_LOCATION}/ROOT.20260611T0300 - - -
2026-08-08T23:30:18-0400 delete_target success /{TARGET_LOCATION}/ROOT.20260611T0300 - - -
2026-08-08T23:30:18-0400 delete_target starting /{TARGET_LOCATION}/ROOT.20260611T0330 - - -
2026-08-08T23:30:18-0400 delete_target success /{TARGET_LOCATION}/ROOT.20260611T0330 - - -
2026-08-08T23:30:18-0400 delete_target starting /{TARGET_LOCATION}/ROOT.20260611T0400 - - -
2026-08-08T23:30:18-0400 delete_target success /{TARGET_LOCATION}/ROOT.20260611T0400 - - -
2026-08-08T23:30:18-0400 delete_target starting /{TARGET_LOCATION}/ROOT.20260611T0430 - - -
2026-08-08T23:30:18-0400 delete_target success /{TARGET_LOCATION}/ROOT.20260611T0430 - - -
2026-08-08T23:30:18-0400 delete_target starting /{TARGET_LOCATION}/ROOT.20260611T0500 - - -
2026-08-08T23:30:18-0400 delete_target success /{TARGET_LOCATION}/ROOT.20260611T0500 - - -
2026-08-08T23:30:18-0400 delete_target starting /{TARGET_LOCATION}/ROOT.20260611T0530 - - -
2026-08-08T23:30:18-0400 delete_target success /{TARGET_LOCATION}/ROOT.20260611T0530 - - -
2026-08-08T23:30:18-0400 delete_target starting /{TARGET_LOCATION}/ROOT.20260611T0600 - - -
2026-08-08T23:30:18-0400 delete_target success /{TARGET_LOCATION}/ROOT.20260611T0600 - - -
2026-08-08T23:30:18-0400 delete_target starting /{TARGET_LOCATION}/ROOT.20260611T0630 - - -
2026-08-08T23:30:18-0400 delete_target success /{TARGET_LOCATION}/ROOT.20260611T0630 - - -
2026-08-08T23:30:18-0400 delete_target starting /{TARGET_LOCATION}/ROOT.20260611T0700 - - -
2026-08-08T23:30:18-0400 delete_target success /{TARGET_LOCATION}/ROOT.20260611T0700 - - -
2026-08-08T23:30:18-0400 delete_target starting /{TARGET_LOCATION}/ROOT.20260611T0730 - - -
2026-08-08T23:30:18-0400 delete_target success /{TARGET_LOCATION}/ROOT.20260611T0730 - - -
2026-08-08T23:30:18-0400 delete_target starting /{TARGET_LOCATION}/ROOT.20260611T0800 - - -
2026-08-08T23:30:18-0400 delete_target success /{TARGET_LOCATION}/ROOT.20260611T0800 - - -
2026-08-08T23:30:18-0400 delete_target starting /{TARGET_LOCATION}/ROOT.20260611T0830 - - -
2026-08-08T23:30:18-0400 delete_target success /{TARGET_LOCATION}/ROOT.20260611T0830 - - -
2026-08-08T23:30:18-0400 delete_target starting /{TARGET_LOCATION}/ROOT.20260611T0900 - - -
2026-08-08T23:30:18-0400 delete_target success /{TARGET_LOCATION}/ROOT.20260611T0900 - - -
2026-08-08T23:30:18-0400 delete_target starting /{TARGET_LOCATION}/ROOT.20260611T0930 - - -
2026-08-08T23:30:18-0400 delete_target success /{TARGET_LOCATION}/ROOT.20260611T0930 - - -
2026-08-08T23:30:18-0400 delete_target starting /{TARGET_LOCATION}/ROOT.20260611T1000 - - -
2026-08-08T23:30:18-0400 delete_target success /{TARGET_LOCATION}/ROOT.20260611T1000 - - -
2026-08-08T23:30:18-0400 delete_target starting /{TARGET_LOCATION}/ROOT.20260611T1030 - - -
2026-08-08T23:30:18-0400 delete_target success /{TARGET_LOCATION}/ROOT.20260611T1030 - - -
2026-08-08T23:30:18-0400 delete_target starting /{TARGET_LOCATION}/ROOT.20260611T1100 - - -
2026-08-08T23:30:18-0400 delete_target success /{TARGET_LOCATION}/ROOT.20260611T1100 - - -
2026-08-08T23:30:18-0400 delete_target starting /{TARGET_LOCATION}/ROOT.20260611T1130 - - -
2026-08-08T23:30:18-0400 delete_target success /{TARGET_LOCATION}/ROOT.20260611T1130 - - -
2026-08-08T23:30:18-0400 delete_target starting /{TARGET_LOCATION}/ROOT.20260611T1200 - - -
2026-08-08T23:30:18-0400 delete_target success /{TARGET_LOCATION}/ROOT.20260611T1200 - - -
2026-08-08T23:30:18-0400 delete_target starting /{TARGET_LOCATION}/ROOT.20260611T1230 - - -
2026-08-08T23:30:18-0400 delete_target success /{TARGET_LOCATION}/ROOT.20260611T1230 - - -
2026-08-08T23:30:18-0400 delete_target starting /{TARGET_LOCATION}/ROOT.20260611T1300 - - -
2026-08-08T23:30:18-0400 delete_target success /{TARGET_LOCATION}/ROOT.20260611T1300 - - -
2026-08-08T23:30:18-0400 delete_target starting /{TARGET_LOCATION}/ROOT.20260611T1330 - - -
2026-08-08T23:30:18-0400 delete_target success /{TARGET_LOCATION}/ROOT.20260611T1330 - - -
2026-08-08T23:30:18-0400 delete_target starting /{TARGET_LOCATION}/ROOT.20260611T1400 - - -
2026-08-08T23:30:18-0400 delete_target success /{TARGET_LOCATION}/ROOT.20260611T1400 - - -
2026-08-08T23:30:18-0400 delete_target starting /{TARGET_LOCATION}/ROOT.20260611T1430 - - -
2026-08-08T23:30:18-0400 delete_target success /{TARGET_LOCATION}/ROOT.20260611T1430 - - -
2026-08-08T23:30:18-0400 delete_target starting /{TARGET_LOCATION}/ROOT.20260611T1500 - - -
2026-08-08T23:30:18-0400 delete_target success /{TARGET_LOCATION}/ROOT.20260611T1500 - - -
2026-08-08T23:30:18-0400 delete_target starting /{TARGET_LOCATION}/ROOT.20260611T1530 - - -
2026-08-08T23:30:18-0400 delete_target success /{TARGET_LOCATION}/ROOT.20260611T1530 - - -
2026-08-08T23:30:18-0400 delete_target starting /{TARGET_LOCATION}/ROOT.20260611T1600 - - -
2026-08-08T23:30:18-0400 delete_target success /{TARGET_LOCATION}/ROOT.20260611T1600 - - -
2026-08-08T23:30:18-0400 delete_target starting /{TARGET_LOCATION}/ROOT.20260611T1630 - - -
2026-08-08T23:30:18-0400 delete_target success /{TARGET_LOCATION}/ROOT.20260611T1630 - - -
2026-08-08T23:30:18-0400 delete_target starting /{TARGET_LOCATION}/ROOT.20260611T1700 - - -
2026-08-08T23:30:18-0400 delete_target success /{TARGET_LOCATION}/ROOT.20260611T1700 - - -
2026-08-08T23:30:18-0400 delete_target starting /{TARGET_LOCATION}/ROOT.20260611T1730 - - -
2026-08-08T23:30:18-0400 delete_target success /{TARGET_LOCATION}/ROOT.20260611T1730 - - -
2026-08-08T23:30:18-0400 delete_target starting /{TARGET_LOCATION}/ROOT.20260611T1800 - - -
2026-08-08T23:30:18-0400 delete_target success /{TARGET_LOCATION}/ROOT.20260611T1800 - - -
2026-08-08T23:30:18-0400 delete_target starting /{TARGET_LOCATION}/ROOT.20260611T1830 - - -
2026-08-08T23:30:18-0400 delete_target success /{TARGET_LOCATION}/ROOT.20260611T1830 - - -
2026-08-08T23:30:18-0400 delete_target starting /{TARGET_LOCATION}/ROOT.20260611T1900 - - -
2026-08-08T23:30:18-0400 delete_target success /{TARGET_LOCATION}/ROOT.20260611T1900 - - -
2026-08-08T23:30:18-0400 delete_target starting /{TARGET_LOCATION}/ROOT.20260611T1930 - - -
2026-08-08T23:30:18-0400 delete_target success /{TARGET_LOCATION}/ROOT.20260611T1930 - - -
2026-08-08T23:30:18-0400 delete_target starting /{TARGET_LOCATION}/ROOT.20260611T2000 - - -
2026-08-08T23:30:18-0400 delete_target success /{TARGET_LOCATION}/ROOT.20260611T2000 - - -
2026-08-08T23:30:18-0400 delete_target starting /{TARGET_LOCATION}/ROOT.20260611T2030 - - -
2026-08-08T23:30:18-0400 delete_target success /{TARGET_LOCATION}/ROOT.20260611T2030 - - -
2026-08-08T23:30:18-0400 delete_target starting /{TARGET_LOCATION}/ROOT.20260611T2100 - - -
2026-08-08T23:30:18-0400 delete_target success /{TARGET_LOCATION}/ROOT.20260611T2100 - - -
2026-08-08T23:30:18-0400 delete_target starting /{TARGET_LOCATION}/ROOT.20260611T2130 - - -
2026-08-08T23:30:18-0400 delete_target success /{TARGET_LOCATION}/ROOT.20260611T2130 - - -
2026-08-08T23:30:18-0400 delete_target starting /{TARGET_LOCATION}/ROOT.20260611T2200 - - -
2026-08-08T23:30:18-0400 delete_target success /{TARGET_LOCATION}/ROOT.20260611T2200 - - -
2026-08-08T23:30:18-0400 delete_target starting /{TARGET_LOCATION}/ROOT.20260611T2230 - - -
2026-08-08T23:30:18-0400 delete_target success /{TARGET_LOCATION}/ROOT.20260611T2230 - - -
2026-08-08T23:30:18-0400 delete_target starting /{TARGET_LOCATION}/ROOT.20260611T2300 - - -
2026-08-08T23:30:18-0400 delete_target success /{TARGET_LOCATION}/ROOT.20260611T2300 - - -
2026-08-08T23:30:18-0400 delete_target starting /{TARGET_LOCATION}/ROOT.20260611T2330 - - -
2026-08-08T23:30:18-0400 delete_target success /{TARGET_LOCATION}/ROOT.20260611T2330 - - -
2026-08-08T23:30:18-0400 delete_target starting /{TARGET_LOCATION}/ROOT.20260612T0000 - - -
2026-08-08T23:30:18-0400 delete_target success /{TARGET_LOCATION}/ROOT.20260612T0000 - - -
2026-08-08T23:30:18-0400 delete_target starting /{TARGET_LOCATION}/ROOT.20260612T0030 - - -
2026-08-08T23:30:18-0400 delete_target success /{TARGET_LOCATION}/ROOT.20260612T0030 - - -
2026-08-08T23:30:18-0400 delete_target starting /{TARGET_LOCATION}/ROOT.20260612T0100 - - -
2026-08-08T23:30:18-0400 delete_target success /{TARGET_LOCATION}/ROOT.20260612T0100 - - -
2026-08-08T23:30:18-0400 delete_target starting /{TARGET_LOCATION}/ROOT.20260612T0130 - - -
2026-08-08T23:30:18-0400 delete_target success /{TARGET_LOCATION}/ROOT.20260612T0130 - - -
2026-08-08T23:30:18-0400 delete_target starting /{TARGET_LOCATION}/ROOT.20260612T0200 - - -
2026-08-08T23:30:18-0400 delete_target success /{TARGET_LOCATION}/ROOT.20260612T0200 - - -
2026-08-08T23:30:18-0400 delete_target starting /{TARGET_LOCATION}/ROOT.20260612T0230 - - -
2026-08-08T23:30:18-0400 delete_target success /{TARGET_LOCATION}/ROOT.20260612T0230 - - -
2026-08-08T23:30:18-0400 delete_target starting /{TARGET_LOCATION}/ROOT.20260612T0300 - - -
2026-08-08T23:30:18-0400 delete_target success /{TARGET_LOCATION}/ROOT.20260612T0300 - - -
2026-08-08T23:30:18-0400 delete_target starting /{TARGET_LOCATION}/ROOT.20260612T0330 - - -
2026-08-08T23:30:18-0400 delete_target success /{TARGET_LOCATION}/ROOT.20260612T0330 - - -
2026-08-08T23:30:18-0400 delete_target starting /{TARGET_LOCATION}/ROOT.20260612T0400 - - -
2026-08-08T23:30:18-0400 delete_target success /{TARGET_LOCATION}/ROOT.20260612T0400 - - -
2026-08-08T23:30:18-0400 delete_target starting /{TARGET_LOCATION}/ROOT.20260612T0430 - - -
2026-08-08T23:30:18-0400 delete_target success /{TARGET_LOCATION}/ROOT.20260612T0430 - - -
2026-08-08T23:30:18-0400 delete_target starting /{TARGET_LOCATION}/ROOT.20260612T0500 - - -
2026-08-08T23:30:18-0400 delete_target success /{TARGET_LOCATION}/ROOT.20260612T0500 - - -
2026-08-08T23:30:18-0400 delete_target starting /{TARGET_LOCATION}/ROOT.20260612T0530 - - -
2026-08-08T23:30:18-0400 delete_target success /{TARGET_LOCATION}/ROOT.20260612T0530 - - -
2026-08-08T23:30:18-0400 delete_target starting /{TARGET_LOCATION}/ROOT.20260612T0600 - - -
2026-08-08T23:30:18-0400 delete_target success /{TARGET_LOCATION}/ROOT.20260612T0600 - - -
2026-08-08T23:30:18-0400 delete_target starting /{TARGET_LOCATION}/ROOT.20260612T0630 - - -
2026-08-08T23:30:18-0400 delete_target success /{TARGET_LOCATION}/ROOT.20260612T0630 - - -
2026-08-08T23:30:18-0400 delete_target starting /{TARGET_LOCATION}/ROOT.20260612T0700 - - -
2026-08-08T23:30:18-0400 delete_target success /{TARGET_LOCATION}/ROOT.20260612T0700 - - -
2026-08-08T23:30:18-0400 delete_target starting /{TARGET_LOCATION}/ROOT.20260612T0730 - - -
2026-08-08T23:30:18-0400 delete_target success /{TARGET_LOCATION}/ROOT.20260612T0730 - - -
2026-08-08T23:30:18-0400 delete_target starting /{TARGET_LOCATION}/ROOT.20260612T0800 - - -
2026-08-08T23:30:18-0400 delete_target success /{TARGET_LOCATION}/ROOT.20260612T0800 - - -
2026-08-08T23:30:18-0400 delete_target starting /{TARGET_LOCATION}/ROOT.20260612T0830 - - -
2026-08-08T23:30:18-0400 delete_target success /{TARGET_LOCATION}/ROOT.20260612T0830 - - -
2026-08-08T23:30:18-0400 delete_target starting /{TARGET_LOCATION}/ROOT.20260612T0900 - - -
2026-08-08T23:30:18-0400 delete_target success /{TARGET_LOCATION}/ROOT.20260612T0900 - - -
2026-08-08T23:30:18-0400 delete_target starting /{TARGET_LOCATION}/ROOT.20260612T0930 - - -
2026-08-08T23:30:18-0400 delete_target success /{TARGET_LOCATION}/ROOT.20260612T0930 - - -
2026-08-08T23:30:18-0400 delete_target starting /{TARGET_LOCATION}/ROOT.20260612T1000 - - -
2026-08-08T23:30:18-0400 delete_target success /{TARGET_LOCATION}/ROOT.20260612T1000 - - -
2026-08-08T23:30:18-0400 delete_target starting /{TARGET_LOCATION}/ROOT.20260612T1030 - - -
2026-08-08T23:30:18-0400 delete_target success /{TARGET_LOCATION}/ROOT.20260612T1030 - - -
2026-08-08T23:30:18-0400 delete_target starting /{TARGET_LOCATION}/ROOT.20260612T1100 - - -
2026-08-08T23:30:18-0400 delete_target success /{TARGET_LOCATION}/ROOT.20260612T1100 - - -
2026-08-08T23:30:18-0400 delete_target starting /{TARGET_LOCATION}/ROOT.20260612T1130 - - -
2026-08-08T23:30:18-0400 delete_target success /{TARGET_LOCATION}/ROOT.20260612T1130 - - -
2026-08-08T23:30:18-0400 delete_target starting /{TARGET_LOCATION}/ROOT.20260612T1200 - - -
2026-08-08T23:30:18-0400 delete_target success /{TARGET_LOCATION}/ROOT.20260612T1200 - - -
2026-08-08T23:30:18-0400 delete_target starting /{TARGET_LOCATION}/ROOT.20260612T1230 - - -
2026-08-08T23:30:18-0400 delete_target success /{TARGET_LOCATION}/ROOT.20260612T1230 - - -
2026-08-08T23:30:18-0400 delete_target starting /{TARGET_LOCATION}/ROOT.20260612T1300 - - -
2026-08-08T23:30:18-0400 delete_target success /{TARGET_LOCATION}/ROOT.20260612T1300 - - -
2026-08-08T23:30:18-0400 delete_target starting /{TARGET_LOCATION}/ROOT.20260612T1330 - - -
2026-08-08T23:30:18-0400 delete_target success /{TARGET_LOCATION}/ROOT.20260612T1330 - - -
2026-08-08T23:30:18-0400 delete_target starting /{TARGET_LOCATION}/ROOT.20260612T1400 - - -
2026-08-08T23:30:18-0400 delete_target success /{TARGET_LOCATION}/ROOT.20260612T1400 - - -
2026-08-08T23:30:18-0400 delete_target starting /{TARGET_LOCATION}/ROOT.20260612T1430 - - -
2026-08-08T23:30:18-0400 delete_target success /{TARGET_LOCATION}/ROOT.20260612T1430 - - -
2026-08-08T23:30:18-0400 delete_target starting /{TARGET_LOCATION}/ROOT.20260612T1500 - - -
2026-08-08T23:30:18-0400 delete_target success /{TARGET_LOCATION}/ROOT.20260612T1500 - - -
2026-08-08T23:30:18-0400 delete_target starting /{TARGET_LOCATION}/ROOT.20260612T1530 - - -
2026-08-08T23:30:18-0400 delete_target success /{TARGET_LOCATION}/ROOT.20260612T1530 - - -
2026-08-08T23:30:18-0400 delete_target starting /{TARGET_LOCATION}/ROOT.20260612T1600 - - -
2026-08-08T23:30:18-0400 delete_target success /{TARGET_LOCATION}/ROOT.20260612T1600 - - -
2026-08-08T23:30:18-0400 delete_target starting /{TARGET_LOCATION}/ROOT.20260612T1630 - - -
2026-08-08T23:30:18-0400 delete_target success /{TARGET_LOCATION}/ROOT.20260612T1630 - - -
2026-08-08T23:30:18-0400 delete_target starting /{TARGET_LOCATION}/ROOT.20260612T1700 - - -
2026-08-08T23:30:18-0400 delete_target success /{TARGET_LOCATION}/ROOT.20260612T1700 - - -
2026-08-08T23:30:18-0400 delete_target starting /{TARGET_LOCATION}/ROOT.20260612T1730 - - -
2026-08-08T23:30:18-0400 delete_target success /{TARGET_LOCATION}/ROOT.20260612T1730 - - -
2026-08-08T23:30:18-0400 delete_target starting /{TARGET_LOCATION}/ROOT.20260612T1800 - - -
2026-08-08T23:30:18-0400 delete_target success /{TARGET_LOCATION}/ROOT.20260612T1800 - - -
2026-08-08T23:30:18-0400 delete_target starting /{TARGET_LOCATION}/ROOT.20260612T1830 - - -
2026-08-08T23:30:18-0400 delete_target success /{TARGET_LOCATION}/ROOT.20260612T1830 - - -
2026-08-08T23:30:18-0400 delete_target starting /{TARGET_LOCATION}/ROOT.20260612T1900 - - -
2026-08-08T23:30:18-0400 delete_target success /{TARGET_LOCATION}/ROOT.20260612T1900 - - -
2026-08-08T23:30:18-0400 delete_target starting /{TARGET_LOCATION}/ROOT.20260612T1930 - - -
2026-08-08T23:30:19-0400 delete_target success /{TARGET_LOCATION}/ROOT.20260612T1930 - - -
2026-08-08T23:30:19-0400 delete_target starting /{TARGET_LOCATION}/ROOT.20260612T2000 - - -
2026-08-08T23:30:19-0400 delete_target success /{TARGET_LOCATION}/ROOT.20260612T2000 - - -
2026-08-08T23:30:19-0400 delete_target starting /{TARGET_LOCATION}/ROOT.20260612T2030 - - -
2026-08-08T23:30:19-0400 delete_target success /{TARGET_LOCATION}/ROOT.20260612T2030 - - -
2026-08-08T23:30:19-0400 delete_target starting /{TARGET_LOCATION}/ROOT.20260612T2100 - - -
2026-08-08T23:30:19-0400 delete_target success /{TARGET_LOCATION}/ROOT.20260612T2100 - - -
2026-08-08T23:30:19-0400 delete_target starting /{TARGET_LOCATION}/ROOT.20260612T2130 - - -
2026-08-08T23:30:19-0400 delete_target success /{TARGET_LOCATION}/ROOT.20260612T2130 - - -
2026-08-08T23:30:19-0400 delete_target starting /{TARGET_LOCATION}/ROOT.20260612T2200 - - -
2026-08-08T23:30:19-0400 delete_target success /{TARGET_LOCATION}/ROOT.20260612T2200 - - -
2026-08-08T23:30:19-0400 delete_target starting /{TARGET_LOCATION}/ROOT.20260612T2230 - - -
2026-08-08T23:30:19-0400 delete_target success /{TARGET_LOCATION}/ROOT.20260612T2230 - - -
2026-08-08T23:30:19-0400 delete_target starting /{TARGET_LOCATION}/ROOT.20260612T2300 - - -
2026-08-08T23:30:19-0400 delete_target success /{TARGET_LOCATION}/ROOT.20260612T2300 - - -
2026-08-08T23:30:19-0400 delete_target starting /{TARGET_LOCATION}/ROOT.20260612T2330 - - -
2026-08-08T23:30:19-0400 delete_target success /{TARGET_LOCATION}/ROOT.20260612T2330 - - -
2026-08-08T23:30:19-0400 delete_target starting /{TARGET_LOCATION}/ROOT.20260613T0000 - - -
2026-08-08T23:30:19-0400 delete_target success /{TARGET_LOCATION}/ROOT.20260613T0000 - - -
2026-08-08T23:30:19-0400 delete_target starting /{TARGET_LOCATION}/ROOT.20260613T0030 - - -
2026-08-08T23:30:19-0400 delete_target success /{TARGET_LOCATION}/ROOT.20260613T0030 - - -
2026-08-08T23:30:19-0400 delete_target starting /{TARGET_LOCATION}/ROOT.20260613T0100 - - -
2026-08-08T23:30:19-0400 delete_target success /{TARGET_LOCATION}/ROOT.20260613T0100 - - -
2026-08-08T23:30:19-0400 delete_target starting /{TARGET_LOCATION}/ROOT.20260613T0130 - - -
2026-08-08T23:30:19-0400 delete_target success /{TARGET_LOCATION}/ROOT.20260613T0130 - - -
2026-08-08T23:30:19-0400 delete_target starting /{TARGET_LOCATION}/ROOT.20260613T0200 - - -
2026-08-08T23:30:19-0400 delete_target success /{TARGET_LOCATION}/ROOT.20260613T0200 - - -
2026-08-08T23:30:19-0400 delete_target starting /{TARGET_LOCATION}/ROOT.20260613T0230 - - -
2026-08-08T23:30:19-0400 delete_target success /{TARGET_LOCATION}/ROOT.20260613T0230 - - -
2026-08-08T23:30:19-0400 delete_target starting /{TARGET_LOCATION}/ROOT.20260613T0300 - - -
2026-08-08T23:30:19-0400 delete_target success /{TARGET_LOCATION}/ROOT.20260613T0300 - - -
2026-08-08T23:30:19-0400 delete_target starting /{TARGET_LOCATION}/ROOT.20260613T0330 - - -
2026-08-08T23:30:19-0400 delete_target success /{TARGET_LOCATION}/ROOT.20260613T0330 - - -
2026-08-08T23:30:19-0400 delete_target starting /{TARGET_LOCATION}/ROOT.20260613T0400 - - -
2026-08-08T23:30:19-0400 delete_target success /{TARGET_LOCATION}/ROOT.20260613T0400 - - -
2026-08-08T23:30:19-0400 delete_target starting /{TARGET_LOCATION}/ROOT.20260613T0430 - - -
2026-08-08T23:30:19-0400 delete_target success /{TARGET_LOCATION}/ROOT.20260613T0430 - - -
2026-08-08T23:30:19-0400 delete_target starting /{TARGET_LOCATION}/ROOT.20260613T0500 - - -
2026-08-08T23:30:19-0400 delete_target success /{TARGET_LOCATION}/ROOT.20260613T0500 - - -
2026-08-08T23:30:19-0400 delete_target starting /{TARGET_LOCATION}/ROOT.20260613T0530 - - -
2026-08-08T23:30:19-0400 delete_target success /{TARGET_LOCATION}/ROOT.20260613T0530 - - -
2026-08-08T23:30:19-0400 delete_target starting /{TARGET_LOCATION}/ROOT.20260613T0600 - - -
2026-08-08T23:30:19-0400 delete_target success /{TARGET_LOCATION}/ROOT.20260613T0600 - - -
2026-08-08T23:30:19-0400 delete_target starting /{TARGET_LOCATION}/ROOT.20260613T0630 - - -
2026-08-08T23:30:19-0400 delete_target success /{TARGET_LOCATION}/ROOT.20260613T0630 - - -
2026-08-08T23:30:19-0400 delete_target starting /{TARGET_LOCATION}/ROOT.20260613T0700 - - -
2026-08-08T23:30:19-0400 delete_target success /{TARGET_LOCATION}/ROOT.20260613T0700 - - -
2026-08-08T23:30:19-0400 delete_target starting /{TARGET_LOCATION}/ROOT.20260613T0730 - - -
2026-08-08T23:30:19-0400 delete_target success /{TARGET_LOCATION}/ROOT.20260613T0730 - - -
2026-08-08T23:30:19-0400 delete_target starting /{TARGET_LOCATION}/ROOT.20260613T0800 - - -
2026-08-08T23:30:19-0400 delete_target success /{TARGET_LOCATION}/ROOT.20260613T0800 - - -
2026-08-08T23:30:19-0400 delete_target starting /{TARGET_LOCATION}/ROOT.20260613T0830 - - -
2026-08-08T23:30:19-0400 delete_target success /{TARGET_LOCATION}/ROOT.20260613T0830 - - -
2026-08-08T23:30:19-0400 delete_target starting /{TARGET_LOCATION}/ROOT.20260613T0900 - - -
2026-08-08T23:30:19-0400 delete_target success /{TARGET_LOCATION}/ROOT.20260613T0900 - - -
2026-08-08T23:30:19-0400 delete_target starting /{TARGET_LOCATION}/ROOT.20260613T0930 - - -
2026-08-08T23:30:19-0400 delete_target success /{TARGET_LOCATION}/ROOT.20260613T0930 - - -
2026-08-08T23:30:19-0400 delete_target starting /{TARGET_LOCATION}/ROOT.20260613T1000 - - -
2026-08-08T23:30:19-0400 delete_target success /{TARGET_LOCATION}/ROOT.20260613T1000 - - -
2026-08-08T23:30:19-0400 delete_target starting /{TARGET_LOCATION}/ROOT.20260613T1030 - - -
2026-08-08T23:30:19-0400 delete_target success /{TARGET_LOCATION}/ROOT.20260613T1030 - - -
2026-08-08T23:30:19-0400 delete_target starting /{TARGET_LOCATION}/ROOT.20260613T1100 - - -
2026-08-08T23:30:19-0400 delete_target success /{TARGET_LOCATION}/ROOT.20260613T1100 - - -
2026-08-08T23:30:19-0400 delete_target starting /{TARGET_LOCATION}/ROOT.20260613T1130 - - -
2026-08-08T23:30:19-0400 delete_target success /{TARGET_LOCATION}/ROOT.20260613T1130 - - -
2026-08-08T23:30:19-0400 delete_target starting /{TARGET_LOCATION}/ROOT.20260613T1200 - - -
2026-08-08T23:30:19-0400 delete_target success /{TARGET_LOCATION}/ROOT.20260613T1200 - - -
2026-08-08T23:30:19-0400 delete_target starting /{TARGET_LOCATION}/ROOT.20260613T1230 - - -
2026-08-08T23:30:19-0400 delete_target success /{TARGET_LOCATION}/ROOT.20260613T1230 - - -
2026-08-08T23:30:19-0400 delete_target starting /{TARGET_LOCATION}/ROOT.20260613T1300 - - -
2026-08-08T23:30:19-0400 delete_target success /{TARGET_LOCATION}/ROOT.20260613T1300 - - -
2026-08-08T23:30:19-0400 delete_target starting /{TARGET_LOCATION}/ROOT.20260613T1330 - - -
2026-08-08T23:30:19-0400 delete_target success /{TARGET_LOCATION}/ROOT.20260613T1330 - - -
2026-08-08T23:30:19-0400 delete_target starting /{TARGET_LOCATION}/ROOT.20260613T1400 - - -
2026-08-08T23:30:19-0400 delete_target success /{TARGET_LOCATION}/ROOT.20260613T1400 - - -
2026-08-08T23:30:19-0400 delete_target starting /{TARGET_LOCATION}/ROOT.20260613T1430 - - -
2026-08-08T23:30:19-0400 delete_target success /{TARGET_LOCATION}/ROOT.20260613T1430 - - -
2026-08-08T23:30:19-0400 delete_target starting /{TARGET_LOCATION}/ROOT.20260613T1500 - - -
2026-08-08T23:30:19-0400 delete_target success /{TARGET_LOCATION}/ROOT.20260613T1500 - - -
2026-08-08T23:30:19-0400 delete_target starting /{TARGET_LOCATION}/ROOT.20260613T1530 - - -
2026-08-08T23:30:19-0400 delete_target success /{TARGET_LOCATION}/ROOT.20260613T1530 - - -
2026-08-08T23:30:19-0400 delete_target starting /{TARGET_LOCATION}/ROOT.20260613T1600 - - -
2026-08-08T23:30:19-0400 delete_target success /{TARGET_LOCATION}/ROOT.20260613T1600 - - -
2026-08-08T23:30:19-0400 delete_target starting /{TARGET_LOCATION}/ROOT.20260613T1630 - - -
2026-08-08T23:30:19-0400 delete_target success /{TARGET_LOCATION}/ROOT.20260613T1630 - - -
2026-08-08T23:30:19-0400 delete_target starting /{TARGET_LOCATION}/ROOT.20260613T1700 - - -
2026-08-08T23:30:19-0400 delete_target success /{TARGET_LOCATION}/ROOT.20260613T1700 - - -
2026-08-08T23:30:19-0400 delete_target starting /{TARGET_LOCATION}/ROOT.20260613T1730 - - -
2026-08-08T23:30:19-0400 delete_target success /{TARGET_LOCATION}/ROOT.20260613T1730 - - -
2026-08-08T23:30:19-0400 delete_target starting /{TARGET_LOCATION}/ROOT.20260613T1800 - - -
2026-08-08T23:30:19-0400 delete_target success /{TARGET_LOCATION}/ROOT.20260613T1800 - - -
2026-08-08T23:30:19-0400 delete_target starting /{TARGET_LOCATION}/ROOT.20260613T1830 - - -
2026-08-08T23:30:19-0400 delete_target success /{TARGET_LOCATION}/ROOT.20260613T1830 - - -
2026-08-08T23:30:19-0400 delete_target starting /{TARGET_LOCATION}/ROOT.20260613T1900 - - -
2026-08-08T23:30:19-0400 delete_target success /{TARGET_LOCATION}/ROOT.20260613T1900 - - -
2026-08-08T23:30:19-0400 delete_target starting /{TARGET_LOCATION}/ROOT.20260613T1930 - - -
2026-08-08T23:30:19-0400 delete_target success /{TARGET_LOCATION}/ROOT.20260613T1930 - - -
2026-08-08T23:30:19-0400 delete_target starting /{TARGET_LOCATION}/ROOT.20260613T2000 - - -
2026-08-08T23:30:19-0400 delete_target success /{TARGET_LOCATION}/ROOT.20260613T2000 - - -
2026-08-08T23:30:19-0400 delete_target starting /{TARGET_LOCATION}/ROOT.20260613T2030 - - -
2026-08-08T23:30:19-0400 delete_target success /{TARGET_LOCATION}/ROOT.20260613T2030 - - -
2026-08-08T23:30:19-0400 delete_target starting /{TARGET_LOCATION}/ROOT.20260613T2100 - - -
2026-08-08T23:30:19-0400 delete_target success /{TARGET_LOCATION}/ROOT.20260613T2100 - - -
2026-08-08T23:30:19-0400 delete_target starting /{TARGET_LOCATION}/ROOT.20260613T2130 - - -
2026-08-08T23:30:19-0400 delete_target success /{TARGET_LOCATION}/ROOT.20260613T2130 - - -
2026-08-08T23:30:19-0400 delete_target starting /{TARGET_LOCATION}/ROOT.20260613T2200 - - -
2026-08-08T23:30:19-0400 delete_target success /{TARGET_LOCATION}/ROOT.20260613T2200 - - -
2026-08-08T23:30:19-0400 delete_target starting /{TARGET_LOCATION}/ROOT.20260613T2230 - - -
2026-08-08T23:30:19-0400 delete_target success /{TARGET_LOCATION}/ROOT.20260613T2230 - - -
2026-08-08T23:30:19-0400 delete_target starting /{TARGET_LOCATION}/ROOT.20260613T2300 - - -
2026-08-08T23:30:19-0400 delete_target success /{TARGET_LOCATION}/ROOT.20260613T2300 - - -
2026-08-08T23:30:19-0400 delete_target starting /{TARGET_LOCATION}/ROOT.20260613T2330 - - -
2026-08-08T23:30:19-0400 delete_target success /{TARGET_LOCATION}/ROOT.20260613T2330 - - -
2026-08-08T23:30:19-0400 delete_target starting /{TARGET_LOCATION}/ROOT.20260614T0000 - - -
2026-08-08T23:30:19-0400 delete_target success /{TARGET_LOCATION}/ROOT.20260614T0000 - - -
2026-08-08T23:30:19-0400 delete_target starting /{TARGET_LOCATION}/ROOT.20260614T0030 - - -
2026-08-08T23:30:19-0400 delete_target success /{TARGET_LOCATION}/ROOT.20260614T0030 - - -
2026-08-08T23:30:19-0400 delete_target starting /{TARGET_LOCATION}/ROOT.20260614T0100 - - -
2026-08-08T23:30:19-0400 delete_target success /{TARGET_LOCATION}/ROOT.20260614T0100 - - -
2026-08-08T23:30:19-0400 delete_target starting /{TARGET_LOCATION}/ROOT.20260614T0130 - - -
2026-08-08T23:30:19-0400 delete_target success /{TARGET_LOCATION}/ROOT.20260614T0130 - - -
2026-08-08T23:30:19-0400 delete_target starting /{TARGET_LOCATION}/ROOT.20260614T0200 - - -
2026-08-08T23:30:19-0400 delete_target success /{TARGET_LOCATION}/ROOT.20260614T0200 - - -
2026-08-08T23:30:19-0400 delete_target starting /{TARGET_LOCATION}/ROOT.20260614T0230 - - -
2026-08-08T23:30:19-0400 delete_target success /{TARGET_LOCATION}/ROOT.20260614T0230 - - -
2026-08-08T23:30:19-0400 delete_target starting /{TARGET_LOCATION}/ROOT.20260614T0300 - - -
2026-08-08T23:30:19-0400 delete_target success /{TARGET_LOCATION}/ROOT.20260614T0300 - - -
2026-08-08T23:30:19-0400 delete_target starting /{TARGET_LOCATION}/ROOT.20260614T0330 - - -
2026-08-08T23:30:19-0400 delete_target success /{TARGET_LOCATION}/ROOT.20260614T0330 - - -
2026-08-08T23:30:19-0400 delete_target starting /{TARGET_LOCATION}/ROOT.20260614T0400 - - -
2026-08-08T23:30:19-0400 delete_target success /{TARGET_LOCATION}/ROOT.20260614T0400 - - -
2026-08-08T23:30:19-0400 delete_target starting /{TARGET_LOCATION}/ROOT.20260614T0430 - - -
2026-08-08T23:30:19-0400 delete_target success /{TARGET_LOCATION}/ROOT.20260614T0430 - - -
2026-08-08T23:30:19-0400 delete_target starting /{TARGET_LOCATION}/ROOT.20260614T0500 - - -
2026-08-08T23:30:19-0400 delete_target success /{TARGET_LOCATION}/ROOT.20260614T0500 - - -
2026-08-08T23:30:19-0400 delete_target starting /{TARGET_LOCATION}/ROOT.20260614T0530 - - -
2026-08-08T23:30:19-0400 delete_target success /{TARGET_LOCATION}/ROOT.20260614T0530 - - -
2026-08-08T23:30:19-0400 delete_target starting /{TARGET_LOCATION}/ROOT.20260614T0600 - - -
2026-08-08T23:30:19-0400 delete_target success /{TARGET_LOCATION}/ROOT.20260614T0600 - - -
2026-08-08T23:30:19-0400 delete_target starting /{TARGET_LOCATION}/ROOT.20260614T0630 - - -
2026-08-08T23:30:19-0400 delete_target success /{TARGET_LOCATION}/ROOT.20260614T0630 - - -
2026-08-08T23:30:19-0400 delete_target starting /{TARGET_LOCATION}/ROOT.20260614T0700 - - -
2026-08-08T23:30:19-0400 delete_target success /{TARGET_LOCATION}/ROOT.20260614T0700 - - -
2026-08-08T23:30:19-0400 delete_target starting /{TARGET_LOCATION}/ROOT.20260614T0730 - - -
2026-08-08T23:30:19-0400 delete_target success /{TARGET_LOCATION}/ROOT.20260614T0730 - - -
2026-08-08T23:30:19-0400 delete_target starting /{TARGET_LOCATION}/ROOT.20260614T0800 - - -
2026-08-08T23:30:19-0400 delete_target success /{TARGET_LOCATION}/ROOT.20260614T0800 - - -
2026-08-08T23:30:19-0400 delete_target starting /{TARGET_LOCATION}/ROOT.20260614T0830 - - -
2026-08-08T23:30:19-0400 delete_target success /{TARGET_LOCATION}/ROOT.20260614T0830 - - -
2026-08-08T23:30:19-0400 delete_target starting /{TARGET_LOCATION}/ROOT.20260614T0900 - - -
2026-08-08T23:30:19-0400 delete_target success /{TARGET_LOCATION}/ROOT.20260614T0900 - - -
2026-08-08T23:30:19-0400 delete_target starting /{TARGET_LOCATION}/ROOT.20260614T0930 - - -
2026-08-08T23:30:19-0400 delete_target success /{TARGET_LOCATION}/ROOT.20260614T0930 - - -
2026-08-08T23:30:19-0400 delete_target starting /{TARGET_LOCATION}/ROOT.20260614T1000 - - -
2026-08-08T23:30:19-0400 delete_target success /{TARGET_LOCATION}/ROOT.20260614T1000 - - -
2026-08-08T23:30:19-0400 delete_target starting /{TARGET_LOCATION}/ROOT.20260614T1030 - - -
2026-08-08T23:30:19-0400 delete_target success /{TARGET_LOCATION}/ROOT.20260614T1030 - - -
2026-08-08T23:30:19-0400 delete_target starting /{TARGET_LOCATION}/ROOT.20260614T1100 - - -
2026-08-08T23:30:19-0400 delete_target success /{TARGET_LOCATION}/ROOT.20260614T1100 - - -
2026-08-08T23:30:19-0400 delete_target starting /{TARGET_LOCATION}/ROOT.20260614T1130 - - -
2026-08-08T23:30:19-0400 delete_target success /{TARGET_LOCATION}/ROOT.20260614T1130 - - -
2026-08-08T23:30:19-0400 delete_target starting /{TARGET_LOCATION}/ROOT.20260614T1200 - - -
2026-08-08T23:30:19-0400 delete_target success /{TARGET_LOCATION}/ROOT.20260614T1200 - - -
2026-08-08T23:30:19-0400 delete_target starting /{TARGET_LOCATION}/ROOT.20260614T1230 - - -
2026-08-08T23:30:19-0400 delete_target success /{TARGET_LOCATION}/ROOT.20260614T1230 - - -
2026-08-08T23:30:19-0400 delete_target starting /{TARGET_LOCATION}/ROOT.20260614T1300 - - -
2026-08-08T23:30:19-0400 delete_target success /{TARGET_LOCATION}/ROOT.20260614T1300 - - -
2026-08-08T23:30:19-0400 delete_target starting /{TARGET_LOCATION}/ROOT.20260614T1330 - - -
2026-08-08T23:30:19-0400 delete_target success /{TARGET_LOCATION}/ROOT.20260614T1330 - - -
2026-08-08T23:30:19-0400 delete_target starting /{TARGET_LOCATION}/ROOT.20260614T1400 - - -
2026-08-08T23:30:19-0400 delete_target success /{TARGET_LOCATION}/ROOT.20260614T1400 - - -
2026-08-08T23:30:19-0400 delete_target starting /{TARGET_LOCATION}/ROOT.20260614T1430 - - -
2026-08-08T23:30:19-0400 delete_target success /{TARGET_LOCATION}/ROOT.20260614T1430 - - -
2026-08-08T23:30:19-0400 delete_target starting /{TARGET_LOCATION}/ROOT.20260614T1500 - - -
2026-08-08T23:30:19-0400 delete_target success /{TARGET_LOCATION}/ROOT.20260614T1500 - - -
2026-08-08T23:30:19-0400 delete_target starting /{TARGET_LOCATION}/ROOT.20260614T1530 - - -
2026-08-08T23:30:19-0400 delete_target success /{TARGET_LOCATION}/ROOT.20260614T1530 - - -
2026-08-08T23:30:19-0400 delete_target starting /{TARGET_LOCATION}/ROOT.20260614T1600 - - -
2026-08-08T23:30:19-0400 delete_target success /{TARGET_LOCATION}/ROOT.20260614T1600 - - -
2026-08-08T23:30:19-0400 delete_target starting /{TARGET_LOCATION}/ROOT.20260614T1630 - - -
2026-08-08T23:30:19-0400 delete_target success /{TARGET_LOCATION}/ROOT.20260614T1630 - - -
2026-08-08T23:30:19-0400 delete_target starting /{TARGET_LOCATION}/ROOT.20260614T1700 - - -
2026-08-08T23:30:19-0400 delete_target success /{TARGET_LOCATION}/ROOT.20260614T1700 - - -
2026-08-08T23:30:19-0400 delete_target starting /{TARGET_LOCATION}/ROOT.20260614T1730 - - -
2026-08-08T23:30:19-0400 delete_target success /{TARGET_LOCATION}/ROOT.20260614T1730 - - -
2026-08-08T23:30:19-0400 delete_target starting /{TARGET_LOCATION}/ROOT.20260614T1800 - - -
2026-08-08T23:30:19-0400 delete_target success /{TARGET_LOCATION}/ROOT.20260614T1800 - - -
2026-08-08T23:30:19-0400 delete_target starting /{TARGET_LOCATION}/ROOT.20260614T1830 - - -
2026-08-08T23:30:19-0400 delete_target success /{TARGET_LOCATION}/ROOT.20260614T1830 - - -
2026-08-08T23:30:19-0400 delete_target starting /{TARGET_LOCATION}/ROOT.20260614T1900 - - -
2026-08-08T23:30:19-0400 delete_target success /{TARGET_LOCATION}/ROOT.20260614T1900 - - -
2026-08-08T23:30:19-0400 delete_target starting /{TARGET_LOCATION}/ROOT.20260614T1930 - - -
2026-08-08T23:30:19-0400 delete_target success /{TARGET_LOCATION}/ROOT.20260614T1930 - - -
2026-08-08T23:30:19-0400 delete_target starting /{TARGET_LOCATION}/ROOT.20260614T2000 - - -
2026-08-08T23:30:19-0400 delete_target success /{TARGET_LOCATION}/ROOT.20260614T2000 - - -
2026-08-08T23:30:19-0400 delete_target starting /{TARGET_LOCATION}/ROOT.20260614T2030 - - -
2026-08-08T23:30:19-0400 delete_target success /{TARGET_LOCATION}/ROOT.20260614T2030 - - -
2026-08-08T23:30:19-0400 delete_target starting /{TARGET_LOCATION}/ROOT.20260614T2100 - - -
2026-08-08T23:30:19-0400 delete_target success /{TARGET_LOCATION}/ROOT.20260614T2100 - - -
2026-08-08T23:30:19-0400 delete_target starting /{TARGET_LOCATION}/ROOT.20260614T2130 - - -
2026-08-08T23:30:19-0400 delete_target success /{TARGET_LOCATION}/ROOT.20260614T2130 - - -
2026-08-08T23:30:19-0400 delete_target starting /{TARGET_LOCATION}/ROOT.20260614T2200 - - -
2026-08-08T23:30:19-0400 delete_target success /{TARGET_LOCATION}/ROOT.20260614T2200 - - -
2026-08-08T23:30:19-0400 delete_target starting /{TARGET_LOCATION}/ROOT.20260614T2230 - - -
2026-08-08T23:30:19-0400 delete_target success /{TARGET_LOCATION}/ROOT.20260614T2230 - - -
2026-08-08T23:30:19-0400 delete_target starting /{TARGET_LOCATION}/ROOT.20260614T2300 - - -
2026-08-08T23:30:19-0400 delete_target success /{TARGET_LOCATION}/ROOT.20260614T2300 - - -
2026-08-08T23:30:19-0400 delete_target starting /{TARGET_LOCATION}/ROOT.20260614T2330 - - -
2026-08-08T23:30:19-0400 delete_target success /{TARGET_LOCATION}/ROOT.20260614T2330 - - -
2026-08-08T23:30:19-0400 delete_target starting /{TARGET_LOCATION}/ROOT.20260615T0000 - - -
2026-08-08T23:30:19-0400 delete_target success /{TARGET_LOCATION}/ROOT.20260615T0000 - - -
2026-08-08T23:30:19-0400 delete_target starting /{TARGET_LOCATION}/ROOT.20260615T0030 - - -
2026-08-08T23:30:19-0400 delete_target success /{TARGET_LOCATION}/ROOT.20260615T0030 - - -
2026-08-08T23:30:19-0400 delete_target starting /{TARGET_LOCATION}/ROOT.20260615T0100 - - -
2026-08-08T23:30:19-0400 delete_target success /{TARGET_LOCATION}/ROOT.20260615T0100 - - -
2026-08-08T23:30:19-0400 delete_target starting /{TARGET_LOCATION}/ROOT.20260615T0130 - - -
2026-08-08T23:30:19-0400 delete_target success /{TARGET_LOCATION}/ROOT.20260615T0130 - - -
2026-08-08T23:30:19-0400 delete_target starting /{TARGET_LOCATION}/ROOT.20260615T0200 - - -
2026-08-08T23:30:19-0400 delete_target success /{TARGET_LOCATION}/ROOT.20260615T0200 - - -
2026-08-08T23:30:19-0400 delete_target starting /{TARGET_LOCATION}/ROOT.20260615T0230 - - -
2026-08-08T23:30:19-0400 delete_target success /{TARGET_LOCATION}/ROOT.20260615T0230 - - -
2026-08-08T23:30:19-0400 delete_target starting /{TARGET_LOCATION}/ROOT.20260615T0300 - - -
2026-08-08T23:30:19-0400 delete_target success /{TARGET_LOCATION}/ROOT.20260615T0300 - - -
2026-08-08T23:30:19-0400 delete_target starting /{TARGET_LOCATION}/ROOT.20260615T0330 - - -
2026-08-08T23:30:19-0400 delete_target success /{TARGET_LOCATION}/ROOT.20260615T0330 - - -
2026-08-08T23:30:19-0400 delete_target starting /{TARGET_LOCATION}/ROOT.20260615T0400 - - -
2026-08-08T23:30:19-0400 delete_target success /{TARGET_LOCATION}/ROOT.20260615T0400 - - -
2026-08-08T23:30:19-0400 delete_target starting /{TARGET_LOCATION}/ROOT.20260615T0430 - - -
2026-08-08T23:30:19-0400 delete_target success /{TARGET_LOCATION}/ROOT.20260615T0430 - - -
2026-08-08T23:30:19-0400 delete_target starting /{TARGET_LOCATION}/ROOT.20260615T0500 - - -
2026-08-08T23:30:19-0400 delete_target success /{TARGET_LOCATION}/ROOT.20260615T0500 - - -
2026-08-08T23:30:19-0400 delete_target starting /{TARGET_LOCATION}/ROOT.20260615T0530 - - -
2026-08-08T23:30:19-0400 delete_target success /{TARGET_LOCATION}/ROOT.20260615T0530 - - -
2026-08-08T23:30:19-0400 delete_target starting /{TARGET_LOCATION}/ROOT.20260615T0600 - - -
2026-08-08T23:30:19-0400 delete_target success /{TARGET_LOCATION}/ROOT.20260615T0600 - - -
2026-08-08T23:30:19-0400 delete_target starting /{TARGET_LOCATION}/ROOT.20260615T0630 - - -
2026-08-08T23:30:19-0400 delete_target success /{TARGET_LOCATION}/ROOT.20260615T0630 - - -
2026-08-08T23:30:19-0400 delete_target starting /{TARGET_LOCATION}/ROOT.20260615T0700 - - -
2026-08-08T23:30:19-0400 delete_target success /{TARGET_LOCATION}/ROOT.20260615T0700 - - -
2026-08-08T23:30:19-0400 delete_target starting /{TARGET_LOCATION}/ROOT.20260615T0730 - - -
2026-08-08T23:30:19-0400 delete_target success /{TARGET_LOCATION}/ROOT.20260615T0730 - - -
2026-08-08T23:30:19-0400 delete_target starting /{TARGET_LOCATION}/ROOT.20260615T0800 - - -
2026-08-08T23:30:19-0400 delete_target success /{TARGET_LOCATION}/ROOT.20260615T0800 - - -
2026-08-08T23:30:19-0400 delete_target starting /{TARGET_LOCATION}/ROOT.20260615T0830 - - -
2026-08-08T23:30:19-0400 delete_target success /{TARGET_LOCATION}/ROOT.20260615T0830 - - -
2026-08-08T23:30:19-0400 delete_target starting /{TARGET_LOCATION}/ROOT.20260615T0900 - - -
2026-08-08T23:30:19-0400 delete_target success /{TARGET_LOCATION}/ROOT.20260615T0900 - - -
2026-08-08T23:30:19-0400 delete_target starting /{TARGET_LOCATION}/ROOT.20260615T0930 - - -
2026-08-08T23:30:19-0400 delete_target success /{TARGET_LOCATION}/ROOT.20260615T0930 - - -
2026-08-08T23:30:19-0400 delete_target starting /{TARGET_LOCATION}/ROOT.20260615T1000 - - -
2026-08-08T23:30:19-0400 delete_target success /{TARGET_LOCATION}/ROOT.20260615T1000 - - -
2026-08-08T23:30:19-0400 delete_target starting /{TARGET_LOCATION}/ROOT.20260615T1030 - - -
2026-08-08T23:30:19-0400 delete_target success /{TARGET_LOCATION}/ROOT.20260615T1030 - - -
2026-08-08T23:30:19-0400 delete_target starting /{TARGET_LOCATION}/ROOT.20260615T1100 - - -
2026-08-08T23:30:19-0400 delete_target success /{TARGET_LOCATION}/ROOT.20260615T1100 - - -
2026-08-08T23:30:19-0400 delete_target starting /{TARGET_LOCATION}/ROOT.20260615T1130 - - -
2026-08-08T23:30:19-0400 delete_target success /{TARGET_LOCATION}/ROOT.20260615T1130 - - -
2026-08-08T23:30:19-0400 delete_target starting /{TARGET_LOCATION}/ROOT.20260615T1200 - - -
2026-08-08T23:30:19-0400 delete_target success /{TARGET_LOCATION}/ROOT.20260615T1200 - - -
2026-08-08T23:30:19-0400 delete_target starting /{TARGET_LOCATION}/ROOT.20260615T1230 - - -
2026-08-08T23:30:19-0400 delete_target success /{TARGET_LOCATION}/ROOT.20260615T1230 - - -
2026-08-08T23:30:19-0400 delete_target starting /{TARGET_LOCATION}/ROOT.20260615T1300 - - -
2026-08-08T23:30:19-0400 delete_target success /{TARGET_LOCATION}/ROOT.20260615T1300 - - -
2026-08-08T23:30:19-0400 delete_target starting /{TARGET_LOCATION}/ROOT.20260615T1330 - - -
2026-08-08T23:30:19-0400 delete_target success /{TARGET_LOCATION}/ROOT.20260615T1330 - - -
2026-08-08T23:30:19-0400 delete_target starting /{TARGET_LOCATION}/ROOT.20260615T1400 - - -
2026-08-08T23:30:20-0400 delete_target success /{TARGET_LOCATION}/ROOT.20260615T1400 - - -
2026-08-08T23:30:20-0400 delete_target starting /{TARGET_LOCATION}/ROOT.20260615T1430 - - -
2026-08-08T23:30:20-0400 delete_target success /{TARGET_LOCATION}/ROOT.20260615T1430 - - -
2026-08-08T23:30:20-0400 delete_target starting /{TARGET_LOCATION}/ROOT.20260615T1500 - - -
2026-08-08T23:30:20-0400 delete_target success /{TARGET_LOCATION}/ROOT.20260615T1500 - - -
2026-08-08T23:30:20-0400 delete_target starting /{TARGET_LOCATION}/ROOT.20260615T1530 - - -
2026-08-08T23:30:20-0400 delete_target success /{TARGET_LOCATION}/ROOT.20260615T1530 - - -
2026-08-08T23:30:20-0400 delete_target starting /{TARGET_LOCATION}/ROOT.20260615T1600 - - -
2026-08-08T23:30:20-0400 delete_target success /{TARGET_LOCATION}/ROOT.20260615T1600 - - -
2026-08-08T23:30:20-0400 delete_target starting /{TARGET_LOCATION}/ROOT.20260615T1630 - - -
2026-08-08T23:30:20-0400 delete_target success /{TARGET_LOCATION}/ROOT.20260615T1630 - - -
2026-08-08T23:30:20-0400 delete_target starting /{TARGET_LOCATION}/ROOT.20260615T1700 - - -
2026-08-08T23:30:20-0400 delete_target success /{TARGET_LOCATION}/ROOT.20260615T1700 - - -
2026-08-08T23:30:20-0400 delete_target starting /{TARGET_LOCATION}/ROOT.20260615T1730 - - -
2026-08-08T23:30:20-0400 delete_target success /{TARGET_LOCATION}/ROOT.20260615T1730 - - -
2026-08-08T23:30:20-0400 delete_target starting /{TARGET_LOCATION}/ROOT.20260615T1800 - - -
2026-08-08T23:30:20-0400 delete_target success /{TARGET_LOCATION}/ROOT.20260615T1800 - - -
2026-08-08T23:30:20-0400 delete_target starting /{TARGET_LOCATION}/ROOT.20260615T1830 - - -
2026-08-08T23:30:20-0400 delete_target success /{TARGET_LOCATION}/ROOT.20260615T1830 - - -
2026-08-08T23:30:20-0400 delete_target starting /{TARGET_LOCATION}/ROOT.20260615T1900 - - -
2026-08-08T23:30:20-0400 delete_target success /{TARGET_LOCATION}/ROOT.20260615T1900 - - -
2026-08-08T23:30:20-0400 delete_target starting /{TARGET_LOCATION}/ROOT.20260615T1930 - - -
2026-08-08T23:30:20-0400 delete_target success /{TARGET_LOCATION}/ROOT.20260615T1930 - - -
2026-08-08T23:30:20-0400 delete_target starting /{TARGET_LOCATION}/ROOT.20260615T2000 - - -
2026-08-08T23:30:20-0400 delete_target success /{TARGET_LOCATION}/ROOT.20260615T2000 - - -
2026-08-08T23:30:20-0400 delete_target starting /{TARGET_LOCATION}/ROOT.20260615T2030 - - -
2026-08-08T23:30:20-0400 delete_target success /{TARGET_LOCATION}/ROOT.20260615T2030 - - -
2026-08-08T23:30:20-0400 delete_target starting /{TARGET_LOCATION}/ROOT.20260615T2100 - - -
2026-08-08T23:30:20-0400 delete_target success /{TARGET_LOCATION}/ROOT.20260615T2100 - - -
2026-08-08T23:30:20-0400 delete_target starting /{TARGET_LOCATION}/ROOT.20260615T2130 - - -
2026-08-08T23:30:20-0400 delete_target success /{TARGET_LOCATION}/ROOT.20260615T2130 - - -
2026-08-08T23:30:20-0400 delete_target starting /{TARGET_LOCATION}/ROOT.20260615T2200 - - -
2026-08-08T23:30:20-0400 delete_target success /{TARGET_LOCATION}/ROOT.20260615T2200 - - -
2026-08-08T23:30:20-0400 delete_target starting /{TARGET_LOCATION}/ROOT.20260615T2230 - - -
2026-08-08T23:30:20-0400 delete_target success /{TARGET_LOCATION}/ROOT.20260615T2230 - - -
2026-08-08T23:30:20-0400 delete_target starting /{TARGET_LOCATION}/ROOT.20260615T2300 - - -
2026-08-08T23:30:20-0400 delete_target success /{TARGET_LOCATION}/ROOT.20260615T2300 - - -
2026-08-08T23:30:20-0400 delete_target starting /{TARGET_LOCATION}/ROOT.20260615T2330 - - -
2026-08-08T23:30:20-0400 delete_target success /{TARGET_LOCATION}/ROOT.20260615T2330 - - -
2026-08-08T23:30:20-0400 delete_target starting /{TARGET_LOCATION}/ROOT.20260616T0000 - - -
2026-08-08T23:30:20-0400 delete_target success /{TARGET_LOCATION}/ROOT.20260616T0000 - - -
2026-08-08T23:30:20-0400 delete_target starting /{TARGET_LOCATION}/ROOT.20260616T0030 - - -
2026-08-08T23:30:20-0400 delete_target success /{TARGET_LOCATION}/ROOT.20260616T0030 - - -
2026-08-08T23:30:20-0400 delete_target starting /{TARGET_LOCATION}/ROOT.20260616T0100 - - -
2026-08-08T23:30:20-0400 delete_target success /{TARGET_LOCATION}/ROOT.20260616T0100 - - -
2026-08-08T23:30:20-0400 delete_target starting /{TARGET_LOCATION}/ROOT.20260616T0130 - - -
2026-08-08T23:30:20-0400 delete_target success /{TARGET_LOCATION}/ROOT.20260616T0130 - - -
2026-08-08T23:30:20-0400 delete_target starting /{TARGET_LOCATION}/ROOT.20260616T0200 - - -
2026-08-08T23:30:20-0400 delete_target success /{TARGET_LOCATION}/ROOT.20260616T0200 - - -
2026-08-08T23:30:20-0400 delete_target starting /{TARGET_LOCATION}/ROOT.20260616T0230 - - -
2026-08-08T23:30:20-0400 delete_target success /{TARGET_LOCATION}/ROOT.20260616T0230 - - -
2026-08-08T23:30:20-0400 delete_target starting /{TARGET_LOCATION}/ROOT.20260616T0300 - - -
2026-08-08T23:30:20-0400 delete_target success /{TARGET_LOCATION}/ROOT.20260616T0300 - - -
2026-08-08T23:30:20-0400 delete_target starting /{TARGET_LOCATION}/ROOT.20260616T0330 - - -
2026-08-08T23:30:20-0400 delete_target success /{TARGET_LOCATION}/ROOT.20260616T0330 - - -
2026-08-08T23:30:20-0400 delete_target starting /{TARGET_LOCATION}/ROOT.20260616T0400 - - -
2026-08-08T23:30:20-0400 delete_target success /{TARGET_LOCATION}/ROOT.20260616T0400 - - -
2026-08-08T23:30:20-0400 delete_target starting /{TARGET_LOCATION}/ROOT.20260616T0430 - - -
2026-08-08T23:30:20-0400 delete_target success /{TARGET_LOCATION}/ROOT.20260616T0430 - - -
2026-08-08T23:30:20-0400 delete_target starting /{TARGET_LOCATION}/ROOT.20260616T0500 - - -
2026-08-08T23:30:20-0400 delete_target success /{TARGET_LOCATION}/ROOT.20260616T0500 - - -
2026-08-08T23:30:20-0400 delete_target starting /{TARGET_LOCATION}/ROOT.20260616T0530 - - -
2026-08-08T23:30:20-0400 delete_target success /{TARGET_LOCATION}/ROOT.20260616T0530 - - -
2026-08-08T23:30:20-0400 delete_target starting /{TARGET_LOCATION}/ROOT.20260616T0600 - - -
2026-08-08T23:30:20-0400 delete_target success /{TARGET_LOCATION}/ROOT.20260616T0600 - - -
2026-08-08T23:30:20-0400 delete_target starting /{TARGET_LOCATION}/ROOT.20260616T0630 - - -
2026-08-08T23:30:20-0400 delete_target success /{TARGET_LOCATION}/ROOT.20260616T0630 - - -
2026-08-08T23:30:20-0400 delete_target starting /{TARGET_LOCATION}/ROOT.20260616T0700 - - -
2026-08-08T23:30:20-0400 delete_target success /{TARGET_LOCATION}/ROOT.20260616T0700 - - -
2026-08-08T23:30:20-0400 delete_target starting /{TARGET_LOCATION}/ROOT.20260616T0730 - - -
2026-08-08T23:30:20-0400 delete_target success /{TARGET_LOCATION}/ROOT.20260616T0730 - - -
2026-08-08T23:30:20-0400 delete_target starting /{TARGET_LOCATION}/ROOT.20260616T0800 - - -
2026-08-08T23:30:20-0400 delete_target success /{TARGET_LOCATION}/ROOT.20260616T0800 - - -
2026-08-08T23:30:20-0400 delete_target starting /{TARGET_LOCATION}/ROOT.20260616T0830 - - -
2026-08-08T23:30:20-0400 delete_target success /{TARGET_LOCATION}/ROOT.20260616T0830 - - -
2026-08-08T23:30:20-0400 delete_target starting /{TARGET_LOCATION}/ROOT.20260616T0900 - - -
2026-08-08T23:30:20-0400 delete_target success /{TARGET_LOCATION}/ROOT.20260616T0900 - - -
2026-08-08T23:30:20-0400 delete_target starting /{TARGET_LOCATION}/ROOT.20260616T0930 - - -
2026-08-08T23:30:20-0400 delete_target success /{TARGET_LOCATION}/ROOT.20260616T0930 - - -
2026-08-08T23:30:20-0400 delete_target starting /{TARGET_LOCATION}/ROOT.20260616T1000 - - -
2026-08-08T23:30:20-0400 delete_target success /{TARGET_LOCATION}/ROOT.20260616T1000 - - -
2026-08-08T23:30:20-0400 delete_target starting /{TARGET_LOCATION}/ROOT.20260616T1030 - - -
2026-08-08T23:30:20-0400 delete_target success /{TARGET_LOCATION}/ROOT.20260616T1030 - - -
2026-08-08T23:30:20-0400 delete_target starting /{TARGET_LOCATION}/ROOT.20260616T1100 - - -
2026-08-08T23:30:20-0400 delete_target success /{TARGET_LOCATION}/ROOT.20260616T1100 - - -
2026-08-08T23:30:20-0400 delete_target starting /{TARGET_LOCATION}/ROOT.20260616T1130 - - -
2026-08-08T23:30:20-0400 delete_target success /{TARGET_LOCATION}/ROOT.20260616T1130 - - -
2026-08-08T23:30:20-0400 delete_target starting /{TARGET_LOCATION}/ROOT.20260616T1200 - - -
2026-08-08T23:30:20-0400 delete_target success /{TARGET_LOCATION}/ROOT.20260616T1200 - - -
2026-08-08T23:30:20-0400 delete_target starting /{TARGET_LOCATION}/ROOT.20260616T1230 - - -
2026-08-08T23:30:20-0400 delete_target success /{TARGET_LOCATION}/ROOT.20260616T1230 - - -
2026-08-08T23:30:20-0400 delete_target starting /{TARGET_LOCATION}/ROOT.20260616T1300 - - -
2026-08-08T23:30:20-0400 delete_target success /{TARGET_LOCATION}/ROOT.20260616T1300 - - -
2026-08-08T23:30:20-0400 delete_target starting /{TARGET_LOCATION}/ROOT.20260616T1330 - - -
2026-08-08T23:30:20-0400 delete_target success /{TARGET_LOCATION}/ROOT.20260616T1330 - - -
2026-08-08T23:30:20-0400 delete_target starting /{TARGET_LOCATION}/ROOT.20260616T1400 - - -
2026-08-08T23:30:20-0400 delete_target success /{TARGET_LOCATION}/ROOT.20260616T1400 - - -
2026-08-08T23:30:20-0400 delete_target starting /{TARGET_LOCATION}/ROOT.20260616T1430 - - -
2026-08-08T23:30:20-0400 delete_target success /{TARGET_LOCATION}/ROOT.20260616T1430 - - -
2026-08-08T23:30:20-0400 delete_target starting /{TARGET_LOCATION}/ROOT.20260616T1500 - - -
2026-08-08T23:30:20-0400 delete_target success /{TARGET_LOCATION}/ROOT.20260616T1500 - - -
2026-08-08T23:30:20-0400 delete_target starting /{TARGET_LOCATION}/ROOT.20260616T1530 - - -
2026-08-08T23:30:20-0400 delete_target success /{TARGET_LOCATION}/ROOT.20260616T1530 - - -
2026-08-08T23:30:20-0400 delete_target starting /{TARGET_LOCATION}/ROOT.20260616T1600 - - -
2026-08-08T23:30:20-0400 delete_target success /{TARGET_LOCATION}/ROOT.20260616T1600 - - -
2026-08-08T23:30:20-0400 delete_target starting /{TARGET_LOCATION}/ROOT.20260616T1630 - - -
2026-08-08T23:30:20-0400 delete_target success /{TARGET_LOCATION}/ROOT.20260616T1630 - - -
2026-08-08T23:30:20-0400 delete_target starting /{TARGET_LOCATION}/ROOT.20260616T1700 - - -
2026-08-08T23:30:20-0400 delete_target success /{TARGET_LOCATION}/ROOT.20260616T1700 - - -
2026-08-08T23:30:20-0400 delete_target starting /{TARGET_LOCATION}/ROOT.20260616T1730 - - -
2026-08-08T23:30:20-0400 delete_target success /{TARGET_LOCATION}/ROOT.20260616T1730 - - -
2026-08-08T23:30:20-0400 delete_target starting /{TARGET_LOCATION}/ROOT.20260616T1800 - - -
2026-08-08T23:30:20-0400 delete_target success /{TARGET_LOCATION}/ROOT.20260616T1800 - - -
2026-08-08T23:30:20-0400 delete_target starting /{TARGET_LOCATION}/ROOT.20260616T1830 - - -
2026-08-08T23:30:20-0400 delete_target success /{TARGET_LOCATION}/ROOT.20260616T1830 - - -
2026-08-08T23:30:20-0400 delete_target starting /{TARGET_LOCATION}/ROOT.20260616T1900 - - -
2026-08-08T23:30:20-0400 delete_target success /{TARGET_LOCATION}/ROOT.20260616T1900 - - -
2026-08-08T23:30:20-0400 delete_target starting /{TARGET_LOCATION}/ROOT.20260616T1930 - - -
2026-08-08T23:30:20-0400 delete_target success /{TARGET_LOCATION}/ROOT.20260616T1930 - - -
2026-08-08T23:30:20-0400 delete_target starting /{TARGET_LOCATION}/ROOT.20260616T2000 - - -
2026-08-08T23:30:20-0400 delete_target success /{TARGET_LOCATION}/ROOT.20260616T2000 - - -
2026-08-08T23:30:20-0400 delete_target starting /{TARGET_LOCATION}/ROOT.20260616T2030 - - -
2026-08-08T23:30:20-0400 delete_target success /{TARGET_LOCATION}/ROOT.20260616T2030 - - -
2026-08-08T23:30:20-0400 delete_target starting /{TARGET_LOCATION}/ROOT.20260616T2100 - - -
2026-08-08T23:30:20-0400 delete_target success /{TARGET_LOCATION}/ROOT.20260616T2100 - - -
2026-08-08T23:30:20-0400 delete_target starting /{TARGET_LOCATION}/ROOT.20260616T2130 - - -
2026-08-08T23:30:20-0400 delete_target success /{TARGET_LOCATION}/ROOT.20260616T2130 - - -
2026-08-08T23:30:20-0400 delete_target starting /{TARGET_LOCATION}/ROOT.20260616T2200 - - -
2026-08-08T23:30:20-0400 delete_target success /{TARGET_LOCATION}/ROOT.20260616T2200 - - -
2026-08-08T23:30:20-0400 delete_target starting /{TARGET_LOCATION}/ROOT.20260616T2230 - - -
2026-08-08T23:30:20-0400 delete_target success /{TARGET_LOCATION}/ROOT.20260616T2230 - - -
2026-08-08T23:30:20-0400 delete_target starting /{TARGET_LOCATION}/ROOT.20260616T2300 - - -
2026-08-08T23:30:20-0400 delete_target success /{TARGET_LOCATION}/ROOT.20260616T2300 - - -
2026-08-08T23:30:20-0400 delete_target starting /{TARGET_LOCATION}/ROOT.20260616T2330 - - -
2026-08-08T23:30:20-0400 delete_target success /{TARGET_LOCATION}/ROOT.20260616T2330 - - -
2026-08-08T23:30:20-0400 delete_target starting /{TARGET_LOCATION}/ROOT.20260617T0000 - - -
2026-08-08T23:30:20-0400 delete_target success /{TARGET_LOCATION}/ROOT.20260617T0000 - - -
2026-08-08T23:30:20-0400 delete_target starting /{TARGET_LOCATION}/ROOT.20260617T0030 - - -
2026-08-08T23:30:20-0400 delete_target success /{TARGET_LOCATION}/ROOT.20260617T0030 - - -
2026-08-08T23:30:20-0400 delete_target starting /{TARGET_LOCATION}/ROOT.20260617T0100 - - -
2026-08-08T23:30:20-0400 delete_target success /{TARGET_LOCATION}/ROOT.20260617T0100 - - -
2026-08-08T23:30:20-0400 delete_target starting /{TARGET_LOCATION}/ROOT.20260617T0130 - - -
2026-08-08T23:30:20-0400 delete_target success /{TARGET_LOCATION}/ROOT.20260617T0130 - - -
2026-08-08T23:30:20-0400 delete_target starting /{TARGET_LOCATION}/ROOT.20260617T0200 - - -
2026-08-08T23:30:20-0400 delete_target success /{TARGET_LOCATION}/ROOT.20260617T0200 - - -
2026-08-08T23:30:20-0400 delete_target starting /{TARGET_LOCATION}/ROOT.20260617T0230 - - -
2026-08-08T23:30:20-0400 delete_target success /{TARGET_LOCATION}/ROOT.20260617T0230 - - -
2026-08-08T23:30:20-0400 delete_target starting /{TARGET_LOCATION}/ROOT.20260617T0300 - - -
2026-08-08T23:30:20-0400 delete_target success /{TARGET_LOCATION}/ROOT.20260617T0300 - - -
2026-08-08T23:30:20-0400 delete_target starting /{TARGET_LOCATION}/ROOT.20260617T0330 - - -
2026-08-08T23:30:20-0400 delete_target success /{TARGET_LOCATION}/ROOT.20260617T0330 - - -
2026-08-08T23:30:20-0400 delete_target starting /{TARGET_LOCATION}/ROOT.20260617T0400 - - -
2026-08-08T23:30:20-0400 delete_target success /{TARGET_LOCATION}/ROOT.20260617T0400 - - -
2026-08-08T23:30:20-0400 delete_target starting /{TARGET_LOCATION}/ROOT.20260617T0430 - - -
2026-08-08T23:30:20-0400 delete_target success /{TARGET_LOCATION}/ROOT.20260617T0430 - - -
2026-08-08T23:30:20-0400 delete_target starting /{TARGET_LOCATION}/ROOT.20260617T0500 - - -
2026-08-08T23:30:20-0400 delete_target success /{TARGET_LOCATION}/ROOT.20260617T0500 - - -
2026-08-08T23:30:20-0400 delete_target starting /{TARGET_LOCATION}/ROOT.20260617T0530 - - -
2026-08-08T23:30:20-0400 delete_target success /{TARGET_LOCATION}/ROOT.20260617T0530 - - -
2026-08-08T23:30:20-0400 delete_target starting /{TARGET_LOCATION}/ROOT.20260617T0600 - - -
2026-08-08T23:30:20-0400 delete_target success /{TARGET_LOCATION}/ROOT.20260617T0600 - - -
2026-08-08T23:30:20-0400 delete_target starting /{TARGET_LOCATION}/ROOT.20260617T0630 - - -
2026-08-08T23:30:20-0400 delete_target success /{TARGET_LOCATION}/ROOT.20260617T0630 - - -
2026-08-08T23:30:20-0400 delete_target starting /{TARGET_LOCATION}/ROOT.20260617T0700 - - -
2026-08-08T23:30:20-0400 delete_target success /{TARGET_LOCATION}/ROOT.20260617T0700 - - -
2026-08-08T23:30:20-0400 delete_target starting /{TARGET_LOCATION}/ROOT.20260617T0730 - - -
2026-08-08T23:30:20-0400 delete_target success /{TARGET_LOCATION}/ROOT.20260617T0730 - - -
2026-08-08T23:30:20-0400 delete_target starting /{TARGET_LOCATION}/ROOT.20260617T0800 - - -
2026-08-08T23:30:20-0400 delete_target success /{TARGET_LOCATION}/ROOT.20260617T0800 - - -
2026-08-08T23:30:20-0400 delete_target starting /{TARGET_LOCATION}/ROOT.20260617T0830 - - -
2026-08-08T23:30:20-0400 delete_target success /{TARGET_LOCATION}/ROOT.20260617T0830 - - -
2026-08-08T23:30:20-0400 delete_target starting /{TARGET_LOCATION}/ROOT.20260617T0900 - - -
2026-08-08T23:30:20-0400 delete_target success /{TARGET_LOCATION}/ROOT.20260617T0900 - - -
2026-08-08T23:30:20-0400 delete_target starting /{TARGET_LOCATION}/ROOT.20260617T0930 - - -
2026-08-08T23:30:20-0400 delete_target success /{TARGET_LOCATION}/ROOT.20260617T0930 - - -
2026-08-08T23:30:20-0400 delete_target starting /{TARGET_LOCATION}/ROOT.20260617T1000 - - -
2026-08-08T23:30:20-0400 delete_target success /{TARGET_LOCATION}/ROOT.20260617T1000 - - -
2026-08-08T23:30:20-0400 delete_target starting /{TARGET_LOCATION}/ROOT.20260617T1030 - - -
2026-08-08T23:30:20-0400 delete_target success /{TARGET_LOCATION}/ROOT.20260617T1030 - - -
2026-08-08T23:30:20-0400 delete_target starting /{TARGET_LOCATION}/ROOT.20260617T1100 - - -
2026-08-08T23:30:20-0400 delete_target success /{TARGET_LOCATION}/ROOT.20260617T1100 - - -
2026-08-08T23:30:20-0400 delete_target starting /{TARGET_LOCATION}/ROOT.20260617T1130 - - -
2026-08-08T23:30:20-0400 delete_target success /{TARGET_LOCATION}/ROOT.20260617T1130 - - -
2026-08-08T23:30:20-0400 delete_target starting /{TARGET_LOCATION}/ROOT.20260617T1200 - - -
2026-08-08T23:30:20-0400 delete_target success /{TARGET_LOCATION}/ROOT.20260617T1200 - - -
2026-08-08T23:30:20-0400 delete_target starting /{TARGET_LOCATION}/ROOT.20260617T1230 - - -
2026-08-08T23:30:20-0400 delete_target success /{TARGET_LOCATION}/ROOT.20260617T1230 - - -
2026-08-08T23:30:20-0400 delete_target starting /{TARGET_LOCATION}/ROOT.20260617T1300 - - -
2026-08-08T23:30:20-0400 delete_target success /{TARGET_LOCATION}/ROOT.20260617T1300 - - -
2026-08-08T23:30:20-0400 delete_target starting /{TARGET_LOCATION}/ROOT.20260617T1330 - - -
2026-08-08T23:30:20-0400 delete_target success /{TARGET_LOCATION}/ROOT.20260617T1330 - - -
2026-08-08T23:30:20-0400 delete_target starting /{TARGET_LOCATION}/ROOT.20260617T1400 - - -
2026-08-08T23:30:20-0400 delete_target success /{TARGET_LOCATION}/ROOT.20260617T1400 - - -
2026-08-08T23:30:20-0400 delete_target starting /{TARGET_LOCATION}/ROOT.20260617T1430 - - -
2026-08-08T23:30:20-0400 delete_target success /{TARGET_LOCATION}/ROOT.20260617T1430 - - -
2026-08-08T23:30:20-0400 delete_target starting /{TARGET_LOCATION}/ROOT.20260617T1500 - - -
2026-08-08T23:30:20-0400 delete_target success /{TARGET_LOCATION}/ROOT.20260617T1500 - - -
2026-08-08T23:30:20-0400 delete_target starting /{TARGET_LOCATION}/ROOT.20260617T1530 - - -
2026-08-08T23:30:20-0400 delete_target success /{TARGET_LOCATION}/ROOT.20260617T1530 - - -
2026-08-08T23:30:20-0400 delete_target starting /{TARGET_LOCATION}/ROOT.20260617T1600 - - -
2026-08-08T23:30:20-0400 delete_target success /{TARGET_LOCATION}/ROOT.20260617T1600 - - -
2026-08-08T23:30:20-0400 delete_target starting /{TARGET_LOCATION}/ROOT.20260617T1630 - - -
2026-08-08T23:30:20-0400 delete_target success /{TARGET_LOCATION}/ROOT.20260617T1630 - - -
2026-08-08T23:30:20-0400 delete_target starting /{TARGET_LOCATION}/ROOT.20260617T1700 - - -
2026-08-08T23:30:20-0400 delete_target success /{TARGET_LOCATION}/ROOT.20260617T1700 - - -
2026-08-08T23:30:20-0400 delete_target starting /{TARGET_LOCATION}/ROOT.20260617T1730 - - -
2026-08-08T23:30:20-0400 delete_target success /{TARGET_LOCATION}/ROOT.20260617T1730 - - -
2026-08-08T23:30:20-0400 delete_target starting /{TARGET_LOCATION}/ROOT.20260617T1800 - - -
2026-08-08T23:30:20-0400 delete_target success /{TARGET_LOCATION}/ROOT.20260617T1800 - - -
2026-08-08T23:30:20-0400 delete_target starting /{TARGET_LOCATION}/ROOT.20260617T1830 - - -
2026-08-08T23:30:20-0400 delete_target success /{TARGET_LOCATION}/ROOT.20260617T1830 - - -
2026-08-08T23:30:20-0400 delete_target starting /{TARGET_LOCATION}/ROOT.20260617T1900 - - -
2026-08-08T23:30:20-0400 delete_target success /{TARGET_LOCATION}/ROOT.20260617T1900 - - -
2026-08-08T23:30:20-0400 delete_target starting /{TARGET_LOCATION}/ROOT.20260617T1930 - - -
2026-08-08T23:30:20-0400 delete_target success /{TARGET_LOCATION}/ROOT.20260617T1930 - - -
2026-08-08T23:30:20-0400 delete_target starting /{TARGET_LOCATION}/ROOT.20260617T2000 - - -
2026-08-08T23:30:20-0400 delete_target success /{TARGET_LOCATION}/ROOT.20260617T2000 - - -
2026-08-08T23:30:20-0400 delete_target starting /{TARGET_LOCATION}/ROOT.20260617T2030 - - -
2026-08-08T23:30:20-0400 delete_target success /{TARGET_LOCATION}/ROOT.20260617T2030 - - -
2026-08-08T23:30:20-0400 delete_target starting /{TARGET_LOCATION}/ROOT.20260617T2100 - - -
2026-08-08T23:30:20-0400 delete_target success /{TARGET_LOCATION}/ROOT.20260617T2100 - - -
2026-08-08T23:30:20-0400 delete_target starting /{TARGET_LOCATION}/ROOT.20260617T2130 - - -
2026-08-08T23:30:20-0400 delete_target success /{TARGET_LOCATION}/ROOT.20260617T2130 - - -
2026-08-08T23:30:20-0400 delete_target starting /{TARGET_LOCATION}/ROOT.20260617T2200 - - -
2026-08-08T23:30:20-0400 delete_target success /{TARGET_LOCATION}/ROOT.20260617T2200 - - -
2026-08-08T23:30:20-0400 delete_target starting /{TARGET_LOCATION}/ROOT.20260617T2230 - - -
2026-08-08T23:30:20-0400 delete_target success /{TARGET_LOCATION}/ROOT.20260617T2230 - - -
2026-08-08T23:30:20-0400 delete_target starting /{TARGET_LOCATION}/ROOT.20260617T2300 - - -
2026-08-08T23:30:20-0400 delete_target success /{TARGET_LOCATION}/ROOT.20260617T2300 - - -
2026-08-08T23:30:20-0400 delete_target starting /{TARGET_LOCATION}/ROOT.20260617T2330 - - -
2026-08-08T23:30:20-0400 delete_target success /{TARGET_LOCATION}/ROOT.20260617T2330 - - -
2026-08-08T23:30:20-0400 delete_target starting /{TARGET_LOCATION}/ROOT.20260618T0000 - - -
2026-08-08T23:30:20-0400 delete_target success /{TARGET_LOCATION}/ROOT.20260618T0000 - - -
2026-08-08T23:30:20-0400 delete_target starting /{TARGET_LOCATION}/ROOT.20260618T0030 - - -
2026-08-08T23:30:20-0400 delete_target success /{TARGET_LOCATION}/ROOT.20260618T0030 - - -
2026-08-08T23:30:20-0400 delete_target starting /{TARGET_LOCATION}/ROOT.20260618T0100 - - -
2026-08-08T23:30:20-0400 delete_target success /{TARGET_LOCATION}/ROOT.20260618T0100 - - -
2026-08-08T23:30:20-0400 delete_target starting /{TARGET_LOCATION}/ROOT.20260618T0130 - - -
2026-08-08T23:30:20-0400 delete_target success /{TARGET_LOCATION}/ROOT.20260618T0130 - - -
2026-08-08T23:30:20-0400 delete_target starting /{TARGET_LOCATION}/ROOT.20260618T0200 - - -
2026-08-08T23:30:20-0400 delete_target success /{TARGET_LOCATION}/ROOT.20260618T0200 - - -
2026-08-08T23:30:20-0400 delete_target starting /{TARGET_LOCATION}/ROOT.20260618T0230 - - -
2026-08-08T23:30:20-0400 delete_target success /{TARGET_LOCATION}/ROOT.20260618T0230 - - -
2026-08-08T23:30:20-0400 delete_target starting /{TARGET_LOCATION}/ROOT.20260618T0300 - - -
2026-08-08T23:30:20-0400 delete_target success /{TARGET_LOCATION}/ROOT.20260618T0300 - - -
2026-08-08T23:30:20-0400 delete_target starting /{TARGET_LOCATION}/ROOT.20260618T0330 - - -
2026-08-08T23:30:20-0400 delete_target success /{TARGET_LOCATION}/ROOT.20260618T0330 - - -
2026-08-08T23:30:20-0400 delete_target starting /{TARGET_LOCATION}/ROOT.20260618T0400 - - -
2026-08-08T23:30:20-0400 delete_target success /{TARGET_LOCATION}/ROOT.20260618T0400 - - -
2026-08-08T23:30:20-0400 delete_target starting /{TARGET_LOCATION}/ROOT.20260618T0430 - - -
2026-08-08T23:30:20-0400 delete_target success /{TARGET_LOCATION}/ROOT.20260618T0430 - - -
2026-08-08T23:30:20-0400 delete_target starting /{TARGET_LOCATION}/ROOT.20260618T0500 - - -
2026-08-08T23:30:20-0400 delete_target success /{TARGET_LOCATION}/ROOT.20260618T0500 - - -
2026-08-08T23:30:20-0400 delete_target starting /{TARGET_LOCATION}/ROOT.20260618T0530 - - -
2026-08-08T23:30:20-0400 delete_target success /{TARGET_LOCATION}/ROOT.20260618T0530 - - -
2026-08-08T23:30:20-0400 delete_target starting /{TARGET_LOCATION}/ROOT.20260618T0600 - - -
2026-08-08T23:30:20-0400 delete_target success /{TARGET_LOCATION}/ROOT.20260618T0600 - - -
2026-08-08T23:30:20-0400 delete_target starting /{TARGET_LOCATION}/ROOT.20260618T0630 - - -
2026-08-08T23:30:20-0400 delete_target success /{TARGET_LOCATION}/ROOT.20260618T0630 - - -
2026-08-08T23:30:20-0400 delete_target starting /{TARGET_LOCATION}/ROOT.20260618T0700 - - -
2026-08-08T23:30:20-0400 delete_target success /{TARGET_LOCATION}/ROOT.20260618T0700 - - -
2026-08-08T23:30:20-0400 delete_target starting /{TARGET_LOCATION}/ROOT.20260618T0730 - - -
2026-08-08T23:30:20-0400 delete_target success /{TARGET_LOCATION}/ROOT.20260618T0730 - - -
2026-08-08T23:30:20-0400 delete_target starting /{TARGET_LOCATION}/ROOT.20260618T0800 - - -
2026-08-08T23:30:20-0400 delete_target success /{TARGET_LOCATION}/ROOT.20260618T0800 - - -
2026-08-08T23:30:20-0400 delete_target starting /{TARGET_LOCATION}/ROOT.20260618T0830 - - -
2026-08-08T23:30:20-0400 delete_target success /{TARGET_LOCATION}/ROOT.20260618T0830 - - -
2026-08-08T23:30:20-0400 delete_target starting /{TARGET_LOCATION}/ROOT.20260618T0900 - - -
2026-08-08T23:30:20-0400 delete_target success /{TARGET_LOCATION}/ROOT.20260618T0900 - - -
2026-08-08T23:30:20-0400 delete_target starting /{TARGET_LOCATION}/ROOT.20260618T0930 - - -
2026-08-08T23:30:20-0400 delete_target success /{TARGET_LOCATION}/ROOT.20260618T0930 - - -
2026-08-08T23:30:20-0400 delete_target starting /{TARGET_LOCATION}/ROOT.20260618T1000 - - -
2026-08-08T23:30:21-0400 delete_target success /{TARGET_LOCATION}/ROOT.20260618T1000 - - -
2026-08-08T23:30:21-0400 delete_target starting /{TARGET_LOCATION}/ROOT.20260618T1030 - - -
2026-08-08T23:30:21-0400 delete_target success /{TARGET_LOCATION}/ROOT.20260618T1030 - - -
2026-08-08T23:30:21-0400 delete_target starting /{TARGET_LOCATION}/ROOT.20260618T1100 - - -
2026-08-08T23:30:21-0400 delete_target success /{TARGET_LOCATION}/ROOT.20260618T1100 - - -
2026-08-08T23:30:21-0400 delete_target starting /{TARGET_LOCATION}/ROOT.20260618T1130 - - -
2026-08-08T23:30:21-0400 delete_target success /{TARGET_LOCATION}/ROOT.20260618T1130 - - -
2026-08-08T23:30:21-0400 delete_target starting /{TARGET_LOCATION}/ROOT.20260618T1200 - - -
2026-08-08T23:30:21-0400 delete_target success /{TARGET_LOCATION}/ROOT.20260618T1200 - - -
2026-08-08T23:30:21-0400 delete_target starting /{TARGET_LOCATION}/ROOT.20260618T1230 - - -
2026-08-08T23:30:21-0400 delete_target success /{TARGET_LOCATION}/ROOT.20260618T1230 - - -
2026-08-08T23:30:21-0400 delete_target starting /{TARGET_LOCATION}/ROOT.20260618T1300 - - -
2026-08-08T23:30:21-0400 delete_target success /{TARGET_LOCATION}/ROOT.20260618T1300 - - -
2026-08-08T23:30:21-0400 delete_target starting /{TARGET_LOCATION}/ROOT.20260618T1330 - - -
2026-08-08T23:30:21-0400 delete_target success /{TARGET_LOCATION}/ROOT.20260618T1330 - - -
2026-08-08T23:30:21-0400 delete_target starting /{TARGET_LOCATION}/ROOT.20260618T1400 - - -
2026-08-08T23:30:21-0400 delete_target success /{TARGET_LOCATION}/ROOT.20260618T1400 - - -
2026-08-08T23:30:21-0400 delete_target starting /{TARGET_LOCATION}/ROOT.20260618T1430 - - -
2026-08-08T23:30:21-0400 delete_target success /{TARGET_LOCATION}/ROOT.20260618T1430 - - -
2026-08-08T23:30:21-0400 delete_target starting /{TARGET_LOCATION}/ROOT.20260618T1500 - - -
2026-08-08T23:30:21-0400 delete_target success /{TARGET_LOCATION}/ROOT.20260618T1500 - - -
2026-08-08T23:30:21-0400 delete_target starting /{TARGET_LOCATION}/ROOT.20260618T1530 - - -
2026-08-08T23:30:21-0400 delete_target success /{TARGET_LOCATION}/ROOT.20260618T1530 - - -
2026-08-08T23:30:21-0400 delete_target starting /{TARGET_LOCATION}/ROOT.20260618T1600 - - -
2026-08-08T23:30:21-0400 delete_target success /{TARGET_LOCATION}/ROOT.20260618T1600 - - -
2026-08-08T23:30:21-0400 delete_target starting /{TARGET_LOCATION}/ROOT.20260618T1630 - - -
2026-08-08T23:30:21-0400 delete_target success /{TARGET_LOCATION}/ROOT.20260618T1630 - - -
2026-08-08T23:30:21-0400 delete_target starting /{TARGET_LOCATION}/ROOT.20260618T1700 - - -
2026-08-08T23:30:21-0400 delete_target success /{TARGET_LOCATION}/ROOT.20260618T1700 - - -
2026-08-08T23:30:21-0400 delete_target starting /{TARGET_LOCATION}/ROOT.20260618T1730 - - -
2026-08-08T23:30:21-0400 delete_target success /{TARGET_LOCATION}/ROOT.20260618T1730 - - -
2026-08-08T23:30:21-0400 delete_target starting /{TARGET_LOCATION}/ROOT.20260618T1800 - - -
2026-08-08T23:30:21-0400 delete_target success /{TARGET_LOCATION}/ROOT.20260618T1800 - - -
2026-08-08T23:30:21-0400 delete_target starting /{TARGET_LOCATION}/ROOT.20260618T1830 - - -
2026-08-08T23:30:21-0400 delete_target success /{TARGET_LOCATION}/ROOT.20260618T1830 - - -
2026-08-08T23:30:21-0400 delete_target starting /{TARGET_LOCATION}/ROOT.20260618T1900 - - -
2026-08-08T23:30:21-0400 delete_target success /{TARGET_LOCATION}/ROOT.20260618T1900 - - -
2026-08-08T23:30:21-0400 delete_target starting /{TARGET_LOCATION}/ROOT.20260618T1930 - - -
2026-08-08T23:30:21-0400 delete_target success /{TARGET_LOCATION}/ROOT.20260618T1930 - - -
2026-08-08T23:30:21-0400 delete_target starting /{TARGET_LOCATION}/ROOT.20260618T2000 - - -
2026-08-08T23:30:21-0400 delete_target success /{TARGET_LOCATION}/ROOT.20260618T2000 - - -
2026-08-08T23:30:21-0400 delete_target starting /{TARGET_LOCATION}/ROOT.20260618T2030 - - -
2026-08-08T23:30:21-0400 delete_target success /{TARGET_LOCATION}/ROOT.20260618T2030 - - -
2026-08-08T23:30:21-0400 delete_target starting /{TARGET_LOCATION}/ROOT.20260618T2100 - - -
2026-08-08T23:30:21-0400 delete_target success /{TARGET_LOCATION}/ROOT.20260618T2100 - - -
2026-08-08T23:30:21-0400 delete_target starting /{TARGET_LOCATION}/ROOT.20260618T2130 - - -
2026-08-08T23:30:21-0400 delete_target success /{TARGET_LOCATION}/ROOT.20260618T2130 - - -
2026-08-08T23:30:21-0400 delete_target starting /{TARGET_LOCATION}/ROOT.20260618T2200 - - -
2026-08-08T23:30:21-0400 delete_target success /{TARGET_LOCATION}/ROOT.20260618T2200 - - -
2026-08-08T23:30:21-0400 delete_target starting /{TARGET_LOCATION}/ROOT.20260618T2230 - - -
2026-08-08T23:30:21-0400 delete_target success /{TARGET_LOCATION}/ROOT.20260618T2230 - - -
2026-08-08T23:30:21-0400 delete_target starting /{TARGET_LOCATION}/ROOT.20260618T2300 - - -
2026-08-08T23:30:21-0400 delete_target success /{TARGET_LOCATION}/ROOT.20260618T2300 - - -
2026-08-08T23:30:21-0400 delete_target starting /{TARGET_LOCATION}/ROOT.20260618T2330 - - -
2026-08-08T23:30:21-0400 delete_target success /{TARGET_LOCATION}/ROOT.20260618T2330 - - -
2026-08-08T23:30:21-0400 delete_target starting /{TARGET_LOCATION}/ROOT.20260619T0000 - - -
2026-08-08T23:30:21-0400 delete_target success /{TARGET_LOCATION}/ROOT.20260619T0000 - - -
2026-08-08T23:30:21-0400 delete_target starting /{TARGET_LOCATION}/ROOT.20260619T0030 - - -
2026-08-08T23:30:21-0400 delete_target success /{TARGET_LOCATION}/ROOT.20260619T0030 - - -
2026-08-08T23:30:21-0400 delete_target starting /{TARGET_LOCATION}/ROOT.20260619T0100 - - -
2026-08-08T23:30:21-0400 delete_target success /{TARGET_LOCATION}/ROOT.20260619T0100 - - -
2026-08-08T23:30:21-0400 delete_target starting /{TARGET_LOCATION}/ROOT.20260619T0130 - - -
2026-08-08T23:30:21-0400 delete_target success /{TARGET_LOCATION}/ROOT.20260619T0130 - - -
2026-08-08T23:30:21-0400 delete_target starting /{TARGET_LOCATION}/ROOT.20260619T0200 - - -
2026-08-08T23:30:21-0400 delete_target success /{TARGET_LOCATION}/ROOT.20260619T0200 - - -
2026-08-08T23:30:21-0400 delete_target starting /{TARGET_LOCATION}/ROOT.20260619T0230 - - -
2026-08-08T23:30:21-0400 delete_target success /{TARGET_LOCATION}/ROOT.20260619T0230 - - -
2026-08-08T23:30:21-0400 delete_target starting /{TARGET_LOCATION}/ROOT.20260619T0300 - - -
2026-08-08T23:30:21-0400 delete_target success /{TARGET_LOCATION}/ROOT.20260619T0300 - - -
2026-08-08T23:30:21-0400 delete_target starting /{TARGET_LOCATION}/ROOT.20260619T0330 - - -
2026-08-08T23:30:21-0400 delete_target success /{TARGET_LOCATION}/ROOT.20260619T0330 - - -
2026-08-08T23:30:21-0400 delete_target starting /{TARGET_LOCATION}/ROOT.20260619T0400 - - -
2026-08-08T23:30:21-0400 delete_target success /{TARGET_LOCATION}/ROOT.20260619T0400 - - -
2026-08-08T23:30:21-0400 delete_target starting /{TARGET_LOCATION}/ROOT.20260619T0430 - - -
2026-08-08T23:30:21-0400 delete_target success /{TARGET_LOCATION}/ROOT.20260619T0430 - - -
2026-08-08T23:30:21-0400 delete_target starting /{TARGET_LOCATION}/ROOT.20260619T0500 - - -
2026-08-08T23:30:21-0400 delete_target success /{TARGET_LOCATION}/ROOT.20260619T0500 - - -
2026-08-08T23:30:21-0400 delete_target starting /{TARGET_LOCATION}/ROOT.20260619T0530 - - -
2026-08-08T23:30:21-0400 delete_target success /{TARGET_LOCATION}/ROOT.20260619T0530 - - -
2026-08-08T23:30:21-0400 delete_target starting /{TARGET_LOCATION}/ROOT.20260619T0600 - - -
2026-08-08T23:30:21-0400 delete_target success /{TARGET_LOCATION}/ROOT.20260619T0600 - - -
2026-08-08T23:30:21-0400 delete_target starting /{TARGET_LOCATION}/ROOT.20260619T0630 - - -
2026-08-08T23:30:21-0400 delete_target success /{TARGET_LOCATION}/ROOT.20260619T0630 - - -
2026-08-08T23:30:21-0400 delete_target starting /{TARGET_LOCATION}/ROOT.20260619T0700 - - -
2026-08-08T23:30:21-0400 delete_target success /{TARGET_LOCATION}/ROOT.20260619T0700 - - -
2026-08-08T23:30:21-0400 delete_target starting /{TARGET_LOCATION}/ROOT.20260619T0730 - - -
2026-08-08T23:30:21-0400 delete_target success /{TARGET_LOCATION}/ROOT.20260619T0730 - - -
2026-08-08T23:30:21-0400 delete_target starting /{TARGET_LOCATION}/ROOT.20260619T0800 - - -
2026-08-08T23:30:21-0400 delete_target success /{TARGET_LOCATION}/ROOT.20260619T0800 - - -
2026-08-08T23:30:21-0400 delete_target starting /{TARGET_LOCATION}/ROOT.20260619T0830 - - -
2026-08-08T23:30:21-0400 delete_target success /{TARGET_LOCATION}/ROOT.20260619T0830 - - -
2026-08-08T23:30:21-0400 delete_target starting /{TARGET_LOCATION}/ROOT.20260619T0900 - - -
2026-08-08T23:30:21-0400 delete_target success /{TARGET_LOCATION}/ROOT.20260619T0900 - - -
2026-08-08T23:30:21-0400 delete_target starting /{TARGET_LOCATION}/ROOT.20260619T0930 - - -
2026-08-08T23:30:21-0400 delete_target success /{TARGET_LOCATION}/ROOT.20260619T0930 - - -
2026-08-08T23:30:21-0400 delete_target starting /{TARGET_LOCATION}/ROOT.20260619T1000 - - -
2026-08-08T23:30:21-0400 delete_target success /{TARGET_LOCATION}/ROOT.20260619T1000 - - -
2026-08-08T23:30:21-0400 delete_target starting /{TARGET_LOCATION}/ROOT.20260619T1030 - - -
2026-08-08T23:30:21-0400 delete_target success /{TARGET_LOCATION}/ROOT.20260619T1030 - - -
2026-08-08T23:30:21-0400 delete_target starting /{TARGET_LOCATION}/ROOT.20260619T1100 - - -
2026-08-08T23:30:21-0400 delete_target success /{TARGET_LOCATION}/ROOT.20260619T1100 - - -
2026-08-08T23:30:21-0400 delete_target starting /{TARGET_LOCATION}/ROOT.20260619T1130 - - -
2026-08-08T23:30:21-0400 delete_target success /{TARGET_LOCATION}/ROOT.20260619T1130 - - -
2026-08-08T23:30:21-0400 delete_target starting /{TARGET_LOCATION}/ROOT.20260619T1200 - - -
2026-08-08T23:30:21-0400 delete_target success /{TARGET_LOCATION}/ROOT.20260619T1200 - - -
2026-08-08T23:30:21-0400 delete_target starting /{TARGET_LOCATION}/ROOT.20260619T1230 - - -
2026-08-08T23:30:21-0400 delete_target success /{TARGET_LOCATION}/ROOT.20260619T1230 - - -
2026-08-08T23:30:21-0400 delete_target starting /{TARGET_LOCATION}/ROOT.20260619T1300 - - -
2026-08-08T23:30:21-0400 delete_target success /{TARGET_LOCATION}/ROOT.20260619T1300 - - -
2026-08-08T23:30:21-0400 delete_target starting /{TARGET_LOCATION}/ROOT.20260619T1330 - - -
2026-08-08T23:30:21-0400 delete_target success /{TARGET_LOCATION}/ROOT.20260619T1330 - - -
2026-08-08T23:30:21-0400 delete_target starting /{TARGET_LOCATION}/ROOT.20260619T1400 - - -
2026-08-08T23:30:21-0400 delete_target success /{TARGET_LOCATION}/ROOT.20260619T1400 - - -
2026-08-08T23:30:21-0400 delete_target starting /{TARGET_LOCATION}/ROOT.20260619T1430 - - -
2026-08-08T23:30:21-0400 delete_target success /{TARGET_LOCATION}/ROOT.20260619T1430 - - -
2026-08-08T23:30:21-0400 delete_target starting /{TARGET_LOCATION}/ROOT.20260619T1500 - - -
2026-08-08T23:30:21-0400 delete_target success /{TARGET_LOCATION}/ROOT.20260619T1500 - - -
2026-08-08T23:30:21-0400 delete_target starting /{TARGET_LOCATION}/ROOT.20260619T1530 - - -
2026-08-08T23:30:21-0400 delete_target success /{TARGET_LOCATION}/ROOT.20260619T1530 - - -
2026-08-08T23:30:21-0400 delete_target starting /{TARGET_LOCATION}/ROOT.20260619T1600 - - -
2026-08-08T23:30:21-0400 delete_target success /{TARGET_LOCATION}/ROOT.20260619T1600 - - -
2026-08-08T23:30:21-0400 delete_target starting /{TARGET_LOCATION}/ROOT.20260619T1630 - - -
2026-08-08T23:30:21-0400 delete_target success /{TARGET_LOCATION}/ROOT.20260619T1630 - - -
2026-08-08T23:30:21-0400 delete_target starting /{TARGET_LOCATION}/ROOT.20260619T1700 - - -
2026-08-08T23:30:21-0400 delete_target success /{TARGET_LOCATION}/ROOT.20260619T1700 - - -
2026-08-08T23:30:21-0400 delete_target starting /{TARGET_LOCATION}/ROOT.20260619T1730 - - -
2026-08-08T23:30:21-0400 delete_target success /{TARGET_LOCATION}/ROOT.20260619T1730 - - -
2026-08-08T23:30:21-0400 delete_target starting /{TARGET_LOCATION}/ROOT.20260619T1800 - - -
2026-08-08T23:30:21-0400 delete_target success /{TARGET_LOCATION}/ROOT.20260619T1800 - - -
2026-08-08T23:30:21-0400 delete_target starting /{TARGET_LOCATION}/ROOT.20260619T1830 - - -
2026-08-08T23:30:21-0400 delete_target success /{TARGET_LOCATION}/ROOT.20260619T1830 - - -
2026-08-08T23:30:21-0400 delete_target starting /{TARGET_LOCATION}/ROOT.20260619T1900 - - -
2026-08-08T23:30:21-0400 delete_target success /{TARGET_LOCATION}/ROOT.20260619T1900 - - -
2026-08-08T23:30:21-0400 delete_target starting /{TARGET_LOCATION}/ROOT.20260619T1930 - - -
2026-08-08T23:30:21-0400 delete_target success /{TARGET_LOCATION}/ROOT.20260619T1930 - - -
2026-08-08T23:30:21-0400 delete_target starting /{TARGET_LOCATION}/ROOT.20260619T2000 - - -
2026-08-08T23:30:21-0400 delete_target success /{TARGET_LOCATION}/ROOT.20260619T2000 - - -
2026-08-08T23:30:21-0400 delete_target starting /{TARGET_LOCATION}/ROOT.20260619T2030 - - -
2026-08-08T23:30:21-0400 delete_target success /{TARGET_LOCATION}/ROOT.20260619T2030 - - -
2026-08-08T23:30:21-0400 delete_target starting /{TARGET_LOCATION}/ROOT.20260619T2100 - - -
2026-08-08T23:30:21-0400 delete_target success /{TARGET_LOCATION}/ROOT.20260619T2100 - - -
2026-08-08T23:30:21-0400 delete_target starting /{TARGET_LOCATION}/ROOT.20260619T2130 - - -
2026-08-08T23:30:21-0400 delete_target success /{TARGET_LOCATION}/ROOT.20260619T2130 - - -
2026-08-08T23:30:21-0400 delete_target starting /{TARGET_LOCATION}/ROOT.20260619T2200 - - -
2026-08-08T23:30:21-0400 delete_target success /{TARGET_LOCATION}/ROOT.20260619T2200 - - -
2026-08-08T23:30:21-0400 delete_target starting /{TARGET_LOCATION}/ROOT.20260619T2230 - - -
2026-08-08T23:30:21-0400 delete_target success /{TARGET_LOCATION}/ROOT.20260619T2230 - - -
2026-08-08T23:30:21-0400 delete_target starting /{TARGET_LOCATION}/ROOT.20260619T2300 - - -
2026-08-08T23:30:21-0400 delete_target success /{TARGET_LOCATION}/ROOT.20260619T2300 - - -
2026-08-08T23:30:21-0400 delete_target starting /{TARGET_LOCATION}/ROOT.20260619T2330 - - -
2026-08-08T23:30:21-0400 delete_target success /{TARGET_LOCATION}/ROOT.20260619T2330 - - -
2026-08-08T23:30:21-0400 delete_target starting /{TARGET_LOCATION}/ROOT.20260620T0000 - - -
2026-08-08T23:30:21-0400 delete_target success /{TARGET_LOCATION}/ROOT.20260620T0000 - - -
2026-08-08T23:30:21-0400 delete_target starting /{TARGET_LOCATION}/ROOT.20260620T0030 - - -
2026-08-08T23:30:21-0400 delete_target success /{TARGET_LOCATION}/ROOT.20260620T0030 - - -
2026-08-08T23:30:21-0400 delete_target starting /{TARGET_LOCATION}/ROOT.20260620T0100 - - -
2026-08-08T23:30:21-0400 delete_target success /{TARGET_LOCATION}/ROOT.20260620T0100 - - -
2026-08-08T23:30:21-0400 delete_target starting /{TARGET_LOCATION}/ROOT.20260620T0130 - - -
2026-08-08T23:30:21-0400 delete_target success /{TARGET_LOCATION}/ROOT.20260620T0130 - - -
2026-08-08T23:30:21-0400 delete_target starting /{TARGET_LOCATION}/ROOT.20260620T0200 - - -
2026-08-08T23:30:21-0400 delete_target success /{TARGET_LOCATION}/ROOT.20260620T0200 - - -
2026-08-08T23:30:21-0400 delete_target starting /{TARGET_LOCATION}/ROOT.20260620T0230 - - -
2026-08-08T23:30:21-0400 delete_target success /{TARGET_LOCATION}/ROOT.20260620T0230 - - -
2026-08-08T23:30:21-0400 delete_target starting /{TARGET_LOCATION}/ROOT.20260620T0300 - - -
2026-08-08T23:30:21-0400 delete_target success /{TARGET_LOCATION}/ROOT.20260620T0300 - - -
2026-08-08T23:30:21-0400 delete_target starting /{TARGET_LOCATION}/ROOT.20260620T0330 - - -
2026-08-08T23:30:21-0400 delete_target success /{TARGET_LOCATION}/ROOT.20260620T0330 - - -
2026-08-08T23:30:21-0400 delete_target starting /{TARGET_LOCATION}/ROOT.20260620T0400 - - -
2026-08-08T23:30:21-0400 delete_target success /{TARGET_LOCATION}/ROOT.20260620T0400 - - -
2026-08-08T23:30:21-0400 delete_target starting /{TARGET_LOCATION}/ROOT.20260620T0430 - - -
2026-08-08T23:30:21-0400 delete_target success /{TARGET_LOCATION}/ROOT.20260620T0430 - - -
2026-08-08T23:30:21-0400 delete_target starting /{TARGET_LOCATION}/ROOT.20260620T0500 - - -
2026-08-08T23:30:21-0400 delete_target success /{TARGET_LOCATION}/ROOT.20260620T0500 - - -
2026-08-08T23:30:21-0400 delete_target starting /{TARGET_LOCATION}/ROOT.20260620T0530 - - -
2026-08-08T23:30:21-0400 delete_target success /{TARGET_LOCATION}/ROOT.20260620T0530 - - -
2026-08-08T23:30:21-0400 delete_target starting /{TARGET_LOCATION}/ROOT.20260620T0600 - - -
2026-08-08T23:30:21-0400 delete_target success /{TARGET_LOCATION}/ROOT.20260620T0600 - - -
2026-08-08T23:30:21-0400 delete_target starting /{TARGET_LOCATION}/ROOT.20260620T0630 - - -
2026-08-08T23:30:21-0400 delete_target success /{TARGET_LOCATION}/ROOT.20260620T0630 - - -
2026-08-08T23:30:21-0400 delete_target starting /{TARGET_LOCATION}/ROOT.20260620T0700 - - -
2026-08-08T23:30:21-0400 delete_target success /{TARGET_LOCATION}/ROOT.20260620T0700 - - -
2026-08-08T23:30:21-0400 delete_target starting /{TARGET_LOCATION}/ROOT.20260620T0730 - - -
2026-08-08T23:30:21-0400 delete_target success /{TARGET_LOCATION}/ROOT.20260620T0730 - - -
2026-08-08T23:30:21-0400 delete_target starting /{TARGET_LOCATION}/ROOT.20260620T0800 - - -
2026-08-08T23:30:21-0400 delete_target success /{TARGET_LOCATION}/ROOT.20260620T0800 - - -
2026-08-08T23:30:21-0400 delete_target starting /{TARGET_LOCATION}/ROOT.20260620T0830 - - -
2026-08-08T23:30:21-0400 delete_target success /{TARGET_LOCATION}/ROOT.20260620T0830 - - -
2026-08-08T23:30:21-0400 delete_target starting /{TARGET_LOCATION}/ROOT.20260620T0900 - - -
2026-08-08T23:30:21-0400 delete_target success /{TARGET_LOCATION}/ROOT.20260620T0900 - - -
2026-08-08T23:30:21-0400 delete_target starting /{TARGET_LOCATION}/ROOT.20260620T0930 - - -
2026-08-08T23:30:21-0400 delete_target success /{TARGET_LOCATION}/ROOT.20260620T0930 - - -
2026-08-08T23:30:21-0400 delete_target starting /{TARGET_LOCATION}/ROOT.20260620T1000 - - -
2026-08-08T23:30:21-0400 delete_target success /{TARGET_LOCATION}/ROOT.20260620T1000 - - -
2026-08-08T23:30:21-0400 delete_target starting /{TARGET_LOCATION}/ROOT.20260620T1030 - - -
2026-08-08T23:30:21-0400 delete_target success /{TARGET_LOCATION}/ROOT.20260620T1030 - - -
2026-08-08T23:30:21-0400 delete_target starting /{TARGET_LOCATION}/ROOT.20260620T1100 - - -
2026-08-08T23:30:21-0400 delete_target success /{TARGET_LOCATION}/ROOT.20260620T1100 - - -
2026-08-08T23:30:21-0400 delete_target starting /{TARGET_LOCATION}/ROOT.20260620T1130 - - -
2026-08-08T23:30:21-0400 delete_target success /{TARGET_LOCATION}/ROOT.20260620T1130 - - -
2026-08-08T23:30:21-0400 delete_target starting /{TARGET_LOCATION}/ROOT.20260620T1200 - - -
2026-08-08T23:30:21-0400 delete_target success /{TARGET_LOCATION}/ROOT.20260620T1200 - - -
2026-08-08T23:30:21-0400 delete_target starting /{TARGET_LOCATION}/ROOT.20260620T1230 - - -
2026-08-08T23:30:21-0400 delete_target success /{TARGET_LOCATION}/ROOT.20260620T1230 - - -
2026-08-08T23:30:21-0400 delete_target starting /{TARGET_LOCATION}/ROOT.20260620T1300 - - -
2026-08-08T23:30:21-0400 delete_target success /{TARGET_LOCATION}/ROOT.20260620T1300 - - -
2026-08-08T23:30:21-0400 delete_target starting /{TARGET_LOCATION}/ROOT.20260620T1330 - - -
2026-08-08T23:30:21-0400 delete_target success /{TARGET_LOCATION}/ROOT.20260620T1330 - - -
2026-08-08T23:30:21-0400 delete_target starting /{TARGET_LOCATION}/ROOT.20260620T1400 - - -
2026-08-08T23:30:21-0400 delete_target success /{TARGET_LOCATION}/ROOT.20260620T1400 - - -
2026-08-08T23:30:21-0400 delete_target starting /{TARGET_LOCATION}/ROOT.20260620T1430 - - -
2026-08-08T23:30:21-0400 delete_target success /{TARGET_LOCATION}/ROOT.20260620T1430 - - -
2026-08-08T23:30:21-0400 delete_target starting /{TARGET_LOCATION}/ROOT.20260620T1500 - - -
2026-08-08T23:30:21-0400 delete_target success /{TARGET_LOCATION}/ROOT.20260620T1500 - - -
2026-08-08T23:30:21-0400 delete_target starting /{TARGET_LOCATION}/ROOT.20260620T1530 - - -
2026-08-08T23:30:21-0400 delete_target success /{TARGET_LOCATION}/ROOT.20260620T1530 - - -
2026-08-08T23:30:21-0400 delete_target starting /{TARGET_LOCATION}/ROOT.20260620T1600 - - -
2026-08-08T23:30:21-0400 delete_target success /{TARGET_LOCATION}/ROOT.20260620T1600 - - -
2026-08-08T23:30:21-0400 delete_target starting /{TARGET_LOCATION}/ROOT.20260620T1630 - - -
2026-08-08T23:30:21-0400 delete_target success /{TARGET_LOCATION}/ROOT.20260620T1630 - - -
2026-08-08T23:30:21-0400 delete_target starting /{TARGET_LOCATION}/ROOT.20260620T1700 - - -
2026-08-08T23:30:21-0400 delete_target success /{TARGET_LOCATION}/ROOT.20260620T1700 - - -
2026-08-08T23:30:21-0400 delete_target starting /{TARGET_LOCATION}/ROOT.20260620T1730 - - -
2026-08-08T23:30:21-0400 delete_target success /{TARGET_LOCATION}/ROOT.20260620T1730 - - -
2026-08-08T23:30:21-0400 delete_target starting /{TARGET_LOCATION}/ROOT.20260620T1800 - - -
2026-08-08T23:30:21-0400 delete_target success /{TARGET_LOCATION}/ROOT.20260620T1800 - - -
2026-08-08T23:30:21-0400 delete_target starting /{TARGET_LOCATION}/ROOT.20260620T1830 - - -
2026-08-08T23:30:21-0400 delete_target success /{TARGET_LOCATION}/ROOT.20260620T1830 - - -
2026-08-08T23:30:21-0400 delete_target starting /{TARGET_LOCATION}/ROOT.20260620T1900 - - -
2026-08-08T23:30:21-0400 delete_target success /{TARGET_LOCATION}/ROOT.20260620T1900 - - -
2026-08-08T23:30:21-0400 delete_target starting /{TARGET_LOCATION}/ROOT.20260620T1930 - - -
2026-08-08T23:30:21-0400 delete_target success /{TARGET_LOCATION}/ROOT.20260620T1930 - - -
2026-08-08T23:30:21-0400 delete_target starting /{TARGET_LOCATION}/ROOT.20260620T2000 - - -
2026-08-08T23:30:21-0400 delete_target success /{TARGET_LOCATION}/ROOT.20260620T2000 - - -
2026-08-08T23:30:21-0400 delete_target starting /{TARGET_LOCATION}/ROOT.20260620T2030 - - -
2026-08-08T23:30:21-0400 delete_target success /{TARGET_LOCATION}/ROOT.20260620T2030 - - -
2026-08-08T23:30:21-0400 delete_target starting /{TARGET_LOCATION}/ROOT.20260620T2100 - - -
2026-08-08T23:30:21-0400 delete_target success /{TARGET_LOCATION}/ROOT.20260620T2100 - - -
2026-08-08T23:30:21-0400 delete_target starting /{TARGET_LOCATION}/ROOT.20260620T2130 - - -
2026-08-08T23:30:21-0400 delete_target success /{TARGET_LOCATION}/ROOT.20260620T2130 - - -
2026-08-08T23:30:21-0400 delete_target starting /{TARGET_LOCATION}/ROOT.20260620T2200 - - -
2026-08-08T23:30:21-0400 delete_target success /{TARGET_LOCATION}/ROOT.20260620T2200 - - -
2026-08-08T23:30:21-0400 delete_target starting /{TARGET_LOCATION}/ROOT.20260620T2230 - - -
2026-08-08T23:30:21-0400 delete_target success /{TARGET_LOCATION}/ROOT.20260620T2230 - - -
2026-08-08T23:30:21-0400 delete_target starting /{TARGET_LOCATION}/ROOT.20260620T2300 - - -
2026-08-08T23:30:21-0400 delete_target success /{TARGET_LOCATION}/ROOT.20260620T2300 - - -
2026-08-08T23:30:21-0400 delete_target starting /{TARGET_LOCATION}/ROOT.20260620T2330 - - -
2026-08-08T23:30:21-0400 delete_target success /{TARGET_LOCATION}/ROOT.20260620T2330 - - -
2026-08-08T23:30:21-0400 delete_target starting /{TARGET_LOCATION}/ROOT.20260621T0000 - - -
2026-08-08T23:30:21-0400 delete_target success /{TARGET_LOCATION}/ROOT.20260621T0000 - - -
2026-08-08T23:30:21-0400 delete_target starting /{TARGET_LOCATION}/ROOT.20260621T0030 - - -
2026-08-08T23:30:21-0400 delete_target success /{TARGET_LOCATION}/ROOT.20260621T0030 - - -
2026-08-08T23:30:21-0400 delete_target starting /{TARGET_LOCATION}/ROOT.20260621T0100 - - -
2026-08-08T23:30:21-0400 delete_target success /{TARGET_LOCATION}/ROOT.20260621T0100 - - -
2026-08-08T23:30:21-0400 delete_target starting /{TARGET_LOCATION}/ROOT.20260621T0130 - - -
2026-08-08T23:30:21-0400 delete_target success /{TARGET_LOCATION}/ROOT.20260621T0130 - - -
2026-08-08T23:30:21-0400 delete_target starting /{TARGET_LOCATION}/ROOT.20260621T0200 - - -
2026-08-08T23:30:21-0400 delete_target success /{TARGET_LOCATION}/ROOT.20260621T0200 - - -
2026-08-08T23:30:21-0400 delete_target starting /{TARGET_LOCATION}/ROOT.20260621T0230 - - -
2026-08-08T23:30:21-0400 delete_target success /{TARGET_LOCATION}/ROOT.20260621T0230 - - -
2026-08-08T23:30:21-0400 delete_target starting /{TARGET_LOCATION}/ROOT.20260621T0300 - - -
2026-08-08T23:30:21-0400 delete_target success /{TARGET_LOCATION}/ROOT.20260621T0300 - - -
2026-08-08T23:30:21-0400 delete_target starting /{TARGET_LOCATION}/ROOT.20260621T0330 - - -
2026-08-08T23:30:21-0400 delete_target success /{TARGET_LOCATION}/ROOT.20260621T0330 - - -
2026-08-08T23:30:21-0400 delete_target starting /{TARGET_LOCATION}/ROOT.20260621T0400 - - -
2026-08-08T23:30:21-0400 delete_target success /{TARGET_LOCATION}/ROOT.20260621T0400 - - -
2026-08-08T23:30:21-0400 delete_target starting /{TARGET_LOCATION}/ROOT.20260621T0430 - - -
2026-08-08T23:30:21-0400 delete_target success /{TARGET_LOCATION}/ROOT.20260621T0430 - - -
2026-08-08T23:30:21-0400 delete_target starting /{TARGET_LOCATION}/ROOT.20260621T0500 - - -
2026-08-08T23:30:21-0400 delete_target success /{TARGET_LOCATION}/ROOT.20260621T0500 - - -
2026-08-08T23:30:21-0400 delete_target starting /{TARGET_LOCATION}/ROOT.20260621T0530 - - -
2026-08-08T23:30:22-0400 delete_target success /{TARGET_LOCATION}/ROOT.20260621T0530 - - -
2026-08-08T23:30:22-0400 delete_target starting /{TARGET_LOCATION}/ROOT.20260621T0600 - - -
2026-08-08T23:30:22-0400 delete_target success /{TARGET_LOCATION}/ROOT.20260621T0600 - - -
2026-08-08T23:30:22-0400 delete_target starting /{TARGET_LOCATION}/ROOT.20260621T0630 - - -
2026-08-08T23:30:22-0400 delete_target success /{TARGET_LOCATION}/ROOT.20260621T0630 - - -
2026-08-08T23:30:22-0400 delete_target starting /{TARGET_LOCATION}/ROOT.20260621T0700 - - -
2026-08-08T23:30:22-0400 delete_target success /{TARGET_LOCATION}/ROOT.20260621T0700 - - -
2026-08-08T23:30:22-0400 delete_target starting /{TARGET_LOCATION}/ROOT.20260621T0730 - - -
2026-08-08T23:30:22-0400 delete_target success /{TARGET_LOCATION}/ROOT.20260621T0730 - - -
2026-08-08T23:30:22-0400 delete_target starting /{TARGET_LOCATION}/ROOT.20260621T0800 - - -
2026-08-08T23:30:22-0400 delete_target success /{TARGET_LOCATION}/ROOT.20260621T0800 - - -
2026-08-08T23:30:22-0400 delete_target starting /{TARGET_LOCATION}/ROOT.20260621T0830 - - -
2026-08-08T23:30:22-0400 delete_target success /{TARGET_LOCATION}/ROOT.20260621T0830 - - -
2026-08-08T23:30:22-0400 delete_target starting /{TARGET_LOCATION}/ROOT.20260621T0900 - - -
2026-08-08T23:30:22-0400 delete_target success /{TARGET_LOCATION}/ROOT.20260621T0900 - - -
2026-08-08T23:30:22-0400 delete_target starting /{TARGET_LOCATION}/ROOT.20260621T0930 - - -
2026-08-08T23:30:22-0400 delete_target success /{TARGET_LOCATION}/ROOT.20260621T0930 - - -
2026-08-08T23:30:22-0400 delete_target starting /{TARGET_LOCATION}/ROOT.20260621T1000 - - -
2026-08-08T23:30:22-0400 delete_target success /{TARGET_LOCATION}/ROOT.20260621T1000 - - -
2026-08-08T23:30:22-0400 delete_target starting /{TARGET_LOCATION}/ROOT.20260621T1030 - - -
2026-08-08T23:30:22-0400 delete_target success /{TARGET_LOCATION}/ROOT.20260621T1030 - - -
2026-08-08T23:30:22-0400 delete_target starting /{TARGET_LOCATION}/ROOT.20260621T1100 - - -
2026-08-08T23:30:22-0400 delete_target success /{TARGET_LOCATION}/ROOT.20260621T1100 - - -
2026-08-08T23:30:22-0400 delete_target starting /{TARGET_LOCATION}/ROOT.20260621T1130 - - -
2026-08-08T23:30:22-0400 delete_target success /{TARGET_LOCATION}/ROOT.20260621T1130 - - -
2026-08-08T23:30:22-0400 delete_target starting /{TARGET_LOCATION}/ROOT.20260621T1200 - - -
2026-08-08T23:30:22-0400 delete_target success /{TARGET_LOCATION}/ROOT.20260621T1200 - - -
2026-08-08T23:30:22-0400 delete_target starting /{TARGET_LOCATION}/ROOT.20260621T1230 - - -
2026-08-08T23:30:22-0400 delete_target success /{TARGET_LOCATION}/ROOT.20260621T1230 - - -
2026-08-08T23:30:22-0400 delete_target starting /{TARGET_LOCATION}/ROOT.20260621T1300 - - -
2026-08-08T23:30:22-0400 delete_target success /{TARGET_LOCATION}/ROOT.20260621T1300 - - -
2026-08-08T23:30:22-0400 delete_target starting /{TARGET_LOCATION}/ROOT.20260621T1330 - - -
2026-08-08T23:30:22-0400 delete_target success /{TARGET_LOCATION}/ROOT.20260621T1330 - - -
2026-08-08T23:30:22-0400 delete_target starting /{TARGET_LOCATION}/ROOT.20260621T1400 - - -
2026-08-08T23:30:22-0400 delete_target success /{TARGET_LOCATION}/ROOT.20260621T1400 - - -
2026-08-08T23:30:22-0400 delete_target starting /{TARGET_LOCATION}/ROOT.20260621T1430 - - -
2026-08-08T23:30:22-0400 delete_target success /{TARGET_LOCATION}/ROOT.20260621T1430 - - -
2026-08-08T23:30:22-0400 delete_target starting /{TARGET_LOCATION}/ROOT.20260621T1500 - - -
2026-08-08T23:30:22-0400 delete_target success /{TARGET_LOCATION}/ROOT.20260621T1500 - - -
2026-08-08T23:30:22-0400 delete_target starting /{TARGET_LOCATION}/ROOT.20260621T1530 - - -
2026-08-08T23:30:22-0400 delete_target success /{TARGET_LOCATION}/ROOT.20260621T1530 - - -
2026-08-08T23:30:22-0400 delete_target starting /{TARGET_LOCATION}/ROOT.20260621T1600 - - -
2026-08-08T23:30:22-0400 delete_target success /{TARGET_LOCATION}/ROOT.20260621T1600 - - -
2026-08-08T23:30:22-0400 delete_target starting /{TARGET_LOCATION}/ROOT.20260621T1630 - - -
2026-08-08T23:30:22-0400 delete_target success /{TARGET_LOCATION}/ROOT.20260621T1630 - - -
2026-08-08T23:30:22-0400 delete_target starting /{TARGET_LOCATION}/ROOT.20260621T1700 - - -
2026-08-08T23:30:22-0400 delete_target success /{TARGET_LOCATION}/ROOT.20260621T1700 - - -
2026-08-08T23:30:22-0400 delete_target starting /{TARGET_LOCATION}/ROOT.20260621T1730 - - -
2026-08-08T23:30:22-0400 delete_target success /{TARGET_LOCATION}/ROOT.20260621T1730 - - -
2026-08-08T23:30:22-0400 delete_target starting /{TARGET_LOCATION}/ROOT.20260621T1800 - - -
2026-08-08T23:30:22-0400 delete_target success /{TARGET_LOCATION}/ROOT.20260621T1800 - - -
2026-08-08T23:30:22-0400 delete_target starting /{TARGET_LOCATION}/ROOT.20260621T1830 - - -
2026-08-08T23:30:22-0400 delete_target success /{TARGET_LOCATION}/ROOT.20260621T1830 - - -
2026-08-08T23:30:22-0400 delete_target starting /{TARGET_LOCATION}/ROOT.20260621T1900 - - -
2026-08-08T23:30:22-0400 delete_target success /{TARGET_LOCATION}/ROOT.20260621T1900 - - -
2026-08-08T23:30:22-0400 delete_target starting /{TARGET_LOCATION}/ROOT.20260621T1930 - - -
2026-08-08T23:30:22-0400 delete_target success /{TARGET_LOCATION}/ROOT.20260621T1930 - - -
2026-08-08T23:30:22-0400 delete_target starting /{TARGET_LOCATION}/ROOT.20260621T2000 - - -
2026-08-08T23:30:22-0400 delete_target success /{TARGET_LOCATION}/ROOT.20260621T2000 - - -
2026-08-08T23:30:22-0400 delete_target starting /{TARGET_LOCATION}/ROOT.20260621T2030 - - -
2026-08-08T23:30:22-0400 delete_target success /{TARGET_LOCATION}/ROOT.20260621T2030 - - -
2026-08-08T23:30:22-0400 delete_target starting /{TARGET_LOCATION}/ROOT.20260621T2100 - - -
2026-08-08T23:30:22-0400 delete_target success /{TARGET_LOCATION}/ROOT.20260621T2100 - - -
2026-08-08T23:30:22-0400 delete_target starting /{TARGET_LOCATION}/ROOT.20260621T2130 - - -
2026-08-08T23:30:22-0400 delete_target success /{TARGET_LOCATION}/ROOT.20260621T2130 - - -
2026-08-08T23:30:22-0400 delete_target starting /{TARGET_LOCATION}/ROOT.20260621T2200 - - -
2026-08-08T23:30:22-0400 delete_target success /{TARGET_LOCATION}/ROOT.20260621T2200 - - -
2026-08-08T23:30:22-0400 delete_target starting /{TARGET_LOCATION}/ROOT.20260621T2230 - - -
2026-08-08T23:30:22-0400 delete_target success /{TARGET_LOCATION}/ROOT.20260621T2230 - - -
2026-08-08T23:30:22-0400 delete_target starting /{TARGET_LOCATION}/ROOT.20260621T2300 - - -
2026-08-08T23:30:22-0400 delete_target success /{TARGET_LOCATION}/ROOT.20260621T2300 - - -
2026-08-08T23:30:22-0400 delete_target starting /{TARGET_LOCATION}/ROOT.20260621T2330 - - -
2026-08-08T23:30:22-0400 delete_target success /{TARGET_LOCATION}/ROOT.20260621T2330 - - -
2026-08-08T23:30:22-0400 delete_target starting /{TARGET_LOCATION}/ROOT.20260622T0000 - - -
2026-08-08T23:30:22-0400 delete_target success /{TARGET_LOCATION}/ROOT.20260622T0000 - - -
2026-08-08T23:30:22-0400 delete_target starting /{TARGET_LOCATION}/ROOT.20260622T0030 - - -
2026-08-08T23:30:22-0400 delete_target success /{TARGET_LOCATION}/ROOT.20260622T0030 - - -
2026-08-08T23:30:22-0400 delete_target starting /{TARGET_LOCATION}/ROOT.20260622T0100 - - -
2026-08-08T23:30:22-0400 delete_target success /{TARGET_LOCATION}/ROOT.20260622T0100 - - -
2026-08-08T23:30:22-0400 delete_target starting /{TARGET_LOCATION}/ROOT.20260622T0130 - - -
2026-08-08T23:30:22-0400 delete_target success /{TARGET_LOCATION}/ROOT.20260622T0130 - - -
2026-08-08T23:30:22-0400 delete_target starting /{TARGET_LOCATION}/ROOT.20260622T0200 - - -
2026-08-08T23:30:22-0400 delete_target success /{TARGET_LOCATION}/ROOT.20260622T0200 - - -
2026-08-08T23:30:22-0400 delete_target starting /{TARGET_LOCATION}/ROOT.20260622T0230 - - -
2026-08-08T23:30:22-0400 delete_target success /{TARGET_LOCATION}/ROOT.20260622T0230 - - -
2026-08-08T23:30:22-0400 delete_target starting /{TARGET_LOCATION}/ROOT.20260622T0300 - - -
2026-08-08T23:30:22-0400 delete_target success /{TARGET_LOCATION}/ROOT.20260622T0300 - - -
2026-08-08T23:30:22-0400 delete_target starting /{TARGET_LOCATION}/ROOT.20260622T0330 - - -
2026-08-08T23:30:22-0400 delete_target success /{TARGET_LOCATION}/ROOT.20260622T0330 - - -
2026-08-08T23:30:22-0400 delete_target starting /{TARGET_LOCATION}/ROOT.20260622T0400 - - -
2026-08-08T23:30:22-0400 delete_target success /{TARGET_LOCATION}/ROOT.20260622T0400 - - -
2026-08-08T23:30:22-0400 delete_target starting /{TARGET_LOCATION}/ROOT.20260622T0430 - - -
2026-08-08T23:30:22-0400 delete_target success /{TARGET_LOCATION}/ROOT.20260622T0430 - - -
2026-08-08T23:30:22-0400 delete_target starting /{TARGET_LOCATION}/ROOT.20260622T0500 - - -
2026-08-08T23:30:22-0400 delete_target success /{TARGET_LOCATION}/ROOT.20260622T0500 - - -
2026-08-08T23:30:22-0400 delete_target starting /{TARGET_LOCATION}/ROOT.20260622T0530 - - -
2026-08-08T23:30:22-0400 delete_target success /{TARGET_LOCATION}/ROOT.20260622T0530 - - -
2026-08-08T23:30:22-0400 delete_target starting /{TARGET_LOCATION}/ROOT.20260622T0600 - - -
2026-08-08T23:30:22-0400 delete_target success /{TARGET_LOCATION}/ROOT.20260622T0600 - - -
2026-08-08T23:30:22-0400 delete_target starting /{TARGET_LOCATION}/ROOT.20260622T0630 - - -
2026-08-08T23:30:22-0400 delete_target success /{TARGET_LOCATION}/ROOT.20260622T0630 - - -
2026-08-08T23:30:22-0400 delete_target starting /{TARGET_LOCATION}/ROOT.20260622T0700 - - -
2026-08-08T23:30:22-0400 delete_target success /{TARGET_LOCATION}/ROOT.20260622T0700 - - -
2026-08-08T23:30:22-0400 delete_target starting /{TARGET_LOCATION}/ROOT.20260622T0730 - - -
2026-08-08T23:30:22-0400 delete_target success /{TARGET_LOCATION}/ROOT.20260622T0730 - - -
2026-08-08T23:30:22-0400 delete_target starting /{TARGET_LOCATION}/ROOT.20260622T0800 - - -
2026-08-08T23:30:22-0400 delete_target success /{TARGET_LOCATION}/ROOT.20260622T0800 - - -
2026-08-08T23:30:22-0400 delete_target starting /{TARGET_LOCATION}/ROOT.20260622T0830 - - -
2026-08-08T23:30:22-0400 delete_target success /{TARGET_LOCATION}/ROOT.20260622T0830 - - -
2026-08-08T23:30:22-0400 delete_target starting /{TARGET_LOCATION}/ROOT.20260622T0900 - - -
2026-08-08T23:30:22-0400 delete_target success /{TARGET_LOCATION}/ROOT.20260622T0900 - - -
2026-08-08T23:30:22-0400 delete_target starting /{TARGET_LOCATION}/ROOT.20260622T0930 - - -
2026-08-08T23:30:22-0400 delete_target success /{TARGET_LOCATION}/ROOT.20260622T0930 - - -
2026-08-08T23:30:22-0400 delete_target starting /{TARGET_LOCATION}/ROOT.20260622T1000 - - -
2026-08-08T23:30:22-0400 delete_target success /{TARGET_LOCATION}/ROOT.20260622T1000 - - -
2026-08-08T23:30:22-0400 delete_target starting /{TARGET_LOCATION}/ROOT.20260622T1030 - - -
2026-08-08T23:30:22-0400 delete_target success /{TARGET_LOCATION}/ROOT.20260622T1030 - - -
2026-08-08T23:30:22-0400 delete_target starting /{TARGET_LOCATION}/ROOT.20260622T1100 - - -
2026-08-08T23:30:22-0400 delete_target success /{TARGET_LOCATION}/ROOT.20260622T1100 - - -
2026-08-08T23:30:22-0400 delete_target starting /{TARGET_LOCATION}/ROOT.20260622T1130 - - -
2026-08-08T23:30:22-0400 delete_target success /{TARGET_LOCATION}/ROOT.20260622T1130 - - -
2026-08-08T23:30:22-0400 delete_target starting /{TARGET_LOCATION}/ROOT.20260622T1200 - - -
2026-08-08T23:30:22-0400 delete_target success /{TARGET_LOCATION}/ROOT.20260622T1200 - - -
2026-08-08T23:30:22-0400 delete_target starting /{TARGET_LOCATION}/ROOT.20260622T1230 - - -
2026-08-08T23:30:22-0400 delete_target success /{TARGET_LOCATION}/ROOT.20260622T1230 - - -
2026-08-08T23:30:22-0400 delete_target starting /{TARGET_LOCATION}/ROOT.20260622T1300 - - -
2026-08-08T23:30:22-0400 delete_target success /{TARGET_LOCATION}/ROOT.20260622T1300 - - -
2026-08-08T23:30:22-0400 delete_target starting /{TARGET_LOCATION}/ROOT.20260622T1330 - - -
2026-08-08T23:30:22-0400 delete_target success /{TARGET_LOCATION}/ROOT.20260622T1330 - - -
2026-08-08T23:30:22-0400 delete_target starting /{TARGET_LOCATION}/ROOT.20260622T1400 - - -
2026-08-08T23:30:22-0400 delete_target success /{TARGET_LOCATION}/ROOT.20260622T1400 - - -
2026-08-08T23:30:22-0400 delete_target starting /{TARGET_LOCATION}/ROOT.20260622T1430 - - -
2026-08-08T23:30:22-0400 delete_target success /{TARGET_LOCATION}/ROOT.20260622T1430 - - -
2026-08-08T23:30:22-0400 delete_target starting /{TARGET_LOCATION}/ROOT.20260622T1500 - - -
2026-08-08T23:30:22-0400 delete_target success /{TARGET_LOCATION}/ROOT.20260622T1500 - - -
2026-08-08T23:30:22-0400 delete_target starting /{TARGET_LOCATION}/ROOT.20260622T1530 - - -
2026-08-08T23:30:22-0400 delete_target success /{TARGET_LOCATION}/ROOT.20260622T1530 - - -
2026-08-08T23:30:22-0400 delete_target starting /{TARGET_LOCATION}/ROOT.20260622T1600 - - -
2026-08-08T23:30:22-0400 delete_target success /{TARGET_LOCATION}/ROOT.20260622T1600 - - -
2026-08-08T23:30:22-0400 delete_target starting /{TARGET_LOCATION}/ROOT.20260622T1630 - - -
2026-08-08T23:30:22-0400 delete_target success /{TARGET_LOCATION}/ROOT.20260622T1630 - - -
2026-08-08T23:30:22-0400 delete_target starting /{TARGET_LOCATION}/ROOT.20260622T1700 - - -
2026-08-08T23:30:22-0400 delete_target success /{TARGET_LOCATION}/ROOT.20260622T1700 - - -
2026-08-08T23:30:22-0400 delete_target starting /{TARGET_LOCATION}/ROOT.20260622T1730 - - -
2026-08-08T23:30:22-0400 delete_target success /{TARGET_LOCATION}/ROOT.20260622T1730 - - -
2026-08-08T23:30:22-0400 delete_target starting /{TARGET_LOCATION}/ROOT.20260622T1800 - - -
2026-08-08T23:30:22-0400 delete_target success /{TARGET_LOCATION}/ROOT.20260622T1800 - - -
2026-08-08T23:30:22-0400 delete_target starting /{TARGET_LOCATION}/ROOT.20260622T1830 - - -
2026-08-08T23:30:22-0400 delete_target success /{TARGET_LOCATION}/ROOT.20260622T1830 - - -
2026-08-08T23:30:22-0400 delete_target starting /{TARGET_LOCATION}/ROOT.20260622T1900 - - -
2026-08-08T23:30:22-0400 delete_target success /{TARGET_LOCATION}/ROOT.20260622T1900 - - -
2026-08-08T23:30:22-0400 delete_target starting /{TARGET_LOCATION}/ROOT.20260622T1930 - - -
2026-08-08T23:30:22-0400 delete_target success /{TARGET_LOCATION}/ROOT.20260622T1930 - - -
2026-08-08T23:30:22-0400 delete_target starting /{TARGET_LOCATION}/ROOT.20260622T2000 - - -
2026-08-08T23:30:22-0400 delete_target success /{TARGET_LOCATION}/ROOT.20260622T2000 - - -
2026-08-08T23:30:22-0400 delete_target starting /{TARGET_LOCATION}/ROOT.20260622T2030 - - -
2026-08-08T23:30:22-0400 delete_target success /{TARGET_LOCATION}/ROOT.20260622T2030 - - -
2026-08-08T23:30:22-0400 delete_target starting /{TARGET_LOCATION}/ROOT.20260622T2100 - - -
2026-08-08T23:30:22-0400 delete_target success /{TARGET_LOCATION}/ROOT.20260622T2100 - - -
2026-08-08T23:30:22-0400 delete_target starting /{TARGET_LOCATION}/ROOT.20260622T2130 - - -
2026-08-08T23:30:22-0400 delete_target success /{TARGET_LOCATION}/ROOT.20260622T2130 - - -
2026-08-08T23:30:22-0400 delete_target starting /{TARGET_LOCATION}/ROOT.20260622T2200 - - -
2026-08-08T23:30:22-0400 delete_target success /{TARGET_LOCATION}/ROOT.20260622T2200 - - -
2026-08-08T23:30:22-0400 delete_target starting /{TARGET_LOCATION}/ROOT.20260622T2230 - - -
2026-08-08T23:30:22-0400 delete_target success /{TARGET_LOCATION}/ROOT.20260622T2230 - - -
2026-08-08T23:30:22-0400 delete_target starting /{TARGET_LOCATION}/ROOT.20260622T2300 - - -
2026-08-08T23:30:22-0400 delete_target success /{TARGET_LOCATION}/ROOT.20260622T2300 - - -
2026-08-08T23:30:22-0400 delete_target starting /{TARGET_LOCATION}/ROOT.20260622T2330 - - -
2026-08-08T23:30:22-0400 delete_target success /{TARGET_LOCATION}/ROOT.20260622T2330 - - -
2026-08-08T23:30:22-0400 delete_target starting /{TARGET_LOCATION}/ROOT.20260623T0000 - - -
2026-08-08T23:30:22-0400 delete_target success /{TARGET_LOCATION}/ROOT.20260623T0000 - - -
2026-08-08T23:30:22-0400 delete_target starting /{TARGET_LOCATION}/ROOT.20260623T0030 - - -
2026-08-08T23:30:22-0400 delete_target success /{TARGET_LOCATION}/ROOT.20260623T0030 - - -
2026-08-08T23:30:22-0400 delete_target starting /{TARGET_LOCATION}/ROOT.20260623T0100 - - -
2026-08-08T23:30:22-0400 delete_target success /{TARGET_LOCATION}/ROOT.20260623T0100 - - -
2026-08-08T23:30:22-0400 delete_target starting /{TARGET_LOCATION}/ROOT.20260623T0130 - - -
2026-08-08T23:30:22-0400 delete_target success /{TARGET_LOCATION}/ROOT.20260623T0130 - - -
2026-08-08T23:30:22-0400 delete_target starting /{TARGET_LOCATION}/ROOT.20260623T0200 - - -
2026-08-08T23:30:22-0400 delete_target success /{TARGET_LOCATION}/ROOT.20260623T0200 - - -
2026-08-08T23:30:22-0400 delete_target starting /{TARGET_LOCATION}/ROOT.20260623T0230 - - -
2026-08-08T23:30:22-0400 delete_target success /{TARGET_LOCATION}/ROOT.20260623T0230 - - -
2026-08-08T23:30:22-0400 delete_target starting /{TARGET_LOCATION}/ROOT.20260623T0300 - - -
2026-08-08T23:30:22-0400 delete_target success /{TARGET_LOCATION}/ROOT.20260623T0300 - - -
2026-08-08T23:30:22-0400 delete_target starting /{TARGET_LOCATION}/ROOT.20260623T0330 - - -
2026-08-08T23:30:22-0400 delete_target success /{TARGET_LOCATION}/ROOT.20260623T0330 - - -
2026-08-08T23:30:22-0400 delete_target starting /{TARGET_LOCATION}/ROOT.20260623T0400 - - -
2026-08-08T23:30:22-0400 delete_target success /{TARGET_LOCATION}/ROOT.20260623T0400 - - -
2026-08-08T23:30:22-0400 delete_target starting /{TARGET_LOCATION}/ROOT.20260623T0430 - - -
2026-08-08T23:30:22-0400 delete_target success /{TARGET_LOCATION}/ROOT.20260623T0430 - - -
2026-08-08T23:30:22-0400 delete_target starting /{TARGET_LOCATION}/ROOT.20260623T0500 - - -
2026-08-08T23:30:22-0400 delete_target success /{TARGET_LOCATION}/ROOT.20260623T0500 - - -
2026-08-08T23:30:22-0400 delete_target starting /{TARGET_LOCATION}/ROOT.20260623T0530 - - -
2026-08-08T23:30:22-0400 delete_target success /{TARGET_LOCATION}/ROOT.20260623T0530 - - -
2026-08-08T23:30:22-0400 delete_target starting /{TARGET_LOCATION}/ROOT.20260623T0600 - - -
2026-08-08T23:30:22-0400 delete_target success /{TARGET_LOCATION}/ROOT.20260623T0600 - - -
2026-08-08T23:30:22-0400 delete_target starting /{TARGET_LOCATION}/ROOT.20260623T0630 - - -
2026-08-08T23:30:22-0400 delete_target success /{TARGET_LOCATION}/ROOT.20260623T0630 - - -
2026-08-08T23:30:22-0400 delete_target starting /{TARGET_LOCATION}/ROOT.20260623T0700 - - -
2026-08-08T23:30:22-0400 delete_target success /{TARGET_LOCATION}/ROOT.20260623T0700 - - -
2026-08-08T23:30:22-0400 delete_target starting /{TARGET_LOCATION}/ROOT.20260623T0730 - - -
2026-08-08T23:30:22-0400 delete_target success /{TARGET_LOCATION}/ROOT.20260623T0730 - - -
2026-08-08T23:30:22-0400 delete_target starting /{TARGET_LOCATION}/ROOT.20260623T0800 - - -
2026-08-08T23:30:22-0400 delete_target success /{TARGET_LOCATION}/ROOT.20260623T0800 - - -
2026-08-08T23:30:22-0400 delete_target starting /{TARGET_LOCATION}/ROOT.20260623T0830 - - -
2026-08-08T23:30:22-0400 delete_target success /{TARGET_LOCATION}/ROOT.20260623T0830 - - -
2026-08-08T23:30:22-0400 delete_target starting /{TARGET_LOCATION}/ROOT.20260623T0900 - - -
2026-08-08T23:30:22-0400 delete_target success /{TARGET_LOCATION}/ROOT.20260623T0900 - - -
2026-08-08T23:30:22-0400 delete_target starting /{TARGET_LOCATION}/ROOT.20260623T0930 - - -
2026-08-08T23:30:22-0400 delete_target success /{TARGET_LOCATION}/ROOT.20260623T0930 - - -
2026-08-08T23:30:22-0400 delete_target starting /{TARGET_LOCATION}/ROOT.20260623T1000 - - -
2026-08-08T23:30:22-0400 delete_target success /{TARGET_LOCATION}/ROOT.20260623T1000 - - -
2026-08-08T23:30:22-0400 delete_target starting /{TARGET_LOCATION}/ROOT.20260623T1030 - - -
2026-08-08T23:30:22-0400 delete_target success /{TARGET_LOCATION}/ROOT.20260623T1030 - - -
2026-08-08T23:30:22-0400 delete_target starting /{TARGET_LOCATION}/ROOT.20260623T1100 - - -
2026-08-08T23:30:22-0400 delete_target success /{TARGET_LOCATION}/ROOT.20260623T1100 - - -
2026-08-08T23:30:22-0400 delete_target starting /{TARGET_LOCATION}/ROOT.20260623T1130 - - -
2026-08-08T23:30:22-0400 delete_target success /{TARGET_LOCATION}/ROOT.20260623T1130 - - -
2026-08-08T23:30:22-0400 delete_target starting /{TARGET_LOCATION}/ROOT.20260623T1200 - - -
2026-08-08T23:30:22-0400 delete_target success /{TARGET_LOCATION}/ROOT.20260623T1200 - - -
2026-08-08T23:30:22-0400 delete_target starting /{TARGET_LOCATION}/ROOT.20260623T1230 - - -
2026-08-08T23:30:22-0400 delete_target success /{TARGET_LOCATION}/ROOT.20260623T1230 - - -
2026-08-08T23:30:22-0400 delete_target starting /{TARGET_LOCATION}/ROOT.20260623T1300 - - -
2026-08-08T23:30:22-0400 delete_target success /{TARGET_LOCATION}/ROOT.20260623T1300 - - -
2026-08-08T23:30:22-0400 delete_target starting /{TARGET_LOCATION}/ROOT.20260623T1330 - - -
2026-08-08T23:30:22-0400 delete_target success /{TARGET_LOCATION}/ROOT.20260623T1330 - - -
2026-08-08T23:30:22-0400 delete_target starting /{TARGET_LOCATION}/ROOT.20260623T1400 - - -
2026-08-08T23:30:22-0400 delete_target success /{TARGET_LOCATION}/ROOT.20260623T1400 - - -
2026-08-08T23:30:22-0400 delete_target starting /{TARGET_LOCATION}/ROOT.20260623T1430 - - -
2026-08-08T23:30:22-0400 delete_target success /{TARGET_LOCATION}/ROOT.20260623T1430 - - -
2026-08-08T23:30:22-0400 delete_target starting /{TARGET_LOCATION}/ROOT.20260623T1500 - - -
2026-08-08T23:30:22-0400 delete_target success /{TARGET_LOCATION}/ROOT.20260623T1500 - - -
2026-08-08T23:30:22-0400 delete_target starting /{TARGET_LOCATION}/ROOT.20260623T1530 - - -
2026-08-08T23:30:22-0400 delete_target success /{TARGET_LOCATION}/ROOT.20260623T1530 - - -
2026-08-08T23:30:22-0400 delete_target starting /{TARGET_LOCATION}/ROOT.20260623T1600 - - -
2026-08-08T23:30:22-0400 delete_target success /{TARGET_LOCATION}/ROOT.20260623T1600 - - -
2026-08-08T23:30:22-0400 delete_target starting /{TARGET_LOCATION}/ROOT.20260623T1630 - - -
2026-08-08T23:30:22-0400 delete_target success /{TARGET_LOCATION}/ROOT.20260623T1630 - - -
2026-08-08T23:30:22-0400 delete_target starting /{TARGET_LOCATION}/ROOT.20260623T1700 - - -
2026-08-08T23:30:22-0400 delete_target success /{TARGET_LOCATION}/ROOT.20260623T1700 - - -
2026-08-08T23:30:22-0400 delete_target starting /{TARGET_LOCATION}/ROOT.20260623T1730 - - -
2026-08-08T23:30:22-0400 delete_target success /{TARGET_LOCATION}/ROOT.20260623T1730 - - -
2026-08-08T23:30:22-0400 delete_target starting /{TARGET_LOCATION}/ROOT.20260623T1800 - - -
2026-08-08T23:30:22-0400 delete_target success /{TARGET_LOCATION}/ROOT.20260623T1800 - - -
2026-08-08T23:30:22-0400 delete_target starting /{TARGET_LOCATION}/ROOT.20260623T1830 - - -
2026-08-08T23:30:22-0400 delete_target success /{TARGET_LOCATION}/ROOT.20260623T1830 - - -
2026-08-08T23:30:22-0400 delete_target starting /{TARGET_LOCATION}/ROOT.20260623T1900 - - -
2026-08-08T23:30:22-0400 delete_target success /{TARGET_LOCATION}/ROOT.20260623T1900 - - -
2026-08-08T23:30:22-0400 delete_target starting /{TARGET_LOCATION}/ROOT.20260623T1930 - - -
2026-08-08T23:30:22-0400 delete_target success /{TARGET_LOCATION}/ROOT.20260623T1930 - - -
2026-08-08T23:30:22-0400 delete_target starting /{TARGET_LOCATION}/ROOT.20260623T2000 - - -
2026-08-08T23:30:22-0400 delete_target success /{TARGET_LOCATION}/ROOT.20260623T2000 - - -
2026-08-08T23:30:22-0400 delete_target starting /{TARGET_LOCATION}/ROOT.20260623T2030 - - -
2026-08-08T23:30:22-0400 delete_target success /{TARGET_LOCATION}/ROOT.20260623T2030 - - -
2026-08-08T23:30:22-0400 delete_target starting /{TARGET_LOCATION}/ROOT.20260623T2100 - - -
2026-08-08T23:30:22-0400 delete_target success /{TARGET_LOCATION}/ROOT.20260623T2100 - - -
2026-08-08T23:30:22-0400 delete_target starting /{TARGET_LOCATION}/ROOT.20260623T2130 - - -
2026-08-08T23:30:22-0400 delete_target success /{TARGET_LOCATION}/ROOT.20260623T2130 - - -
2026-08-08T23:30:22-0400 delete_target starting /{TARGET_LOCATION}/ROOT.20260623T2200 - - -
2026-08-08T23:30:22-0400 delete_target success /{TARGET_LOCATION}/ROOT.20260623T2200 - - -
2026-08-08T23:30:22-0400 delete_target starting /{TARGET_LOCATION}/ROOT.20260623T2230 - - -
2026-08-08T23:30:22-0400 delete_target success /{TARGET_LOCATION}/ROOT.20260623T2230 - - -
2026-08-08T23:30:22-0400 delete_target starting /{TARGET_LOCATION}/ROOT.20260623T2300 - - -
2026-08-08T23:30:22-0400 delete_target success /{TARGET_LOCATION}/ROOT.20260623T2300 - - -
2026-08-08T23:30:22-0400 delete_target starting /{TARGET_LOCATION}/ROOT.20260623T2330 - - -
2026-08-08T23:30:22-0400 delete_target success /{TARGET_LOCATION}/ROOT.20260623T2330 - - -
2026-08-08T23:30:22-0400 delete_target starting /{TARGET_LOCATION}/ROOT.20260624T0000 - - -
2026-08-08T23:30:22-0400 delete_target success /{TARGET_LOCATION}/ROOT.20260624T0000 - - -
2026-08-08T23:30:22-0400 delete_target starting /{TARGET_LOCATION}/ROOT.20260624T0030 - - -
2026-08-08T23:30:22-0400 delete_target success /{TARGET_LOCATION}/ROOT.20260624T0030 - - -
2026-08-08T23:30:22-0400 delete_target starting /{TARGET_LOCATION}/ROOT.20260624T0100 - - -
2026-08-08T23:30:22-0400 delete_target success /{TARGET_LOCATION}/ROOT.20260624T0100 - - -
2026-08-08T23:30:22-0400 delete_target starting /{TARGET_LOCATION}/ROOT.20260624T0130 - - -
2026-08-08T23:30:23-0400 delete_target success /{TARGET_LOCATION}/ROOT.20260624T0130 - - -
2026-08-08T23:30:23-0400 delete_target starting /{TARGET_LOCATION}/ROOT.20260624T0200 - - -
2026-08-08T23:30:23-0400 delete_target success /{TARGET_LOCATION}/ROOT.20260624T0200 - - -
2026-08-08T23:30:23-0400 delete_target starting /{TARGET_LOCATION}/ROOT.20260624T0230 - - -
2026-08-08T23:30:23-0400 delete_target success /{TARGET_LOCATION}/ROOT.20260624T0230 - - -
2026-08-08T23:30:23-0400 delete_target starting /{TARGET_LOCATION}/ROOT.20260624T0300 - - -
2026-08-08T23:30:23-0400 delete_target success /{TARGET_LOCATION}/ROOT.20260624T0300 - - -
2026-08-08T23:30:23-0400 delete_target starting /{TARGET_LOCATION}/ROOT.20260624T0330 - - -
2026-08-08T23:30:23-0400 delete_target success /{TARGET_LOCATION}/ROOT.20260624T0330 - - -
2026-08-08T23:30:23-0400 delete_target starting /{TARGET_LOCATION}/ROOT.20260624T0400 - - -
2026-08-08T23:30:23-0400 delete_target success /{TARGET_LOCATION}/ROOT.20260624T0400 - - -
2026-08-08T23:30:23-0400 delete_target starting /{TARGET_LOCATION}/ROOT.20260624T0430 - - -
2026-08-08T23:30:23-0400 delete_target success /{TARGET_LOCATION}/ROOT.20260624T0430 - - -
2026-08-08T23:30:23-0400 delete_target starting /{TARGET_LOCATION}/ROOT.20260624T0500 - - -
2026-08-08T23:30:23-0400 delete_target success /{TARGET_LOCATION}/ROOT.20260624T0500 - - -
2026-08-08T23:30:23-0400 delete_target starting /{TARGET_LOCATION}/ROOT.20260624T0530 - - -
2026-08-08T23:30:23-0400 delete_target success /{TARGET_LOCATION}/ROOT.20260624T0530 - - -
2026-08-08T23:30:23-0400 delete_target starting /{TARGET_LOCATION}/ROOT.20260624T0600 - - -
2026-08-08T23:30:23-0400 delete_target success /{TARGET_LOCATION}/ROOT.20260624T0600 - - -
2026-08-08T23:30:23-0400 delete_target starting /{TARGET_LOCATION}/ROOT.20260624T0630 - - -
2026-08-08T23:30:23-0400 delete_target success /{TARGET_LOCATION}/ROOT.20260624T0630 - - -
2026-08-08T23:30:23-0400 delete_target starting /{TARGET_LOCATION}/ROOT.20260624T0700 - - -
2026-08-08T23:30:23-0400 delete_target success /{TARGET_LOCATION}/ROOT.20260624T0700 - - -
2026-08-08T23:30:23-0400 delete_target starting /{TARGET_LOCATION}/ROOT.20260624T0730 - - -
2026-08-08T23:30:23-0400 delete_target success /{TARGET_LOCATION}/ROOT.20260624T0730 - - -
2026-08-08T23:30:23-0400 delete_target starting /{TARGET_LOCATION}/ROOT.20260624T0800 - - -
2026-08-08T23:30:23-0400 delete_target success /{TARGET_LOCATION}/ROOT.20260624T0800 - - -
2026-08-08T23:30:23-0400 delete_target starting /{TARGET_LOCATION}/ROOT.20260624T0830 - - -
2026-08-08T23:30:23-0400 delete_target success /{TARGET_LOCATION}/ROOT.20260624T0830 - - -
2026-08-08T23:30:23-0400 delete_target starting /{TARGET_LOCATION}/ROOT.20260624T0900 - - -
2026-08-08T23:30:23-0400 delete_target success /{TARGET_LOCATION}/ROOT.20260624T0900 - - -
2026-08-08T23:30:23-0400 delete_target starting /{TARGET_LOCATION}/ROOT.20260624T0930 - - -
2026-08-08T23:30:23-0400 delete_target success /{TARGET_LOCATION}/ROOT.20260624T0930 - - -
2026-08-08T23:30:23-0400 delete_target starting /{TARGET_LOCATION}/ROOT.20260624T1000 - - -
2026-08-08T23:30:23-0400 delete_target success /{TARGET_LOCATION}/ROOT.20260624T1000 - - -
2026-08-08T23:30:23-0400 delete_target starting /{TARGET_LOCATION}/ROOT.20260624T1030 - - -
2026-08-08T23:30:23-0400 delete_target success /{TARGET_LOCATION}/ROOT.20260624T1030 - - -
2026-08-08T23:30:23-0400 delete_target starting /{TARGET_LOCATION}/ROOT.20260624T1100 - - -
2026-08-08T23:30:23-0400 delete_target success /{TARGET_LOCATION}/ROOT.20260624T1100 - - -
2026-08-08T23:30:23-0400 delete_target starting /{TARGET_LOCATION}/ROOT.20260624T1130 - - -
2026-08-08T23:30:23-0400 delete_target success /{TARGET_LOCATION}/ROOT.20260624T1130 - - -
2026-08-08T23:30:23-0400 delete_target starting /{TARGET_LOCATION}/ROOT.20260624T1200 - - -
2026-08-08T23:30:23-0400 delete_target success /{TARGET_LOCATION}/ROOT.20260624T1200 - - -
2026-08-08T23:30:23-0400 delete_target starting /{TARGET_LOCATION}/ROOT.20260624T1230 - - -
2026-08-08T23:30:23-0400 delete_target success /{TARGET_LOCATION}/ROOT.20260624T1230 - - -
2026-08-08T23:30:23-0400 delete_target starting /{TARGET_LOCATION}/ROOT.20260624T1300 - - -
2026-08-08T23:30:23-0400 delete_target success /{TARGET_LOCATION}/ROOT.20260624T1300 - - -
2026-08-08T23:30:23-0400 delete_target starting /{TARGET_LOCATION}/ROOT.20260624T1330 - - -
2026-08-08T23:30:23-0400 delete_target success /{TARGET_LOCATION}/ROOT.20260624T1330 - - -
2026-08-08T23:30:23-0400 delete_target starting /{TARGET_LOCATION}/ROOT.20260624T1400 - - -
2026-08-08T23:30:23-0400 delete_target success /{TARGET_LOCATION}/ROOT.20260624T1400 - - -
2026-08-08T23:30:23-0400 delete_target starting /{TARGET_LOCATION}/ROOT.20260624T1430 - - -
2026-08-08T23:30:23-0400 delete_target success /{TARGET_LOCATION}/ROOT.20260624T1430 - - -
2026-08-08T23:30:23-0400 delete_target starting /{TARGET_LOCATION}/ROOT.20260624T1500 - - -
2026-08-08T23:30:23-0400 delete_target success /{TARGET_LOCATION}/ROOT.20260624T1500 - - -
2026-08-08T23:30:23-0400 delete_target starting /{TARGET_LOCATION}/ROOT.20260624T1530 - - -
2026-08-08T23:30:23-0400 delete_target success /{TARGET_LOCATION}/ROOT.20260624T1530 - - -
2026-08-08T23:30:23-0400 delete_target starting /{TARGET_LOCATION}/ROOT.20260624T1600 - - -
2026-08-08T23:30:23-0400 delete_target success /{TARGET_LOCATION}/ROOT.20260624T1600 - - -
2026-08-08T23:30:23-0400 delete_target starting /{TARGET_LOCATION}/ROOT.20260624T1630 - - -
2026-08-08T23:30:23-0400 delete_target success /{TARGET_LOCATION}/ROOT.20260624T1630 - - -
2026-08-08T23:30:23-0400 delete_target starting /{TARGET_LOCATION}/ROOT.20260624T1700 - - -
2026-08-08T23:30:23-0400 delete_target success /{TARGET_LOCATION}/ROOT.20260624T1700 - - -
2026-08-08T23:30:23-0400 delete_target starting /{TARGET_LOCATION}/ROOT.20260624T1730 - - -
2026-08-08T23:30:23-0400 delete_target success /{TARGET_LOCATION}/ROOT.20260624T1730 - - -
2026-08-08T23:30:23-0400 delete_target starting /{TARGET_LOCATION}/ROOT.20260624T1800 - - -
2026-08-08T23:30:23-0400 delete_target success /{TARGET_LOCATION}/ROOT.20260624T1800 - - -
2026-08-08T23:30:23-0400 delete_target starting /{TARGET_LOCATION}/ROOT.20260624T1830 - - -
2026-08-08T23:30:23-0400 delete_target success /{TARGET_LOCATION}/ROOT.20260624T1830 - - -
2026-08-08T23:30:23-0400 delete_target starting /{TARGET_LOCATION}/ROOT.20260624T1900 - - -
2026-08-08T23:30:23-0400 delete_target success /{TARGET_LOCATION}/ROOT.20260624T1900 - - -
2026-08-08T23:30:23-0400 delete_target starting /{TARGET_LOCATION}/ROOT.20260624T1930 - - -
2026-08-08T23:30:23-0400 delete_target success /{TARGET_LOCATION}/ROOT.20260624T1930 - - -
2026-08-08T23:30:23-0400 delete_target starting /{TARGET_LOCATION}/ROOT.20260624T2000 - - -
2026-08-08T23:30:23-0400 delete_target success /{TARGET_LOCATION}/ROOT.20260624T2000 - - -
2026-08-08T23:30:23-0400 delete_target starting /{TARGET_LOCATION}/ROOT.20260624T2030 - - -
2026-08-08T23:30:23-0400 delete_target success /{TARGET_LOCATION}/ROOT.20260624T2030 - - -
2026-08-08T23:30:23-0400 delete_target starting /{TARGET_LOCATION}/ROOT.20260624T2100 - - -
2026-08-08T23:30:23-0400 delete_target success /{TARGET_LOCATION}/ROOT.20260624T2100 - - -
2026-08-08T23:30:23-0400 delete_target starting /{TARGET_LOCATION}/ROOT.20260624T2130 - - -
2026-08-08T23:30:23-0400 delete_target success /{TARGET_LOCATION}/ROOT.20260624T2130 - - -
2026-08-08T23:30:23-0400 delete_target starting /{TARGET_LOCATION}/ROOT.20260624T2200 - - -
2026-08-08T23:30:23-0400 delete_target success /{TARGET_LOCATION}/ROOT.20260624T2200 - - -
2026-08-08T23:30:23-0400 delete_target starting /{TARGET_LOCATION}/ROOT.20260624T2230 - - -
2026-08-08T23:30:23-0400 delete_target success /{TARGET_LOCATION}/ROOT.20260624T2230 - - -
2026-08-08T23:30:23-0400 delete_target starting /{TARGET_LOCATION}/ROOT.20260624T2300 - - -
2026-08-08T23:30:23-0400 delete_target success /{TARGET_LOCATION}/ROOT.20260624T2300 - - -
2026-08-08T23:30:23-0400 delete_target starting /{TARGET_LOCATION}/ROOT.20260624T2330 - - -
2026-08-08T23:30:23-0400 delete_target success /{TARGET_LOCATION}/ROOT.20260624T2330 - - -
2026-08-08T23:30:23-0400 delete_target starting /{TARGET_LOCATION}/ROOT.20260625T0000 - - -
2026-08-08T23:30:23-0400 delete_target success /{TARGET_LOCATION}/ROOT.20260625T0000 - - -
2026-08-08T23:30:23-0400 delete_target starting /{TARGET_LOCATION}/ROOT.20260625T0030 - - -
2026-08-08T23:30:23-0400 delete_target success /{TARGET_LOCATION}/ROOT.20260625T0030 - - -
2026-08-08T23:30:23-0400 delete_target starting /{TARGET_LOCATION}/ROOT.20260625T0100 - - -
2026-08-08T23:30:23-0400 delete_target success /{TARGET_LOCATION}/ROOT.20260625T0100 - - -
2026-08-08T23:30:23-0400 delete_target starting /{TARGET_LOCATION}/ROOT.20260625T0130 - - -
2026-08-08T23:30:23-0400 delete_target success /{TARGET_LOCATION}/ROOT.20260625T0130 - - -
2026-08-08T23:30:23-0400 delete_target starting /{TARGET_LOCATION}/ROOT.20260625T0200 - - -
2026-08-08T23:30:23-0400 delete_target success /{TARGET_LOCATION}/ROOT.20260625T0200 - - -
2026-08-08T23:30:23-0400 delete_target starting /{TARGET_LOCATION}/ROOT.20260625T0230 - - -
2026-08-08T23:30:23-0400 delete_target success /{TARGET_LOCATION}/ROOT.20260625T0230 - - -
2026-08-08T23:30:23-0400 delete_target starting /{TARGET_LOCATION}/ROOT.20260625T0300 - - -
2026-08-08T23:30:23-0400 delete_target success /{TARGET_LOCATION}/ROOT.20260625T0300 - - -
2026-08-08T23:30:23-0400 delete_target starting /{TARGET_LOCATION}/ROOT.20260625T0330 - - -
2026-08-08T23:30:23-0400 delete_target success /{TARGET_LOCATION}/ROOT.20260625T0330 - - -
2026-08-08T23:30:23-0400 delete_target starting /{TARGET_LOCATION}/ROOT.20260625T0400 - - -
2026-08-08T23:30:23-0400 delete_target success /{TARGET_LOCATION}/ROOT.20260625T0400 - - -
2026-08-08T23:30:23-0400 delete_target starting /{TARGET_LOCATION}/ROOT.20260625T0430 - - -
2026-08-08T23:30:23-0400 delete_target success /{TARGET_LOCATION}/ROOT.20260625T0430 - - -
2026-08-08T23:30:23-0400 delete_target starting /{TARGET_LOCATION}/ROOT.20260625T0500 - - -
2026-08-08T23:30:23-0400 delete_target success /{TARGET_LOCATION}/ROOT.20260625T0500 - - -
2026-08-08T23:30:23-0400 delete_target starting /{TARGET_LOCATION}/ROOT.20260625T0530 - - -
2026-08-08T23:30:23-0400 delete_target success /{TARGET_LOCATION}/ROOT.20260625T0530 - - -
2026-08-08T23:30:23-0400 delete_target starting /{TARGET_LOCATION}/ROOT.20260625T0600 - - -
2026-08-08T23:30:23-0400 delete_target success /{TARGET_LOCATION}/ROOT.20260625T0600 - - -
2026-08-08T23:30:23-0400 delete_target starting /{TARGET_LOCATION}/ROOT.20260625T0630 - - -
2026-08-08T23:30:23-0400 delete_target success /{TARGET_LOCATION}/ROOT.20260625T0630 - - -
2026-08-08T23:30:23-0400 delete_target starting /{TARGET_LOCATION}/ROOT.20260625T0700 - - -
2026-08-08T23:30:23-0400 delete_target success /{TARGET_LOCATION}/ROOT.20260625T0700 - - -
2026-08-08T23:30:23-0400 delete_target starting /{TARGET_LOCATION}/ROOT.20260625T0730 - - -
2026-08-08T23:30:23-0400 delete_target success /{TARGET_LOCATION}/ROOT.20260625T0730 - - -
2026-08-08T23:30:23-0400 delete_target starting /{TARGET_LOCATION}/ROOT.20260625T0800 - - -
2026-08-08T23:30:23-0400 delete_target success /{TARGET_LOCATION}/ROOT.20260625T0800 - - -
2026-08-08T23:30:23-0400 delete_target starting /{TARGET_LOCATION}/ROOT.20260625T0830 - - -
2026-08-08T23:30:23-0400 delete_target success /{TARGET_LOCATION}/ROOT.20260625T0830 - - -
2026-08-08T23:30:23-0400 delete_target starting /{TARGET_LOCATION}/ROOT.20260625T0900 - - -
2026-08-08T23:30:23-0400 delete_target success /{TARGET_LOCATION}/ROOT.20260625T0900 - - -
2026-08-08T23:30:23-0400 delete_target starting /{TARGET_LOCATION}/ROOT.20260625T0930 - - -
2026-08-08T23:30:23-0400 delete_target success /{TARGET_LOCATION}/ROOT.20260625T0930 - - -
2026-08-08T23:30:23-0400 delete_target starting /{TARGET_LOCATION}/ROOT.20260625T1000 - - -
2026-08-08T23:30:23-0400 delete_target success /{TARGET_LOCATION}/ROOT.20260625T1000 - - -
2026-08-08T23:30:23-0400 delete_target starting /{TARGET_LOCATION}/ROOT.20260625T1030 - - -
2026-08-08T23:30:23-0400 delete_target success /{TARGET_LOCATION}/ROOT.20260625T1030 - - -
2026-08-08T23:30:23-0400 delete_target starting /{TARGET_LOCATION}/ROOT.20260625T1100 - - -
2026-08-08T23:30:23-0400 delete_target success /{TARGET_LOCATION}/ROOT.20260625T1100 - - -
2026-08-08T23:30:23-0400 delete_target starting /{TARGET_LOCATION}/ROOT.20260625T1130 - - -
2026-08-08T23:30:23-0400 delete_target success /{TARGET_LOCATION}/ROOT.20260625T1130 - - -
2026-08-08T23:30:23-0400 delete_target starting /{TARGET_LOCATION}/ROOT.20260625T1200 - - -
2026-08-08T23:30:23-0400 delete_target success /{TARGET_LOCATION}/ROOT.20260625T1200 - - -
2026-08-08T23:30:23-0400 delete_target starting /{TARGET_LOCATION}/ROOT.20260625T1230 - - -
2026-08-08T23:30:23-0400 delete_target success /{TARGET_LOCATION}/ROOT.20260625T1230 - - -
2026-08-08T23:30:23-0400 delete_target starting /{TARGET_LOCATION}/ROOT.20260625T1300 - - -
2026-08-08T23:30:23-0400 delete_target success /{TARGET_LOCATION}/ROOT.20260625T1300 - - -
2026-08-08T23:30:23-0400 delete_target starting /{TARGET_LOCATION}/ROOT.20260625T1330 - - -
2026-08-08T23:30:23-0400 delete_target success /{TARGET_LOCATION}/ROOT.20260625T1330 - - -
2026-08-08T23:30:23-0400 delete_target starting /{TARGET_LOCATION}/ROOT.20260625T1400 - - -
2026-08-08T23:30:23-0400 delete_target success /{TARGET_LOCATION}/ROOT.20260625T1400 - - -
2026-08-08T23:30:23-0400 delete_target starting /{TARGET_LOCATION}/ROOT.20260625T1430 - - -
2026-08-08T23:30:23-0400 delete_target success /{TARGET_LOCATION}/ROOT.20260625T1430 - - -
2026-08-08T23:30:23-0400 delete_target starting /{TARGET_LOCATION}/ROOT.20260625T1500 - - -
2026-08-08T23:30:23-0400 delete_target success /{TARGET_LOCATION}/ROOT.20260625T1500 - - -
2026-08-08T23:30:23-0400 delete_target starting /{TARGET_LOCATION}/ROOT.20260625T1530 - - -
2026-08-08T23:30:23-0400 delete_target success /{TARGET_LOCATION}/ROOT.20260625T1530 - - -
2026-08-08T23:30:23-0400 delete_target starting /{TARGET_LOCATION}/ROOT.20260625T1600 - - -
2026-08-08T23:30:23-0400 delete_target success /{TARGET_LOCATION}/ROOT.20260625T1600 - - -
2026-08-08T23:30:23-0400 delete_target starting /{TARGET_LOCATION}/ROOT.20260625T1630 - - -
2026-08-08T23:30:23-0400 delete_target success /{TARGET_LOCATION}/ROOT.20260625T1630 - - -
2026-08-08T23:30:23-0400 delete_target starting /{TARGET_LOCATION}/ROOT.20260625T1700 - - -
2026-08-08T23:30:23-0400 delete_target success /{TARGET_LOCATION}/ROOT.20260625T1700 - - -
2026-08-08T23:30:23-0400 delete_target starting /{TARGET_LOCATION}/ROOT.20260625T1730 - - -
2026-08-08T23:30:23-0400 delete_target success /{TARGET_LOCATION}/ROOT.20260625T1730 - - -
2026-08-08T23:30:23-0400 delete_target starting /{TARGET_LOCATION}/ROOT.20260625T1800 - - -
2026-08-08T23:30:23-0400 delete_target success /{TARGET_LOCATION}/ROOT.20260625T1800 - - -
2026-08-08T23:30:23-0400 delete_target starting /{TARGET_LOCATION}/ROOT.20260625T1830 - - -
2026-08-08T23:30:23-0400 delete_target success /{TARGET_LOCATION}/ROOT.20260625T1830 - - -
2026-08-08T23:30:23-0400 delete_target starting /{TARGET_LOCATION}/ROOT.20260625T1900 - - -
2026-08-08T23:30:23-0400 delete_target success /{TARGET_LOCATION}/ROOT.20260625T1900 - - -
2026-08-08T23:30:23-0400 delete_target starting /{TARGET_LOCATION}/ROOT.20260625T1930 - - -
2026-08-08T23:30:23-0400 delete_target success /{TARGET_LOCATION}/ROOT.20260625T1930 - - -
2026-08-08T23:30:23-0400 delete_target starting /{TARGET_LOCATION}/ROOT.20260625T2000 - - -
2026-08-08T23:30:23-0400 delete_target success /{TARGET_LOCATION}/ROOT.20260625T2000 - - -
2026-08-08T23:30:23-0400 delete_target starting /{TARGET_LOCATION}/ROOT.20260625T2030 - - -
2026-08-08T23:30:23-0400 delete_target success /{TARGET_LOCATION}/ROOT.20260625T2030 - - -
2026-08-08T23:30:23-0400 delete_target starting /{TARGET_LOCATION}/ROOT.20260625T2100 - - -
2026-08-08T23:30:23-0400 delete_target success /{TARGET_LOCATION}/ROOT.20260625T2100 - - -
2026-08-08T23:30:23-0400 delete_target starting /{TARGET_LOCATION}/ROOT.20260625T2130 - - -
2026-08-08T23:30:23-0400 delete_target success /{TARGET_LOCATION}/ROOT.20260625T2130 - - -
2026-08-08T23:30:23-0400 delete_target starting /{TARGET_LOCATION}/ROOT.20260625T2200 - - -
2026-08-08T23:30:23-0400 delete_target success /{TARGET_LOCATION}/ROOT.20260625T2200 - - -
2026-08-08T23:30:23-0400 delete_target starting /{TARGET_LOCATION}/ROOT.20260625T2230 - - -
2026-08-08T23:30:23-0400 delete_target success /{TARGET_LOCATION}/ROOT.20260625T2230 - - -
2026-08-08T23:30:23-0400 delete_target starting /{TARGET_LOCATION}/ROOT.20260625T2300 - - -
2026-08-08T23:30:23-0400 delete_target success /{TARGET_LOCATION}/ROOT.20260625T2300 - - -
2026-08-08T23:30:23-0400 delete_target starting /{TARGET_LOCATION}/ROOT.20260625T2330 - - -
2026-08-08T23:30:23-0400 delete_target success /{TARGET_LOCATION}/ROOT.20260625T2330 - - -
2026-08-08T23:30:23-0400 delete_target starting /{TARGET_LOCATION}/ROOT.20260626T0000 - - -
2026-08-08T23:30:23-0400 delete_target success /{TARGET_LOCATION}/ROOT.20260626T0000 - - -
2026-08-08T23:30:23-0400 delete_target starting /{TARGET_LOCATION}/ROOT.20260626T0030 - - -
2026-08-08T23:30:23-0400 delete_target success /{TARGET_LOCATION}/ROOT.20260626T0030 - - -
2026-08-08T23:30:23-0400 delete_target starting /{TARGET_LOCATION}/ROOT.20260626T0100 - - -
2026-08-08T23:30:23-0400 delete_target success /{TARGET_LOCATION}/ROOT.20260626T0100 - - -
2026-08-08T23:30:23-0400 delete_target starting /{TARGET_LOCATION}/ROOT.20260626T0130 - - -
2026-08-08T23:30:23-0400 delete_target success /{TARGET_LOCATION}/ROOT.20260626T0130 - - -
2026-08-08T23:30:23-0400 delete_target starting /{TARGET_LOCATION}/ROOT.20260626T0200 - - -
2026-08-08T23:30:23-0400 delete_target success /{TARGET_LOCATION}/ROOT.20260626T0200 - - -
2026-08-08T23:30:23-0400 delete_target starting /{TARGET_LOCATION}/ROOT.20260626T0230 - - -
2026-08-08T23:30:23-0400 delete_target success /{TARGET_LOCATION}/ROOT.20260626T0230 - - -
2026-08-08T23:30:23-0400 delete_target starting /{TARGET_LOCATION}/ROOT.20260626T0300 - - -
2026-08-08T23:30:23-0400 delete_target success /{TARGET_LOCATION}/ROOT.20260626T0300 - - -
2026-08-08T23:30:23-0400 delete_target starting /{TARGET_LOCATION}/ROOT.20260626T0330 - - -
2026-08-08T23:30:23-0400 delete_target success /{TARGET_LOCATION}/ROOT.20260626T0330 - - -
2026-08-08T23:30:23-0400 delete_target starting /{TARGET_LOCATION}/ROOT.20260626T0400 - - -
2026-08-08T23:30:23-0400 delete_target success /{TARGET_LOCATION}/ROOT.20260626T0400 - - -
2026-08-08T23:30:23-0400 delete_target starting /{TARGET_LOCATION}/ROOT.20260626T0430 - - -
2026-08-08T23:30:23-0400 delete_target success /{TARGET_LOCATION}/ROOT.20260626T0430 - - -
2026-08-08T23:30:23-0400 delete_target starting /{TARGET_LOCATION}/ROOT.20260626T0500 - - -
2026-08-08T23:30:23-0400 delete_target success /{TARGET_LOCATION}/ROOT.20260626T0500 - - -
2026-08-08T23:30:23-0400 delete_target starting /{TARGET_LOCATION}/ROOT.20260626T0530 - - -
2026-08-08T23:30:23-0400 delete_target success /{TARGET_LOCATION}/ROOT.20260626T0530 - - -
2026-08-08T23:30:23-0400 delete_target starting /{TARGET_LOCATION}/ROOT.20260626T0600 - - -
2026-08-08T23:30:23-0400 delete_target success /{TARGET_LOCATION}/ROOT.20260626T0600 - - -
2026-08-08T23:30:23-0400 delete_target starting /{TARGET_LOCATION}/ROOT.20260626T0630 - - -
2026-08-08T23:30:23-0400 delete_target success /{TARGET_LOCATION}/ROOT.20260626T0630 - - -
2026-08-08T23:30:23-0400 delete_target starting /{TARGET_LOCATION}/ROOT.20260626T0700 - - -
2026-08-08T23:30:23-0400 delete_target success /{TARGET_LOCATION}/ROOT.20260626T0700 - - -
2026-08-08T23:30:23-0400 delete_target starting /{TARGET_LOCATION}/ROOT.20260626T0730 - - -
2026-08-08T23:30:23-0400 delete_target success /{TARGET_LOCATION}/ROOT.20260626T0730 - - -
2026-08-08T23:30:23-0400 delete_target starting /{TARGET_LOCATION}/ROOT.20260626T0800 - - -
2026-08-08T23:30:23-0400 delete_target success /{TARGET_LOCATION}/ROOT.20260626T0800 - - -
2026-08-08T23:30:23-0400 delete_target starting /{TARGET_LOCATION}/ROOT.20260626T0830 - - -
2026-08-08T23:30:23-0400 delete_target success /{TARGET_LOCATION}/ROOT.20260626T0830 - - -
2026-08-08T23:30:23-0400 delete_target starting /{TARGET_LOCATION}/ROOT.20260626T0900 - - -
2026-08-08T23:30:23-0400 delete_target success /{TARGET_LOCATION}/ROOT.20260626T0900 - - -
2026-08-08T23:30:23-0400 delete_target starting /{TARGET_LOCATION}/ROOT.20260626T0930 - - -
2026-08-08T23:30:23-0400 delete_target success /{TARGET_LOCATION}/ROOT.20260626T0930 - - -
2026-08-08T23:30:23-0400 delete_target starting /{TARGET_LOCATION}/ROOT.20260626T1000 - - -
2026-08-08T23:30:23-0400 delete_target success /{TARGET_LOCATION}/ROOT.20260626T1000 - - -
2026-08-08T23:30:23-0400 delete_target starting /{TARGET_LOCATION}/ROOT.20260626T1030 - - -
2026-08-08T23:30:23-0400 delete_target success /{TARGET_LOCATION}/ROOT.20260626T1030 - - -
2026-08-08T23:30:23-0400 delete_target starting /{TARGET_LOCATION}/ROOT.20260626T1100 - - -
2026-08-08T23:30:23-0400 delete_target success /{TARGET_LOCATION}/ROOT.20260626T1100 - - -
2026-08-08T23:30:23-0400 delete_target starting /{TARGET_LOCATION}/ROOT.20260626T1130 - - -
2026-08-08T23:30:23-0400 delete_target success /{TARGET_LOCATION}/ROOT.20260626T1130 - - -
2026-08-08T23:30:23-0400 delete_target starting /{TARGET_LOCATION}/ROOT.20260626T1200 - - -
2026-08-08T23:30:23-0400 delete_target success /{TARGET_LOCATION}/ROOT.20260626T1200 - - -
2026-08-08T23:30:23-0400 delete_target starting /{TARGET_LOCATION}/ROOT.20260626T1230 - - -
2026-08-08T23:30:23-0400 delete_target success /{TARGET_LOCATION}/ROOT.20260626T1230 - - -
2026-08-08T23:30:23-0400 delete_target starting /{TARGET_LOCATION}/ROOT.20260626T1300 - - -
2026-08-08T23:30:23-0400 delete_target success /{TARGET_LOCATION}/ROOT.20260626T1300 - - -
2026-08-08T23:30:23-0400 delete_target starting /{TARGET_LOCATION}/ROOT.20260626T1330 - - -
2026-08-08T23:30:23-0400 delete_target success /{TARGET_LOCATION}/ROOT.20260626T1330 - - -
2026-08-08T23:30:23-0400 delete_target starting /{TARGET_LOCATION}/ROOT.20260626T1400 - - -
2026-08-08T23:30:23-0400 delete_target success /{TARGET_LOCATION}/ROOT.20260626T1400 - - -
2026-08-08T23:30:23-0400 delete_target starting /{TARGET_LOCATION}/ROOT.20260626T1430 - - -
2026-08-08T23:30:23-0400 delete_target success /{TARGET_LOCATION}/ROOT.20260626T1430 - - -
2026-08-08T23:30:23-0400 delete_target starting /{TARGET_LOCATION}/ROOT.20260626T1500 - - -
2026-08-08T23:30:23-0400 delete_target success /{TARGET_LOCATION}/ROOT.20260626T1500 - - -
2026-08-08T23:30:23-0400 delete_target starting /{TARGET_LOCATION}/ROOT.20260626T1530 - - -
2026-08-08T23:30:23-0400 delete_target success /{TARGET_LOCATION}/ROOT.20260626T1530 - - -
2026-08-08T23:30:23-0400 delete_target starting /{TARGET_LOCATION}/ROOT.20260626T1600 - - -
2026-08-08T23:30:23-0400 delete_target success /{TARGET_LOCATION}/ROOT.20260626T1600 - - -
2026-08-08T23:30:23-0400 delete_target starting /{TARGET_LOCATION}/ROOT.20260626T1630 - - -
2026-08-08T23:30:23-0400 delete_target success /{TARGET_LOCATION}/ROOT.20260626T1630 - - -
2026-08-08T23:30:23-0400 delete_target starting /{TARGET_LOCATION}/ROOT.20260626T1700 - - -
2026-08-08T23:30:23-0400 delete_target success /{TARGET_LOCATION}/ROOT.20260626T1700 - - -
2026-08-08T23:30:23-0400 delete_target starting /{TARGET_LOCATION}/ROOT.20260626T1730 - - -
2026-08-08T23:30:23-0400 delete_target success /{TARGET_LOCATION}/ROOT.20260626T1730 - - -
2026-08-08T23:30:23-0400 delete_target starting /{TARGET_LOCATION}/ROOT.20260626T1800 - - -
2026-08-08T23:30:23-0400 delete_target success /{TARGET_LOCATION}/ROOT.20260626T1800 - - -
2026-08-08T23:30:23-0400 delete_target starting /{TARGET_LOCATION}/ROOT.20260626T1830 - - -
2026-08-08T23:30:23-0400 delete_target success /{TARGET_LOCATION}/ROOT.20260626T1830 - - -
2026-08-08T23:30:23-0400 delete_target starting /{TARGET_LOCATION}/ROOT.20260626T1900 - - -
2026-08-08T23:30:23-0400 delete_target success /{TARGET_LOCATION}/ROOT.20260626T1900 - - -
2026-08-08T23:30:23-0400 delete_target starting /{TARGET_LOCATION}/ROOT.20260626T1930 - - -
2026-08-08T23:30:24-0400 delete_target success /{TARGET_LOCATION}/ROOT.20260626T1930 - - -
2026-08-08T23:30:24-0400 delete_target starting /{TARGET_LOCATION}/ROOT.20260626T2000 - - -
2026-08-08T23:30:24-0400 delete_target success /{TARGET_LOCATION}/ROOT.20260626T2000 - - -
2026-08-08T23:30:24-0400 delete_target starting /{TARGET_LOCATION}/ROOT.20260626T2030 - - -
2026-08-08T23:30:24-0400 delete_target success /{TARGET_LOCATION}/ROOT.20260626T2030 - - -
2026-08-08T23:30:24-0400 delete_target starting /{TARGET_LOCATION}/ROOT.20260626T2100 - - -
2026-08-08T23:30:24-0400 delete_target success /{TARGET_LOCATION}/ROOT.20260626T2100 - - -
2026-08-08T23:30:24-0400 delete_target starting /{TARGET_LOCATION}/ROOT.20260626T2130 - - -
2026-08-08T23:30:24-0400 delete_target success /{TARGET_LOCATION}/ROOT.20260626T2130 - - -
2026-08-08T23:30:24-0400 delete_target starting /{TARGET_LOCATION}/ROOT.20260626T2200 - - -
2026-08-08T23:30:24-0400 delete_target success /{TARGET_LOCATION}/ROOT.20260626T2200 - - -
2026-08-08T23:30:24-0400 delete_target starting /{TARGET_LOCATION}/ROOT.20260626T2230 - - -
2026-08-08T23:30:24-0400 delete_target success /{TARGET_LOCATION}/ROOT.20260626T2230 - - -
2026-08-08T23:30:24-0400 delete_target starting /{TARGET_LOCATION}/ROOT.20260626T2300 - - -
2026-08-08T23:30:24-0400 delete_target success /{TARGET_LOCATION}/ROOT.20260626T2300 - - -
2026-08-08T23:30:24-0400 delete_target starting /{TARGET_LOCATION}/ROOT.20260626T2330 - - -
2026-08-08T23:30:24-0400 delete_target success /{TARGET_LOCATION}/ROOT.20260626T2330 - - -
2026-08-08T23:30:24-0400 delete_target starting /{TARGET_LOCATION}/ROOT.20260627T0000 - - -
2026-08-08T23:30:24-0400 delete_target success /{TARGET_LOCATION}/ROOT.20260627T0000 - - -
2026-08-08T23:30:24-0400 delete_target starting /{TARGET_LOCATION}/ROOT.20260627T0030 - - -
2026-08-08T23:30:24-0400 delete_target success /{TARGET_LOCATION}/ROOT.20260627T0030 - - -
2026-08-08T23:30:24-0400 delete_target starting /{TARGET_LOCATION}/ROOT.20260627T0100 - - -
2026-08-08T23:30:24-0400 delete_target success /{TARGET_LOCATION}/ROOT.20260627T0100 - - -
2026-08-08T23:30:24-0400 delete_target starting /{TARGET_LOCATION}/ROOT.20260627T0130 - - -
2026-08-08T23:30:24-0400 delete_target success /{TARGET_LOCATION}/ROOT.20260627T0130 - - -
2026-08-08T23:30:24-0400 delete_target starting /{TARGET_LOCATION}/ROOT.20260627T0200 - - -
2026-08-08T23:30:24-0400 delete_target success /{TARGET_LOCATION}/ROOT.20260627T0200 - - -
2026-08-08T23:30:24-0400 delete_target starting /{TARGET_LOCATION}/ROOT.20260627T0230 - - -
2026-08-08T23:30:24-0400 delete_target success /{TARGET_LOCATION}/ROOT.20260627T0230 - - -
2026-08-08T23:30:24-0400 delete_target starting /{TARGET_LOCATION}/ROOT.20260627T0300 - - -
2026-08-08T23:30:24-0400 delete_target success /{TARGET_LOCATION}/ROOT.20260627T0300 - - -
2026-08-08T23:30:24-0400 delete_target starting /{TARGET_LOCATION}/ROOT.20260627T0330 - - -
2026-08-08T23:30:24-0400 delete_target success /{TARGET_LOCATION}/ROOT.20260627T0330 - - -
2026-08-08T23:30:24-0400 delete_target starting /{TARGET_LOCATION}/ROOT.20260627T0400 - - -
2026-08-08T23:30:24-0400 delete_target success /{TARGET_LOCATION}/ROOT.20260627T0400 - - -
2026-08-08T23:30:24-0400 delete_target starting /{TARGET_LOCATION}/ROOT.20260627T0430 - - -
2026-08-08T23:30:24-0400 delete_target success /{TARGET_LOCATION}/ROOT.20260627T0430 - - -
2026-08-08T23:30:24-0400 delete_target starting /{TARGET_LOCATION}/ROOT.20260627T0500 - - -
2026-08-08T23:30:24-0400 delete_target success /{TARGET_LOCATION}/ROOT.20260627T0500 - - -
2026-08-08T23:30:24-0400 delete_target starting /{TARGET_LOCATION}/ROOT.20260627T0530 - - -
2026-08-08T23:30:24-0400 delete_target success /{TARGET_LOCATION}/ROOT.20260627T0530 - - -
2026-08-08T23:30:24-0400 delete_target starting /{TARGET_LOCATION}/ROOT.20260627T0600 - - -
2026-08-08T23:30:24-0400 delete_target success /{TARGET_LOCATION}/ROOT.20260627T0600 - - -
2026-08-08T23:30:24-0400 delete_target starting /{TARGET_LOCATION}/ROOT.20260627T0630 - - -
2026-08-08T23:30:24-0400 delete_target success /{TARGET_LOCATION}/ROOT.20260627T0630 - - -
2026-08-08T23:30:24-0400 delete_target starting /{TARGET_LOCATION}/ROOT.20260627T0700 - - -
2026-08-08T23:30:24-0400 delete_target success /{TARGET_LOCATION}/ROOT.20260627T0700 - - -
2026-08-08T23:30:24-0400 delete_target starting /{TARGET_LOCATION}/ROOT.20260627T0730 - - -
2026-08-08T23:30:24-0400 delete_target success /{TARGET_LOCATION}/ROOT.20260627T0730 - - -
2026-08-08T23:30:24-0400 delete_target starting /{TARGET_LOCATION}/ROOT.20260627T0800 - - -
2026-08-08T23:30:24-0400 delete_target success /{TARGET_LOCATION}/ROOT.20260627T0800 - - -
2026-08-08T23:30:24-0400 delete_target starting /{TARGET_LOCATION}/ROOT.20260627T0830 - - -
2026-08-08T23:30:24-0400 delete_target success /{TARGET_LOCATION}/ROOT.20260627T0830 - - -
2026-08-08T23:30:24-0400 delete_target starting /{TARGET_LOCATION}/ROOT.20260627T0900 - - -
2026-08-08T23:30:24-0400 delete_target success /{TARGET_LOCATION}/ROOT.20260627T0900 - - -
2026-08-08T23:30:24-0400 delete_target starting /{TARGET_LOCATION}/ROOT.20260627T0930 - - -
2026-08-08T23:30:24-0400 delete_target success /{TARGET_LOCATION}/ROOT.20260627T0930 - - -
2026-08-08T23:30:24-0400 delete_target starting /{TARGET_LOCATION}/ROOT.20260627T1000 - - -
2026-08-08T23:30:24-0400 delete_target success /{TARGET_LOCATION}/ROOT.20260627T1000 - - -
2026-08-08T23:30:24-0400 delete_target starting /{TARGET_LOCATION}/ROOT.20260627T1030 - - -
2026-08-08T23:30:24-0400 delete_target success /{TARGET_LOCATION}/ROOT.20260627T1030 - - -
2026-08-08T23:30:24-0400 delete_target starting /{TARGET_LOCATION}/ROOT.20260627T1100 - - -
2026-08-08T23:30:24-0400 delete_target success /{TARGET_LOCATION}/ROOT.20260627T1100 - - -
2026-08-08T23:30:24-0400 delete_target starting /{TARGET_LOCATION}/ROOT.20260627T1130 - - -
2026-08-08T23:30:24-0400 delete_target success /{TARGET_LOCATION}/ROOT.20260627T1130 - - -
2026-08-08T23:30:24-0400 delete_target starting /{TARGET_LOCATION}/ROOT.20260627T1200 - - -
2026-08-08T23:30:24-0400 delete_target success /{TARGET_LOCATION}/ROOT.20260627T1200 - - -
2026-08-08T23:30:24-0400 delete_target starting /{TARGET_LOCATION}/ROOT.20260627T2205 - - -
2026-08-08T23:30:24-0400 delete_target success /{TARGET_LOCATION}/ROOT.20260627T2205 - - -
2026-08-08T23:30:24-0400 delete_target starting /{TARGET_LOCATION}/ROOT.20260627T2230 - - -
2026-08-08T23:30:24-0400 delete_target success /{TARGET_LOCATION}/ROOT.20260627T2230 - - -
2026-08-08T23:30:24-0400 delete_target starting /{TARGET_LOCATION}/ROOT.20260627T2300 - - -
2026-08-08T23:30:24-0400 delete_target success /{TARGET_LOCATION}/ROOT.20260627T2300 - - -
2026-08-08T23:30:24-0400 delete_target starting /{TARGET_LOCATION}/ROOT.20260627T2330 - - -
2026-08-08T23:30:24-0400 delete_target success /{TARGET_LOCATION}/ROOT.20260627T2330 - - -
2026-08-08T23:30:24-0400 delete_target starting /{TARGET_LOCATION}/ROOT.20260628T0000 - - -
2026-08-08T23:30:24-0400 delete_target success /{TARGET_LOCATION}/ROOT.20260628T0000 - - -
2026-08-08T23:30:24-0400 delete_target starting /{TARGET_LOCATION}/ROOT.20260628T0030 - - -
2026-08-08T23:30:24-0400 delete_target success /{TARGET_LOCATION}/ROOT.20260628T0030 - - -
2026-08-08T23:30:24-0400 delete_target starting /{TARGET_LOCATION}/ROOT.20260628T0100 - - -
2026-08-08T23:30:24-0400 delete_target success /{TARGET_LOCATION}/ROOT.20260628T0100 - - -
2026-08-08T23:30:24-0400 delete_target starting /{TARGET_LOCATION}/ROOT.20260628T0130 - - -
2026-08-08T23:30:24-0400 delete_target success /{TARGET_LOCATION}/ROOT.20260628T0130 - - -
2026-08-08T23:30:24-0400 delete_target starting /{TARGET_LOCATION}/ROOT.20260628T0200 - - -
2026-08-08T23:30:24-0400 delete_target success /{TARGET_LOCATION}/ROOT.20260628T0200 - - -
2026-08-08T23:30:24-0400 delete_target starting /{TARGET_LOCATION}/ROOT.20260628T0230 - - -
2026-08-08T23:30:24-0400 delete_target success /{TARGET_LOCATION}/ROOT.20260628T0230 - - -
2026-08-08T23:30:24-0400 delete_target starting /{TARGET_LOCATION}/ROOT.20260628T0300 - - -
2026-08-08T23:30:24-0400 delete_target success /{TARGET_LOCATION}/ROOT.20260628T0300 - - -
2026-08-08T23:30:24-0400 delete_target starting /{TARGET_LOCATION}/ROOT.20260628T0330 - - -
2026-08-08T23:30:24-0400 delete_target success /{TARGET_LOCATION}/ROOT.20260628T0330 - - -
2026-08-08T23:30:24-0400 delete_target starting /{TARGET_LOCATION}/ROOT.20260628T0400 - - -
2026-08-08T23:30:24-0400 delete_target success /{TARGET_LOCATION}/ROOT.20260628T0400 - - -
2026-08-08T23:30:24-0400 delete_target starting /{TARGET_LOCATION}/ROOT.20260628T0430 - - -
2026-08-08T23:30:24-0400 delete_target success /{TARGET_LOCATION}/ROOT.20260628T0430 - - -
2026-08-08T23:30:24-0400 delete_target starting /{TARGET_LOCATION}/ROOT.20260628T0500 - - -
2026-08-08T23:30:24-0400 delete_target success /{TARGET_LOCATION}/ROOT.20260628T0500 - - -
2026-08-08T23:30:24-0400 delete_target starting /{TARGET_LOCATION}/ROOT.20260628T0530 - - -
2026-08-08T23:30:24-0400 delete_target success /{TARGET_LOCATION}/ROOT.20260628T0530 - - -
2026-08-08T23:30:24-0400 delete_target starting /{TARGET_LOCATION}/ROOT.20260628T0600 - - -
2026-08-08T23:30:24-0400 delete_target success /{TARGET_LOCATION}/ROOT.20260628T0600 - - -
2026-08-08T23:30:24-0400 delete_target starting /{TARGET_LOCATION}/ROOT.20260628T0630 - - -
2026-08-08T23:30:24-0400 delete_target success /{TARGET_LOCATION}/ROOT.20260628T0630 - - -
2026-08-08T23:30:24-0400 delete_target starting /{TARGET_LOCATION}/ROOT.20260628T0700 - - -
2026-08-08T23:30:24-0400 delete_target success /{TARGET_LOCATION}/ROOT.20260628T0700 - - -
2026-08-08T23:30:24-0400 delete_target starting /{TARGET_LOCATION}/ROOT.20260628T0730 - - -
2026-08-08T23:30:24-0400 delete_target success /{TARGET_LOCATION}/ROOT.20260628T0730 - - -
2026-08-08T23:30:24-0400 delete_target starting /{TARGET_LOCATION}/ROOT.20260628T0800 - - -
2026-08-08T23:30:24-0400 delete_target success /{TARGET_LOCATION}/ROOT.20260628T0800 - - -
2026-08-08T23:30:24-0400 delete_target starting /{TARGET_LOCATION}/ROOT.20260628T0830 - - -
2026-08-08T23:30:24-0400 delete_target success /{TARGET_LOCATION}/ROOT.20260628T0830 - - -
2026-08-08T23:30:24-0400 delete_target starting /{TARGET_LOCATION}/ROOT.20260628T0900 - - -
2026-08-08T23:30:24-0400 delete_target success /{TARGET_LOCATION}/ROOT.20260628T0900 - - -
2026-08-08T23:30:24-0400 delete_target starting /{TARGET_LOCATION}/ROOT.20260628T0930 - - -
2026-08-08T23:30:24-0400 delete_target success /{TARGET_LOCATION}/ROOT.20260628T0930 - - -
2026-08-08T23:30:24-0400 delete_target starting /{TARGET_LOCATION}/ROOT.20260628T1000 - - -
2026-08-08T23:30:24-0400 delete_target success /{TARGET_LOCATION}/ROOT.20260628T1000 - - -
2026-08-08T23:30:24-0400 delete_target starting /{TARGET_LOCATION}/ROOT.20260628T1030 - - -
2026-08-08T23:30:24-0400 delete_target success /{TARGET_LOCATION}/ROOT.20260628T1030 - - -
2026-08-08T23:30:24-0400 delete_target starting /{TARGET_LOCATION}/ROOT.20260628T1100 - - -
2026-08-08T23:30:24-0400 delete_target success /{TARGET_LOCATION}/ROOT.20260628T1100 - - -
2026-08-08T23:30:24-0400 delete_target starting /{TARGET_LOCATION}/ROOT.20260628T1130 - - -
2026-08-08T23:30:24-0400 delete_target success /{TARGET_LOCATION}/ROOT.20260628T1130 - - -
2026-08-08T23:30:24-0400 delete_target starting /{TARGET_LOCATION}/ROOT.20260628T1200 - - -
2026-08-08T23:30:24-0400 delete_target success /{TARGET_LOCATION}/ROOT.20260628T1200 - - -
2026-08-08T23:30:24-0400 delete_target starting /{TARGET_LOCATION}/ROOT.20260628T1230 - - -
2026-08-08T23:30:24-0400 delete_target success /{TARGET_LOCATION}/ROOT.20260628T1230 - - -
2026-08-08T23:30:24-0400 delete_target starting /{TARGET_LOCATION}/ROOT.20260628T1300 - - -
2026-08-08T23:30:24-0400 delete_target success /{TARGET_LOCATION}/ROOT.20260628T1300 - - -
2026-08-08T23:30:24-0400 delete_target starting /{TARGET_LOCATION}/ROOT.20260628T1330 - - -
2026-08-08T23:30:24-0400 delete_target success /{TARGET_LOCATION}/ROOT.20260628T1330 - - -
2026-08-08T23:30:24-0400 delete_target starting /{TARGET_LOCATION}/ROOT.20260628T1400 - - -
2026-08-08T23:30:24-0400 delete_target success /{TARGET_LOCATION}/ROOT.20260628T1400 - - -
2026-08-08T23:30:24-0400 delete_target starting /{TARGET_LOCATION}/ROOT.20260628T1430 - - -
2026-08-08T23:30:24-0400 delete_target success /{TARGET_LOCATION}/ROOT.20260628T1430 - - -
2026-08-08T23:30:24-0400 delete_target starting /{TARGET_LOCATION}/ROOT.20260628T1500 - - -
2026-08-08T23:30:24-0400 delete_target success /{TARGET_LOCATION}/ROOT.20260628T1500 - - -
2026-08-08T23:30:24-0400 delete_target starting /{TARGET_LOCATION}/ROOT.20260628T1530 - - -
2026-08-08T23:30:24-0400 delete_target success /{TARGET_LOCATION}/ROOT.20260628T1530 - - -
2026-08-08T23:30:24-0400 delete_target starting /{TARGET_LOCATION}/ROOT.20260628T1600 - - -
2026-08-08T23:30:24-0400 delete_target success /{TARGET_LOCATION}/ROOT.20260628T1600 - - -
2026-08-08T23:30:24-0400 delete_target starting /{TARGET_LOCATION}/ROOT.20260628T1630 - - -
2026-08-08T23:30:24-0400 delete_target success /{TARGET_LOCATION}/ROOT.20260628T1630 - - -
2026-08-08T23:30:24-0400 delete_target starting /{TARGET_LOCATION}/ROOT.20260628T1700 - - -
2026-08-08T23:30:24-0400 delete_target success /{TARGET_LOCATION}/ROOT.20260628T1700 - - -
2026-08-08T23:30:24-0400 delete_target starting /{TARGET_LOCATION}/ROOT.20260628T1730 - - -
2026-08-08T23:30:24-0400 delete_target success /{TARGET_LOCATION}/ROOT.20260628T1730 - - -
2026-08-08T23:30:24-0400 delete_target starting /{TARGET_LOCATION}/ROOT.20260628T1800 - - -
2026-08-08T23:30:24-0400 delete_target success /{TARGET_LOCATION}/ROOT.20260628T1800 - - -
2026-08-08T23:30:24-0400 delete_target starting /{TARGET_LOCATION}/ROOT.20260628T1830 - - -
2026-08-08T23:30:24-0400 delete_target success /{TARGET_LOCATION}/ROOT.20260628T1830 - - -
2026-08-08T23:30:24-0400 delete_target starting /{TARGET_LOCATION}/ROOT.20260628T1900 - - -
2026-08-08T23:30:24-0400 delete_target success /{TARGET_LOCATION}/ROOT.20260628T1900 - - -
2026-08-08T23:30:24-0400 delete_target starting /{TARGET_LOCATION}/ROOT.20260628T1930 - - -
2026-08-08T23:30:24-0400 delete_target success /{TARGET_LOCATION}/ROOT.20260628T1930 - - -
2026-08-08T23:30:24-0400 delete_target starting /{TARGET_LOCATION}/ROOT.20260628T2000 - - -
2026-08-08T23:30:24-0400 delete_target success /{TARGET_LOCATION}/ROOT.20260628T2000 - - -
2026-08-08T23:30:24-0400 delete_target starting /{TARGET_LOCATION}/ROOT.20260628T2030 - - -
2026-08-08T23:30:24-0400 delete_target success /{TARGET_LOCATION}/ROOT.20260628T2030 - - -
2026-08-08T23:30:24-0400 delete_target starting /{TARGET_LOCATION}/ROOT.20260628T2100 - - -
2026-08-08T23:30:24-0400 delete_target success /{TARGET_LOCATION}/ROOT.20260628T2100 - - -
2026-08-08T23:30:24-0400 delete_target starting /{TARGET_LOCATION}/ROOT.20260628T2130 - - -
2026-08-08T23:30:24-0400 delete_target success /{TARGET_LOCATION}/ROOT.20260628T2130 - - -
2026-08-08T23:30:24-0400 delete_target starting /{TARGET_LOCATION}/ROOT.20260628T2200 - - -
2026-08-08T23:30:24-0400 delete_target success /{TARGET_LOCATION}/ROOT.20260628T2200 - - -
2026-08-08T23:30:24-0400 delete_target starting /{TARGET_LOCATION}/ROOT.20260628T2230 - - -
2026-08-08T23:30:24-0400 delete_target success /{TARGET_LOCATION}/ROOT.20260628T2230 - - -
2026-08-08T23:30:24-0400 delete_target starting /{TARGET_LOCATION}/ROOT.20260628T2300 - - -
2026-08-08T23:30:24-0400 delete_target success /{TARGET_LOCATION}/ROOT.20260628T2300 - - -
2026-08-08T23:30:24-0400 delete_target starting /{TARGET_LOCATION}/ROOT.20260628T2330 - - -
2026-08-08T23:30:24-0400 delete_target success /{TARGET_LOCATION}/ROOT.20260628T2330 - - -
2026-08-08T23:30:24-0400 delete_target starting /{TARGET_LOCATION}/ROOT.20260629T0000 - - -
2026-08-08T23:30:24-0400 delete_target success /{TARGET_LOCATION}/ROOT.20260629T0000 - - -
2026-08-08T23:30:24-0400 delete_target starting /{TARGET_LOCATION}/ROOT.20260629T0030 - - -
2026-08-08T23:30:24-0400 delete_target success /{TARGET_LOCATION}/ROOT.20260629T0030 - - -
2026-08-08T23:30:24-0400 delete_target starting /{TARGET_LOCATION}/ROOT.20260629T0100 - - -
2026-08-08T23:30:24-0400 delete_target success /{TARGET_LOCATION}/ROOT.20260629T0100 - - -
2026-08-08T23:30:24-0400 delete_target starting /{TARGET_LOCATION}/ROOT.20260629T0130 - - -
2026-08-08T23:30:24-0400 delete_target success /{TARGET_LOCATION}/ROOT.20260629T0130 - - -
2026-08-08T23:30:24-0400 delete_target starting /{TARGET_LOCATION}/ROOT.20260629T0200 - - -
2026-08-08T23:30:24-0400 delete_target success /{TARGET_LOCATION}/ROOT.20260629T0200 - - -
2026-08-08T23:30:24-0400 delete_target starting /{TARGET_LOCATION}/ROOT.20260629T0230 - - -
2026-08-08T23:30:24-0400 delete_target success /{TARGET_LOCATION}/ROOT.20260629T0230 - - -
2026-08-08T23:30:24-0400 delete_target starting /{TARGET_LOCATION}/ROOT.20260629T0300 - - -
2026-08-08T23:30:24-0400 delete_target success /{TARGET_LOCATION}/ROOT.20260629T0300 - - -
2026-08-08T23:30:24-0400 delete_target starting /{TARGET_LOCATION}/ROOT.20260629T0330 - - -
2026-08-08T23:30:24-0400 delete_target success /{TARGET_LOCATION}/ROOT.20260629T0330 - - -
2026-08-08T23:30:24-0400 delete_target starting /{TARGET_LOCATION}/ROOT.20260629T0400 - - -
2026-08-08T23:30:24-0400 delete_target success /{TARGET_LOCATION}/ROOT.20260629T0400 - - -
2026-08-08T23:30:24-0400 delete_target starting /{TARGET_LOCATION}/ROOT.20260629T0430 - - -
2026-08-08T23:30:24-0400 delete_target success /{TARGET_LOCATION}/ROOT.20260629T0430 - - -
2026-08-08T23:30:24-0400 delete_target starting /{TARGET_LOCATION}/ROOT.20260629T0500 - - -
2026-08-08T23:30:24-0400 delete_target success /{TARGET_LOCATION}/ROOT.20260629T0500 - - -
2026-08-08T23:30:24-0400 delete_target starting /{TARGET_LOCATION}/ROOT.20260629T0530 - - -
2026-08-08T23:30:24-0400 delete_target success /{TARGET_LOCATION}/ROOT.20260629T0530 - - -
2026-08-08T23:30:24-0400 delete_target starting /{TARGET_LOCATION}/ROOT.20260629T0600 - - -
2026-08-08T23:30:24-0400 delete_target success /{TARGET_LOCATION}/ROOT.20260629T0600 - - -
2026-08-08T23:30:24-0400 delete_target starting /{TARGET_LOCATION}/ROOT.20260629T0630 - - -
2026-08-08T23:30:24-0400 delete_target success /{TARGET_LOCATION}/ROOT.20260629T0630 - - -
2026-08-08T23:30:24-0400 delete_target starting /{TARGET_LOCATION}/ROOT.20260629T0700 - - -
2026-08-08T23:30:24-0400 delete_target success /{TARGET_LOCATION}/ROOT.20260629T0700 - - -
2026-08-08T23:30:24-0400 delete_target starting /{TARGET_LOCATION}/ROOT.20260629T0730 - - -
2026-08-08T23:30:24-0400 delete_target success /{TARGET_LOCATION}/ROOT.20260629T0730 - - -
2026-08-08T23:30:24-0400 delete_target starting /{TARGET_LOCATION}/ROOT.20260629T0800 - - -
2026-08-08T23:30:24-0400 delete_target success /{TARGET_LOCATION}/ROOT.20260629T0800 - - -
2026-08-08T23:30:24-0400 delete_target starting /{TARGET_LOCATION}/ROOT.20260629T0830 - - -
2026-08-08T23:30:24-0400 delete_target success /{TARGET_LOCATION}/ROOT.20260629T0830 - - -
2026-08-08T23:30:24-0400 delete_target starting /{TARGET_LOCATION}/ROOT.20260629T0900 - - -
2026-08-08T23:30:24-0400 delete_target success /{TARGET_LOCATION}/ROOT.20260629T0900 - - -
2026-08-08T23:30:24-0400 delete_target starting /{TARGET_LOCATION}/ROOT.20260629T0930 - - -
2026-08-08T23:30:24-0400 delete_target success /{TARGET_LOCATION}/ROOT.20260629T0930 - - -
2026-08-08T23:30:24-0400 delete_target starting /{TARGET_LOCATION}/ROOT.20260629T1000 - - -
2026-08-08T23:30:24-0400 delete_target success /{TARGET_LOCATION}/ROOT.20260629T1000 - - -
2026-08-08T23:30:24-0400 delete_target starting /{TARGET_LOCATION}/ROOT.20260629T1030 - - -
2026-08-08T23:30:24-0400 delete_target success /{TARGET_LOCATION}/ROOT.20260629T1030 - - -
2026-08-08T23:30:24-0400 delete_target starting /{TARGET_LOCATION}/ROOT.20260629T1100 - - -
2026-08-08T23:30:24-0400 delete_target success /{TARGET_LOCATION}/ROOT.20260629T1100 - - -
2026-08-08T23:30:24-0400 delete_target starting /{TARGET_LOCATION}/ROOT.20260629T1130 - - -
2026-08-08T23:30:24-0400 delete_target success /{TARGET_LOCATION}/ROOT.20260629T1130 - - -
2026-08-08T23:30:24-0400 delete_target starting /{TARGET_LOCATION}/ROOT.20260629T1200 - - -
2026-08-08T23:30:24-0400 delete_target success /{TARGET_LOCATION}/ROOT.20260629T1200 - - -
2026-08-08T23:30:24-0400 delete_target starting /{TARGET_LOCATION}/ROOT.20260629T1230 - - -
2026-08-08T23:30:24-0400 delete_target success /{TARGET_LOCATION}/ROOT.20260629T1230 - - -
2026-08-08T23:30:24-0400 delete_target starting /{TARGET_LOCATION}/ROOT.20260629T1300 - - -
2026-08-08T23:30:24-0400 delete_target success /{TARGET_LOCATION}/ROOT.20260629T1300 - - -
2026-08-08T23:30:24-0400 delete_target starting /{TARGET_LOCATION}/ROOT.20260629T1330 - - -
2026-08-08T23:30:24-0400 delete_target success /{TARGET_LOCATION}/ROOT.20260629T1330 - - -
2026-08-08T23:30:24-0400 delete_target starting /{TARGET_LOCATION}/ROOT.20260629T1400 - - -
2026-08-08T23:30:24-0400 delete_target success /{TARGET_LOCATION}/ROOT.20260629T1400 - - -
2026-08-08T23:30:24-0400 delete_target starting /{TARGET_LOCATION}/ROOT.20260629T1430 - - -
2026-08-08T23:30:24-0400 delete_target success /{TARGET_LOCATION}/ROOT.20260629T1430 - - -
2026-08-08T23:30:24-0400 delete_target starting /{TARGET_LOCATION}/ROOT.20260629T1500 - - -
2026-08-08T23:30:24-0400 delete_target success /{TARGET_LOCATION}/ROOT.20260629T1500 - - -
2026-08-08T23:30:24-0400 delete_target starting /{TARGET_LOCATION}/ROOT.20260629T1530 - - -
2026-08-08T23:30:24-0400 delete_target success /{TARGET_LOCATION}/ROOT.20260629T1530 - - -
2026-08-08T23:30:24-0400 delete_target starting /{TARGET_LOCATION}/ROOT.20260629T1600 - - -
2026-08-08T23:30:24-0400 delete_target success /{TARGET_LOCATION}/ROOT.20260629T1600 - - -
2026-08-08T23:30:24-0400 delete_target starting /{TARGET_LOCATION}/ROOT.20260629T1630 - - -
2026-08-08T23:30:24-0400 delete_target success /{TARGET_LOCATION}/ROOT.20260629T1630 - - -
2026-08-08T23:30:24-0400 delete_target starting /{TARGET_LOCATION}/ROOT.20260629T1700 - - -
2026-08-08T23:30:24-0400 delete_target success /{TARGET_LOCATION}/ROOT.20260629T1700 - - -
2026-08-08T23:30:24-0400 delete_target starting /{TARGET_LOCATION}/ROOT.20260629T1730 - - -
2026-08-08T23:30:24-0400 delete_target success /{TARGET_LOCATION}/ROOT.20260629T1730 - - -
2026-08-08T23:30:24-0400 delete_target starting /{TARGET_LOCATION}/ROOT.20260629T1800 - - -
2026-08-08T23:30:24-0400 delete_target success /{TARGET_LOCATION}/ROOT.20260629T1800 - - -
2026-08-08T23:30:24-0400 delete_target starting /{TARGET_LOCATION}/ROOT.20260629T1830 - - -
2026-08-08T23:30:24-0400 delete_target success /{TARGET_LOCATION}/ROOT.20260629T1830 - - -
2026-08-08T23:30:24-0400 delete_target starting /{TARGET_LOCATION}/ROOT.20260629T1900 - - -
2026-08-08T23:30:24-0400 delete_target success /{TARGET_LOCATION}/ROOT.20260629T1900 - - -
2026-08-08T23:30:24-0400 delete_target starting /{TARGET_LOCATION}/ROOT.20260629T1930 - - -
2026-08-08T23:30:24-0400 delete_target success /{TARGET_LOCATION}/ROOT.20260629T1930 - - -
2026-08-08T23:30:24-0400 delete_target starting /{TARGET_LOCATION}/ROOT.20260629T2000 - - -
2026-08-08T23:30:24-0400 delete_target success /{TARGET_LOCATION}/ROOT.20260629T2000 - - -
2026-08-08T23:30:24-0400 delete_target starting /{TARGET_LOCATION}/ROOT.20260629T2030 - - -
2026-08-08T23:30:24-0400 delete_target success /{TARGET_LOCATION}/ROOT.20260629T2030 - - -
2026-08-08T23:30:24-0400 delete_target starting /{TARGET_LOCATION}/ROOT.20260629T2100 - - -
2026-08-08T23:30:24-0400 delete_target success /{TARGET_LOCATION}/ROOT.20260629T2100 - - -
2026-08-08T23:30:24-0400 delete_target starting /{TARGET_LOCATION}/ROOT.20260629T2130 - - -
2026-08-08T23:30:24-0400 delete_target success /{TARGET_LOCATION}/ROOT.20260629T2130 - - -
2026-08-08T23:30:24-0400 delete_target starting /{TARGET_LOCATION}/ROOT.20260629T2200 - - -
2026-08-08T23:30:24-0400 delete_target success /{TARGET_LOCATION}/ROOT.20260629T2200 - - -
2026-08-08T23:30:24-0400 delete_target starting /{TARGET_LOCATION}/ROOT.20260629T2230 - - -
2026-08-08T23:30:24-0400 delete_target success /{TARGET_LOCATION}/ROOT.20260629T2230 - - -
2026-08-08T23:30:24-0400 delete_target starting /{TARGET_LOCATION}/ROOT.20260629T2300 - - -
2026-08-08T23:30:25-0400 delete_target success /{TARGET_LOCATION}/ROOT.20260629T2300 - - -
2026-08-08T23:30:25-0400 delete_target starting /{TARGET_LOCATION}/ROOT.20260629T2330 - - -
2026-08-08T23:30:25-0400 delete_target success /{TARGET_LOCATION}/ROOT.20260629T2330 - - -
2026-08-08T23:30:25-0400 delete_target starting /{TARGET_LOCATION}/ROOT.20260630T0000 - - -
2026-08-08T23:30:25-0400 delete_target success /{TARGET_LOCATION}/ROOT.20260630T0000 - - -
2026-08-08T23:30:25-0400 delete_target starting /{TARGET_LOCATION}/ROOT.20260630T0030 - - -
2026-08-08T23:30:25-0400 delete_target success /{TARGET_LOCATION}/ROOT.20260630T0030 - - -
2026-08-08T23:30:25-0400 delete_target starting /{TARGET_LOCATION}/ROOT.20260630T0100 - - -
2026-08-08T23:30:25-0400 delete_target success /{TARGET_LOCATION}/ROOT.20260630T0100 - - -
2026-08-08T23:30:25-0400 delete_target starting /{TARGET_LOCATION}/ROOT.20260630T0130 - - -
2026-08-08T23:30:25-0400 delete_target success /{TARGET_LOCATION}/ROOT.20260630T0130 - - -
2026-08-08T23:30:25-0400 delete_target starting /{TARGET_LOCATION}/ROOT.20260630T0200 - - -
2026-08-08T23:30:25-0400 delete_target success /{TARGET_LOCATION}/ROOT.20260630T0200 - - -
2026-08-08T23:30:25-0400 delete_target starting /{TARGET_LOCATION}/ROOT.20260630T0230 - - -
2026-08-08T23:30:25-0400 delete_target success /{TARGET_LOCATION}/ROOT.20260630T0230 - - -
2026-08-08T23:30:25-0400 delete_target starting /{TARGET_LOCATION}/ROOT.20260630T0300 - - -
2026-08-08T23:30:25-0400 delete_target success /{TARGET_LOCATION}/ROOT.20260630T0300 - - -
2026-08-08T23:30:25-0400 delete_target starting /{TARGET_LOCATION}/ROOT.20260630T0330 - - -
2026-08-08T23:30:25-0400 delete_target success /{TARGET_LOCATION}/ROOT.20260630T0330 - - -
2026-08-08T23:30:25-0400 delete_target starting /{TARGET_LOCATION}/ROOT.20260630T0400 - - -
2026-08-08T23:30:25-0400 delete_target success /{TARGET_LOCATION}/ROOT.20260630T0400 - - -
2026-08-08T23:30:25-0400 delete_target starting /{TARGET_LOCATION}/ROOT.20260630T0430 - - -
2026-08-08T23:30:25-0400 delete_target success /{TARGET_LOCATION}/ROOT.20260630T0430 - - -
2026-08-08T23:30:25-0400 delete_target starting /{TARGET_LOCATION}/ROOT.20260630T0500 - - -
2026-08-08T23:30:25-0400 delete_target success /{TARGET_LOCATION}/ROOT.20260630T0500 - - -
2026-08-08T23:30:25-0400 delete_target starting /{TARGET_LOCATION}/ROOT.20260630T0530 - - -
2026-08-08T23:30:25-0400 delete_target success /{TARGET_LOCATION}/ROOT.20260630T0530 - - -
2026-08-08T23:30:25-0400 delete_target starting /{TARGET_LOCATION}/ROOT.20260630T0600 - - -
2026-08-08T23:30:25-0400 delete_target success /{TARGET_LOCATION}/ROOT.20260630T0600 - - -
2026-08-08T23:30:25-0400 delete_target starting /{TARGET_LOCATION}/ROOT.20260630T0630 - - -
2026-08-08T23:30:25-0400 delete_target success /{TARGET_LOCATION}/ROOT.20260630T0630 - - -
2026-08-08T23:30:25-0400 delete_target starting /{TARGET_LOCATION}/ROOT.20260630T0700 - - -
2026-08-08T23:30:25-0400 delete_target success /{TARGET_LOCATION}/ROOT.20260630T0700 - - -
2026-08-08T23:30:25-0400 delete_target starting /{TARGET_LOCATION}/ROOT.20260630T0730 - - -
2026-08-08T23:30:25-0400 delete_target success /{TARGET_LOCATION}/ROOT.20260630T0730 - - -
2026-08-08T23:30:25-0400 delete_target starting /{TARGET_LOCATION}/ROOT.20260630T0800 - - -
2026-08-08T23:30:25-0400 delete_target success /{TARGET_LOCATION}/ROOT.20260630T0800 - - -
2026-08-08T23:30:25-0400 delete_target starting /{TARGET_LOCATION}/ROOT.20260630T0830 - - -
2026-08-08T23:30:25-0400 delete_target success /{TARGET_LOCATION}/ROOT.20260630T0830 - - -
2026-08-08T23:30:25-0400 delete_target starting /{TARGET_LOCATION}/ROOT.20260630T0900 - - -
2026-08-08T23:30:25-0400 delete_target success /{TARGET_LOCATION}/ROOT.20260630T0900 - - -
2026-08-08T23:30:25-0400 delete_target starting /{TARGET_LOCATION}/ROOT.20260630T0930 - - -
2026-08-08T23:30:25-0400 delete_target success /{TARGET_LOCATION}/ROOT.20260630T0930 - - -
2026-08-08T23:30:25-0400 delete_target starting /{TARGET_LOCATION}/ROOT.20260630T1000 - - -
2026-08-08T23:30:25-0400 delete_target success /{TARGET_LOCATION}/ROOT.20260630T1000 - - -
2026-08-08T23:30:25-0400 delete_target starting /{TARGET_LOCATION}/ROOT.20260630T1030 - - -
2026-08-08T23:30:25-0400 delete_target success /{TARGET_LOCATION}/ROOT.20260630T1030 - - -
2026-08-08T23:30:25-0400 delete_target starting /{TARGET_LOCATION}/ROOT.20260630T1100 - - -
2026-08-08T23:30:25-0400 delete_target success /{TARGET_LOCATION}/ROOT.20260630T1100 - - -
2026-08-08T23:30:25-0400 delete_target starting /{TARGET_LOCATION}/ROOT.20260630T1130 - - -
2026-08-08T23:30:25-0400 delete_target success /{TARGET_LOCATION}/ROOT.20260630T1130 - - -
2026-08-08T23:30:25-0400 delete_target starting /{TARGET_LOCATION}/ROOT.20260630T1200 - - -
2026-08-08T23:30:25-0400 delete_target success /{TARGET_LOCATION}/ROOT.20260630T1200 - - -
2026-08-08T23:30:25-0400 delete_target starting /{TARGET_LOCATION}/ROOT.20260630T1230 - - -
2026-08-08T23:30:25-0400 delete_target success /{TARGET_LOCATION}/ROOT.20260630T1230 - - -
2026-08-08T23:30:25-0400 delete_target starting /{TARGET_LOCATION}/ROOT.20260630T1300 - - -
2026-08-08T23:30:25-0400 delete_target success /{TARGET_LOCATION}/ROOT.20260630T1300 - - -
2026-08-08T23:30:25-0400 delete_target starting /{TARGET_LOCATION}/ROOT.20260630T1330 - - -
2026-08-08T23:30:25-0400 delete_target success /{TARGET_LOCATION}/ROOT.20260630T1330 - - -
2026-08-08T23:30:25-0400 delete_target starting /{TARGET_LOCATION}/ROOT.20260630T1400 - - -
2026-08-08T23:30:25-0400 delete_target success /{TARGET_LOCATION}/ROOT.20260630T1400 - - -
2026-08-08T23:30:25-0400 delete_target starting /{TARGET_LOCATION}/ROOT.20260630T1430 - - -
2026-08-08T23:30:25-0400 delete_target success /{TARGET_LOCATION}/ROOT.20260630T1430 - - -
2026-08-08T23:30:25-0400 delete_target starting /{TARGET_LOCATION}/ROOT.20260630T1500 - - -
2026-08-08T23:30:25-0400 delete_target success /{TARGET_LOCATION}/ROOT.20260630T1500 - - -
2026-08-08T23:30:25-0400 delete_target starting /{TARGET_LOCATION}/ROOT.20260630T1530 - - -
2026-08-08T23:30:25-0400 delete_target success /{TARGET_LOCATION}/ROOT.20260630T1530 - - -
2026-08-08T23:30:25-0400 delete_target starting /{TARGET_LOCATION}/ROOT.20260630T1600 - - -
2026-08-08T23:30:25-0400 delete_target success /{TARGET_LOCATION}/ROOT.20260630T1600 - - -
2026-08-08T23:30:25-0400 delete_target starting /{TARGET_LOCATION}/ROOT.20260630T1630 - - -
2026-08-08T23:30:25-0400 delete_target success /{TARGET_LOCATION}/ROOT.20260630T1630 - - -
2026-08-08T23:30:25-0400 delete_target starting /{TARGET_LOCATION}/ROOT.20260630T1700 - - -
2026-08-08T23:30:25-0400 delete_target success /{TARGET_LOCATION}/ROOT.20260630T1700 - - -
2026-08-08T23:30:25-0400 delete_target starting /{TARGET_LOCATION}/ROOT.20260630T1730 - - -
2026-08-08T23:30:25-0400 delete_target success /{TARGET_LOCATION}/ROOT.20260630T1730 - - -
2026-08-08T23:30:25-0400 delete_target starting /{TARGET_LOCATION}/ROOT.20260630T1800 - - -
2026-08-08T23:30:25-0400 delete_target success /{TARGET_LOCATION}/ROOT.20260630T1800 - - -
2026-08-08T23:30:25-0400 delete_target starting /{TARGET_LOCATION}/ROOT.20260630T1830 - - -
2026-08-08T23:30:25-0400 delete_target success /{TARGET_LOCATION}/ROOT.20260630T1830 - - -
2026-08-08T23:30:25-0400 delete_target starting /{TARGET_LOCATION}/ROOT.20260630T1900 - - -
2026-08-08T23:30:25-0400 delete_target success /{TARGET_LOCATION}/ROOT.20260630T1900 - - -
2026-08-08T23:30:25-0400 delete_target starting /{TARGET_LOCATION}/ROOT.20260630T1930 - - -
2026-08-08T23:30:25-0400 delete_target success /{TARGET_LOCATION}/ROOT.20260630T1930 - - -
2026-08-08T23:30:25-0400 delete_target starting /{TARGET_LOCATION}/ROOT.20260630T2000 - - -
2026-08-08T23:30:25-0400 delete_target success /{TARGET_LOCATION}/ROOT.20260630T2000 - - -
2026-08-08T23:30:25-0400 delete_target starting /{TARGET_LOCATION}/ROOT.20260630T2030 - - -
2026-08-08T23:30:25-0400 delete_target success /{TARGET_LOCATION}/ROOT.20260630T2030 - - -
2026-08-08T23:30:25-0400 delete_target starting /{TARGET_LOCATION}/ROOT.20260630T2100 - - -
2026-08-08T23:30:25-0400 delete_target success /{TARGET_LOCATION}/ROOT.20260630T2100 - - -
2026-08-08T23:30:25-0400 delete_target starting /{TARGET_LOCATION}/ROOT.20260630T2130 - - -
2026-08-08T23:30:25-0400 delete_target success /{TARGET_LOCATION}/ROOT.20260630T2130 - - -
2026-08-08T23:30:25-0400 delete_target starting /{TARGET_LOCATION}/ROOT.20260630T2200 - - -
2026-08-08T23:30:25-0400 delete_target success /{TARGET_LOCATION}/ROOT.20260630T2200 - - -
2026-08-08T23:30:25-0400 delete_target starting /{TARGET_LOCATION}/ROOT.20260630T2230 - - -
2026-08-08T23:30:25-0400 delete_target success /{TARGET_LOCATION}/ROOT.20260630T2230 - - -
2026-08-08T23:30:25-0400 delete_target starting /{TARGET_LOCATION}/ROOT.20260630T2300 - - -
2026-08-08T23:30:25-0400 delete_target success /{TARGET_LOCATION}/ROOT.20260630T2300 - - -
2026-08-08T23:30:25-0400 delete_target starting /{TARGET_LOCATION}/ROOT.20260630T2330 - - -
2026-08-08T23:30:25-0400 delete_target success /{TARGET_LOCATION}/ROOT.20260630T2330 - - -
2026-08-08T23:30:25-0400 delete_target starting /{TARGET_LOCATION}/ROOT.20260701T0000 - - -
2026-08-08T23:30:25-0400 delete_target success /{TARGET_LOCATION}/ROOT.20260701T0000 - - -
2026-08-08T23:30:25-0400 delete_target starting /{TARGET_LOCATION}/ROOT.20260701T0030 - - -
2026-08-08T23:30:25-0400 delete_target success /{TARGET_LOCATION}/ROOT.20260701T0030 - - -
2026-08-08T23:30:25-0400 delete_target starting /{TARGET_LOCATION}/ROOT.20260701T0100 - - -
2026-08-08T23:30:25-0400 delete_target success /{TARGET_LOCATION}/ROOT.20260701T0100 - - -
2026-08-08T23:30:25-0400 delete_target starting /{TARGET_LOCATION}/ROOT.20260701T0130 - - -
2026-08-08T23:30:25-0400 delete_target success /{TARGET_LOCATION}/ROOT.20260701T0130 - - -
2026-08-08T23:30:25-0400 delete_target starting /{TARGET_LOCATION}/ROOT.20260701T0200 - - -
2026-08-08T23:30:25-0400 delete_target success /{TARGET_LOCATION}/ROOT.20260701T0200 - - -
2026-08-08T23:30:25-0400 delete_target starting /{TARGET_LOCATION}/ROOT.20260701T0230 - - -
2026-08-08T23:30:25-0400 delete_target success /{TARGET_LOCATION}/ROOT.20260701T0230 - - -
2026-08-08T23:30:25-0400 delete_target starting /{TARGET_LOCATION}/ROOT.20260701T0300 - - -
2026-08-08T23:30:25-0400 delete_target success /{TARGET_LOCATION}/ROOT.20260701T0300 - - -
2026-08-08T23:30:25-0400 delete_target starting /{TARGET_LOCATION}/ROOT.20260701T0330 - - -
2026-08-08T23:30:25-0400 delete_target success /{TARGET_LOCATION}/ROOT.20260701T0330 - - -
2026-08-08T23:30:25-0400 delete_target starting /{TARGET_LOCATION}/ROOT.20260701T0400 - - -
2026-08-08T23:30:25-0400 delete_target success /{TARGET_LOCATION}/ROOT.20260701T0400 - - -
2026-08-08T23:30:25-0400 delete_target starting /{TARGET_LOCATION}/ROOT.20260701T0430 - - -
2026-08-08T23:30:25-0400 delete_target success /{TARGET_LOCATION}/ROOT.20260701T0430 - - -
2026-08-08T23:30:25-0400 delete_target starting /{TARGET_LOCATION}/ROOT.20260701T0500 - - -
2026-08-08T23:30:25-0400 delete_target success /{TARGET_LOCATION}/ROOT.20260701T0500 - - -
2026-08-08T23:30:25-0400 delete_target starting /{TARGET_LOCATION}/ROOT.20260701T0530 - - -
2026-08-08T23:30:25-0400 delete_target success /{TARGET_LOCATION}/ROOT.20260701T0530 - - -
2026-08-08T23:30:25-0400 delete_target starting /{TARGET_LOCATION}/ROOT.20260701T0600 - - -
2026-08-08T23:30:25-0400 delete_target success /{TARGET_LOCATION}/ROOT.20260701T0600 - - -
2026-08-08T23:30:25-0400 delete_target starting /{TARGET_LOCATION}/ROOT.20260701T0630 - - -
2026-08-08T23:30:25-0400 delete_target success /{TARGET_LOCATION}/ROOT.20260701T0630 - - -
2026-08-08T23:30:25-0400 delete_target starting /{TARGET_LOCATION}/ROOT.20260701T0700 - - -
2026-08-08T23:30:25-0400 delete_target success /{TARGET_LOCATION}/ROOT.20260701T0700 - - -
2026-08-08T23:30:25-0400 delete_target starting /{TARGET_LOCATION}/ROOT.20260701T0730 - - -
2026-08-08T23:30:25-0400 delete_target success /{TARGET_LOCATION}/ROOT.20260701T0730 - - -
2026-08-08T23:30:25-0400 delete_target starting /{TARGET_LOCATION}/ROOT.20260701T0800 - - -
2026-08-08T23:30:25-0400 delete_target success /{TARGET_LOCATION}/ROOT.20260701T0800 - - -
2026-08-08T23:30:25-0400 delete_target starting /{TARGET_LOCATION}/ROOT.20260701T0830 - - -
2026-08-08T23:30:25-0400 delete_target success /{TARGET_LOCATION}/ROOT.20260701T0830 - - -
2026-08-08T23:30:25-0400 delete_target starting /{TARGET_LOCATION}/ROOT.20260701T0900 - - -
2026-08-08T23:30:25-0400 delete_target success /{TARGET_LOCATION}/ROOT.20260701T0900 - - -
2026-08-08T23:30:25-0400 delete_target starting /{TARGET_LOCATION}/ROOT.20260701T0930 - - -
2026-08-08T23:30:25-0400 delete_target success /{TARGET_LOCATION}/ROOT.20260701T0930 - - -
2026-08-08T23:30:25-0400 delete_target starting /{TARGET_LOCATION}/ROOT.20260701T1000 - - -
2026-08-08T23:30:25-0400 delete_target success /{TARGET_LOCATION}/ROOT.20260701T1000 - - -
2026-08-08T23:30:25-0400 delete_target starting /{TARGET_LOCATION}/ROOT.20260701T1030 - - -
2026-08-08T23:30:25-0400 delete_target success /{TARGET_LOCATION}/ROOT.20260701T1030 - - -
2026-08-08T23:30:25-0400 delete_target starting /{TARGET_LOCATION}/ROOT.20260701T1100 - - -
2026-08-08T23:30:25-0400 delete_target success /{TARGET_LOCATION}/ROOT.20260701T1100 - - -
2026-08-08T23:30:25-0400 delete_target starting /{TARGET_LOCATION}/ROOT.20260701T1130 - - -
2026-08-08T23:30:25-0400 delete_target success /{TARGET_LOCATION}/ROOT.20260701T1130 - - -
2026-08-08T23:30:25-0400 delete_target starting /{TARGET_LOCATION}/ROOT.20260701T1200 - - -
2026-08-08T23:30:25-0400 delete_target success /{TARGET_LOCATION}/ROOT.20260701T1200 - - -
2026-08-08T23:30:25-0400 delete_target starting /{TARGET_LOCATION}/ROOT.20260701T1230 - - -
2026-08-08T23:30:25-0400 delete_target success /{TARGET_LOCATION}/ROOT.20260701T1230 - - -
2026-08-08T23:30:25-0400 delete_target starting /{TARGET_LOCATION}/ROOT.20260701T1300 - - -
2026-08-08T23:30:25-0400 delete_target success /{TARGET_LOCATION}/ROOT.20260701T1300 - - -
2026-08-08T23:30:25-0400 delete_target starting /{TARGET_LOCATION}/ROOT.20260701T1330 - - -
2026-08-08T23:30:25-0400 delete_target success /{TARGET_LOCATION}/ROOT.20260701T1330 - - -
2026-08-08T23:30:25-0400 delete_target starting /{TARGET_LOCATION}/ROOT.20260701T1400 - - -
2026-08-08T23:30:25-0400 delete_target success /{TARGET_LOCATION}/ROOT.20260701T1400 - - -
2026-08-08T23:30:25-0400 delete_target starting /{TARGET_LOCATION}/ROOT.20260701T1430 - - -
2026-08-08T23:30:25-0400 delete_target success /{TARGET_LOCATION}/ROOT.20260701T1430 - - -
2026-08-08T23:30:25-0400 delete_target starting /{TARGET_LOCATION}/ROOT.20260701T1500 - - -
2026-08-08T23:30:25-0400 delete_target success /{TARGET_LOCATION}/ROOT.20260701T1500 - - -
2026-08-08T23:30:25-0400 delete_target starting /{TARGET_LOCATION}/ROOT.20260701T1530 - - -
2026-08-08T23:30:25-0400 delete_target success /{TARGET_LOCATION}/ROOT.20260701T1530 - - -
2026-08-08T23:30:25-0400 delete_target starting /{TARGET_LOCATION}/ROOT.20260701T1600 - - -
2026-08-08T23:30:25-0400 delete_target success /{TARGET_LOCATION}/ROOT.20260701T1600 - - -
2026-08-08T23:30:25-0400 delete_target starting /{TARGET_LOCATION}/ROOT.20260701T1630 - - -
2026-08-08T23:30:25-0400 delete_target success /{TARGET_LOCATION}/ROOT.20260701T1630 - - -
2026-08-08T23:30:25-0400 delete_target starting /{TARGET_LOCATION}/ROOT.20260701T1700 - - -
2026-08-08T23:30:25-0400 delete_target success /{TARGET_LOCATION}/ROOT.20260701T1700 - - -
2026-08-08T23:30:25-0400 delete_target starting /{TARGET_LOCATION}/ROOT.20260701T1730 - - -
2026-08-08T23:30:25-0400 delete_target success /{TARGET_LOCATION}/ROOT.20260701T1730 - - -
2026-08-08T23:30:25-0400 delete_target starting /{TARGET_LOCATION}/ROOT.20260701T1800 - - -
2026-08-08T23:30:25-0400 delete_target success /{TARGET_LOCATION}/ROOT.20260701T1800 - - -
2026-08-08T23:30:25-0400 delete_target starting /{TARGET_LOCATION}/ROOT.20260701T1830 - - -
2026-08-08T23:30:25-0400 delete_target success /{TARGET_LOCATION}/ROOT.20260701T1830 - - -
2026-08-08T23:30:25-0400 delete_target starting /{TARGET_LOCATION}/ROOT.20260701T1900 - - -
2026-08-08T23:30:25-0400 delete_target success /{TARGET_LOCATION}/ROOT.20260701T1900 - - -
2026-08-08T23:30:25-0400 delete_target starting /{TARGET_LOCATION}/ROOT.20260701T1930 - - -
2026-08-08T23:30:25-0400 delete_target success /{TARGET_LOCATION}/ROOT.20260701T1930 - - -
2026-08-08T23:30:25-0400 delete_target starting /{TARGET_LOCATION}/ROOT.20260701T2000 - - -
2026-08-08T23:30:25-0400 delete_target success /{TARGET_LOCATION}/ROOT.20260701T2000 - - -
2026-08-08T23:30:25-0400 delete_target starting /{TARGET_LOCATION}/ROOT.20260701T2030 - - -
2026-08-08T23:30:25-0400 delete_target success /{TARGET_LOCATION}/ROOT.20260701T2030 - - -
2026-08-08T23:30:25-0400 delete_target starting /{TARGET_LOCATION}/ROOT.20260701T2100 - - -
2026-08-08T23:30:25-0400 delete_target success /{TARGET_LOCATION}/ROOT.20260701T2100 - - -
2026-08-08T23:30:25-0400 delete_target starting /{TARGET_LOCATION}/ROOT.20260701T2130 - - -
2026-08-08T23:30:25-0400 delete_target success /{TARGET_LOCATION}/ROOT.20260701T2130 - - -
2026-08-08T23:30:25-0400 delete_target starting /{TARGET_LOCATION}/ROOT.20260701T2200 - - -
2026-08-08T23:30:25-0400 delete_target success /{TARGET_LOCATION}/ROOT.20260701T2200 - - -
2026-08-08T23:30:25-0400 delete_target starting /{TARGET_LOCATION}/ROOT.20260701T2230 - - -
2026-08-08T23:30:25-0400 delete_target success /{TARGET_LOCATION}/ROOT.20260701T2230 - - -
2026-08-08T23:30:25-0400 delete_target starting /{TARGET_LOCATION}/ROOT.20260701T2300 - - -
2026-08-08T23:30:25-0400 delete_target success /{TARGET_LOCATION}/ROOT.20260701T2300 - - -
2026-08-08T23:30:25-0400 delete_target starting /{TARGET_LOCATION}/ROOT.20260701T2330 - - -
2026-08-08T23:30:25-0400 delete_target success /{TARGET_LOCATION}/ROOT.20260701T2330 - - -
2026-08-08T23:30:25-0400 delete_target starting /{TARGET_LOCATION}/ROOT.20260702T0000 - - -
2026-08-08T23:30:25-0400 delete_target success /{TARGET_LOCATION}/ROOT.20260702T0000 - - -
2026-08-08T23:30:25-0400 delete_target starting /{TARGET_LOCATION}/ROOT.20260702T0030 - - -
2026-08-08T23:30:25-0400 delete_target success /{TARGET_LOCATION}/ROOT.20260702T0030 - - -
2026-08-08T23:30:25-0400 delete_target starting /{TARGET_LOCATION}/ROOT.20260702T0100 - - -
2026-08-08T23:30:25-0400 delete_target success /{TARGET_LOCATION}/ROOT.20260702T0100 - - -
2026-08-08T23:30:25-0400 delete_target starting /{TARGET_LOCATION}/ROOT.20260702T0130 - - -
2026-08-08T23:30:25-0400 delete_target success /{TARGET_LOCATION}/ROOT.20260702T0130 - - -
2026-08-08T23:30:25-0400 delete_target starting /{TARGET_LOCATION}/ROOT.20260702T0200 - - -
2026-08-08T23:30:25-0400 delete_target success /{TARGET_LOCATION}/ROOT.20260702T0200 - - -
2026-08-08T23:30:25-0400 delete_target starting /{TARGET_LOCATION}/ROOT.20260702T0230 - - -
2026-08-08T23:30:25-0400 delete_target success /{TARGET_LOCATION}/ROOT.20260702T0230 - - -
2026-08-08T23:30:25-0400 delete_target starting /{TARGET_LOCATION}/ROOT.20260702T0300 - - -
2026-08-08T23:30:25-0400 delete_target success /{TARGET_LOCATION}/ROOT.20260702T0300 - - -
2026-08-08T23:30:25-0400 delete_target starting /{TARGET_LOCATION}/ROOT.20260702T0330 - - -
2026-08-08T23:30:25-0400 delete_target success /{TARGET_LOCATION}/ROOT.20260702T0330 - - -
2026-08-08T23:30:25-0400 delete_target starting /{TARGET_LOCATION}/ROOT.20260702T0400 - - -
2026-08-08T23:30:25-0400 delete_target success /{TARGET_LOCATION}/ROOT.20260702T0400 - - -
2026-08-08T23:30:25-0400 delete_target starting /{TARGET_LOCATION}/ROOT.20260702T0430 - - -
2026-08-08T23:30:25-0400 delete_target success /{TARGET_LOCATION}/ROOT.20260702T0430 - - -
2026-08-08T23:30:25-0400 delete_target starting /{TARGET_LOCATION}/ROOT.20260702T0500 - - -
2026-08-08T23:30:25-0400 delete_target success /{TARGET_LOCATION}/ROOT.20260702T0500 - - -
2026-08-08T23:30:25-0400 delete_target starting /{TARGET_LOCATION}/ROOT.20260702T0530 - - -
2026-08-08T23:30:25-0400 delete_target success /{TARGET_LOCATION}/ROOT.20260702T0530 - - -
2026-08-08T23:30:25-0400 delete_target starting /{TARGET_LOCATION}/ROOT.20260702T0600 - - -
2026-08-08T23:30:25-0400 delete_target success /{TARGET_LOCATION}/ROOT.20260702T0600 - - -
2026-08-08T23:30:25-0400 delete_target starting /{TARGET_LOCATION}/ROOT.20260702T0630 - - -
2026-08-08T23:30:25-0400 delete_target success /{TARGET_LOCATION}/ROOT.20260702T0630 - - -
2026-08-08T23:30:25-0400 delete_target starting /{TARGET_LOCATION}/ROOT.20260702T0700 - - -
2026-08-08T23:30:25-0400 delete_target success /{TARGET_LOCATION}/ROOT.20260702T0700 - - -
2026-08-08T23:30:25-0400 delete_target starting /{TARGET_LOCATION}/ROOT.20260702T0730 - - -
2026-08-08T23:30:25-0400 delete_target success /{TARGET_LOCATION}/ROOT.20260702T0730 - - -
2026-08-08T23:30:25-0400 delete_target starting /{TARGET_LOCATION}/ROOT.20260702T0800 - - -
2026-08-08T23:30:25-0400 delete_target success /{TARGET_LOCATION}/ROOT.20260702T0800 - - -
2026-08-08T23:30:25-0400 delete_target starting /{TARGET_LOCATION}/ROOT.20260702T0830 - - -
2026-08-08T23:30:25-0400 delete_target success /{TARGET_LOCATION}/ROOT.20260702T0830 - - -
2026-08-08T23:30:25-0400 delete_target starting /{TARGET_LOCATION}/ROOT.20260702T0900 - - -
2026-08-08T23:30:25-0400 delete_target success /{TARGET_LOCATION}/ROOT.20260702T0900 - - -
2026-08-08T23:30:25-0400 delete_target starting /{TARGET_LOCATION}/ROOT.20260702T0930 - - -
2026-08-08T23:30:25-0400 delete_target success /{TARGET_LOCATION}/ROOT.20260702T0930 - - -
2026-08-08T23:30:25-0400 delete_target starting /{TARGET_LOCATION}/ROOT.20260702T1000 - - -
2026-08-08T23:30:25-0400 delete_target success /{TARGET_LOCATION}/ROOT.20260702T1000 - - -
2026-08-08T23:30:25-0400 delete_target starting /{TARGET_LOCATION}/ROOT.20260702T1030 - - -
2026-08-08T23:30:25-0400 delete_target success /{TARGET_LOCATION}/ROOT.20260702T1030 - - -
2026-08-08T23:30:25-0400 delete_target starting /{TARGET_LOCATION}/ROOT.20260702T1100 - - -
2026-08-08T23:30:25-0400 delete_target success /{TARGET_LOCATION}/ROOT.20260702T1100 - - -
2026-08-08T23:30:25-0400 delete_target starting /{TARGET_LOCATION}/ROOT.20260702T1130 - - -
2026-08-08T23:30:25-0400 delete_target success /{TARGET_LOCATION}/ROOT.20260702T1130 - - -
2026-08-08T23:30:25-0400 delete_target starting /{TARGET_LOCATION}/ROOT.20260702T1200 - - -
2026-08-08T23:30:25-0400 delete_target success /{TARGET_LOCATION}/ROOT.20260702T1200 - - -
2026-08-08T23:30:25-0400 delete_target starting /{TARGET_LOCATION}/ROOT.20260702T1230 - - -
2026-08-08T23:30:25-0400 delete_target success /{TARGET_LOCATION}/ROOT.20260702T1230 - - -
2026-08-08T23:30:25-0400 delete_target starting /{TARGET_LOCATION}/ROOT.20260702T1300 - - -
2026-08-08T23:30:25-0400 delete_target success /{TARGET_LOCATION}/ROOT.20260702T1300 - - -
2026-08-08T23:30:25-0400 delete_target starting /{TARGET_LOCATION}/ROOT.20260702T1330 - - -
2026-08-08T23:30:25-0400 delete_target success /{TARGET_LOCATION}/ROOT.20260702T1330 - - -
2026-08-08T23:30:25-0400 delete_target starting /{TARGET_LOCATION}/ROOT.20260702T1400 - - -
2026-08-08T23:30:25-0400 delete_target success /{TARGET_LOCATION}/ROOT.20260702T1400 - - -
2026-08-08T23:30:25-0400 delete_target starting /{TARGET_LOCATION}/ROOT.20260702T1430 - - -
2026-08-08T23:30:25-0400 delete_target success /{TARGET_LOCATION}/ROOT.20260702T1430 - - -
2026-08-08T23:30:25-0400 delete_target starting /{TARGET_LOCATION}/ROOT.20260702T1500 - - -
2026-08-08T23:30:25-0400 delete_target success /{TARGET_LOCATION}/ROOT.20260702T1500 - - -
2026-08-08T23:30:25-0400 delete_target starting /{TARGET_LOCATION}/ROOT.20260702T1530 - - -
2026-08-08T23:30:25-0400 delete_target success /{TARGET_LOCATION}/ROOT.20260702T1530 - - -
2026-08-08T23:30:25-0400 delete_target starting /{TARGET_LOCATION}/ROOT.20260702T1600 - - -
2026-08-08T23:30:25-0400 delete_target success /{TARGET_LOCATION}/ROOT.20260702T1600 - - -
2026-08-08T23:30:25-0400 delete_target starting /{TARGET_LOCATION}/ROOT.20260702T1630 - - -
2026-08-08T23:30:25-0400 delete_target success /{TARGET_LOCATION}/ROOT.20260702T1630 - - -
2026-08-08T23:30:25-0400 delete_target starting /{TARGET_LOCATION}/ROOT.20260702T1700 - - -
2026-08-08T23:30:25-0400 delete_target success /{TARGET_LOCATION}/ROOT.20260702T1700 - - -
2026-08-08T23:30:25-0400 delete_target starting /{TARGET_LOCATION}/ROOT.20260702T1730 - - -
2026-08-08T23:30:25-0400 delete_target success /{TARGET_LOCATION}/ROOT.20260702T1730 - - -
2026-08-08T23:30:25-0400 delete_target starting /{TARGET_LOCATION}/ROOT.20260702T1800 - - -
2026-08-08T23:30:25-0400 delete_target success /{TARGET_LOCATION}/ROOT.20260702T1800 - - -
2026-08-08T23:30:25-0400 delete_target starting /{TARGET_LOCATION}/ROOT.20260702T1830 - - -
2026-08-08T23:30:25-0400 delete_target success /{TARGET_LOCATION}/ROOT.20260702T1830 - - -
2026-08-08T23:30:25-0400 delete_target starting /{TARGET_LOCATION}/ROOT.20260702T1900 - - -
2026-08-08T23:30:25-0400 delete_target success /{TARGET_LOCATION}/ROOT.20260702T1900 - - -
2026-08-08T23:30:25-0400 delete_target starting /{TARGET_LOCATION}/ROOT.20260702T1930 - - -
2026-08-08T23:30:26-0400 delete_target success /{TARGET_LOCATION}/ROOT.20260702T1930 - - -
2026-08-08T23:30:26-0400 delete_target starting /{TARGET_LOCATION}/ROOT.20260702T2000 - - -
2026-08-08T23:30:26-0400 delete_target success /{TARGET_LOCATION}/ROOT.20260702T2000 - - -
2026-08-08T23:30:26-0400 delete_target starting /{TARGET_LOCATION}/ROOT.20260702T2030 - - -
2026-08-08T23:30:26-0400 delete_target success /{TARGET_LOCATION}/ROOT.20260702T2030 - - -
2026-08-08T23:30:26-0400 delete_target starting /{TARGET_LOCATION}/ROOT.20260702T2100 - - -
2026-08-08T23:30:26-0400 delete_target success /{TARGET_LOCATION}/ROOT.20260702T2100 - - -
2026-08-08T23:30:26-0400 delete_target starting /{TARGET_LOCATION}/ROOT.20260702T2130 - - -
2026-08-08T23:30:26-0400 delete_target success /{TARGET_LOCATION}/ROOT.20260702T2130 - - -
2026-08-08T23:30:26-0400 delete_target starting /{TARGET_LOCATION}/ROOT.20260702T2200 - - -
2026-08-08T23:30:26-0400 delete_target success /{TARGET_LOCATION}/ROOT.20260702T2200 - - -
2026-08-08T23:30:26-0400 delete_target starting /{TARGET_LOCATION}/ROOT.20260702T2230 - - -
2026-08-08T23:30:26-0400 delete_target success /{TARGET_LOCATION}/ROOT.20260702T2230 - - -
2026-08-08T23:30:26-0400 delete_target starting /{TARGET_LOCATION}/ROOT.20260702T2300 - - -
2026-08-08T23:30:26-0400 delete_target success /{TARGET_LOCATION}/ROOT.20260702T2300 - - -
2026-08-08T23:30:26-0400 delete_target starting /{TARGET_LOCATION}/ROOT.20260702T2330 - - -
2026-08-08T23:30:26-0400 delete_target success /{TARGET_LOCATION}/ROOT.20260702T2330 - - -
2026-08-08T23:30:26-0400 delete_target starting /{TARGET_LOCATION}/ROOT.20260703T0000 - - -
2026-08-08T23:30:26-0400 delete_target success /{TARGET_LOCATION}/ROOT.20260703T0000 - - -
2026-08-08T23:30:26-0400 delete_target starting /{TARGET_LOCATION}/ROOT.20260703T0030 - - -
2026-08-08T23:30:26-0400 delete_target success /{TARGET_LOCATION}/ROOT.20260703T0030 - - -
2026-08-08T23:30:26-0400 delete_target starting /{TARGET_LOCATION}/ROOT.20260703T0100 - - -
2026-08-08T23:30:26-0400 delete_target success /{TARGET_LOCATION}/ROOT.20260703T0100 - - -
2026-08-08T23:30:26-0400 delete_target starting /{TARGET_LOCATION}/ROOT.20260703T0130 - - -
2026-08-08T23:30:26-0400 delete_target success /{TARGET_LOCATION}/ROOT.20260703T0130 - - -
2026-08-08T23:30:26-0400 delete_target starting /{TARGET_LOCATION}/ROOT.20260703T0200 - - -
2026-08-08T23:30:26-0400 delete_target success /{TARGET_LOCATION}/ROOT.20260703T0200 - - -
2026-08-08T23:30:26-0400 delete_target starting /{TARGET_LOCATION}/ROOT.20260703T0230 - - -
2026-08-08T23:30:26-0400 delete_target success /{TARGET_LOCATION}/ROOT.20260703T0230 - - -
2026-08-08T23:30:26-0400 delete_target starting /{TARGET_LOCATION}/ROOT.20260703T0300 - - -
2026-08-08T23:30:26-0400 delete_target success /{TARGET_LOCATION}/ROOT.20260703T0300 - - -
2026-08-08T23:30:26-0400 delete_target starting /{TARGET_LOCATION}/ROOT.20260703T0330 - - -
2026-08-08T23:30:26-0400 delete_target success /{TARGET_LOCATION}/ROOT.20260703T0330 - - -
2026-08-08T23:30:26-0400 delete_target starting /{TARGET_LOCATION}/ROOT.20260703T0400 - - -
2026-08-08T23:30:26-0400 delete_target success /{TARGET_LOCATION}/ROOT.20260703T0400 - - -
2026-08-08T23:30:26-0400 delete_target starting /{TARGET_LOCATION}/ROOT.20260703T0430 - - -
2026-08-08T23:30:26-0400 delete_target success /{TARGET_LOCATION}/ROOT.20260703T0430 - - -
2026-08-08T23:30:26-0400 delete_target starting /{TARGET_LOCATION}/ROOT.20260703T0500 - - -
2026-08-08T23:30:26-0400 delete_target success /{TARGET_LOCATION}/ROOT.20260703T0500 - - -
2026-08-08T23:30:26-0400 delete_target starting /{TARGET_LOCATION}/ROOT.20260703T0530 - - -
2026-08-08T23:30:26-0400 delete_target success /{TARGET_LOCATION}/ROOT.20260703T0530 - - -
2026-08-08T23:30:26-0400 delete_target starting /{TARGET_LOCATION}/ROOT.20260703T0600 - - -
2026-08-08T23:30:26-0400 delete_target success /{TARGET_LOCATION}/ROOT.20260703T0600 - - -
2026-08-08T23:30:26-0400 delete_target starting /{TARGET_LOCATION}/ROOT.20260703T0630 - - -
2026-08-08T23:30:26-0400 delete_target success /{TARGET_LOCATION}/ROOT.20260703T0630 - - -
2026-08-08T23:30:26-0400 delete_target starting /{TARGET_LOCATION}/ROOT.20260703T0700 - - -
2026-08-08T23:30:26-0400 delete_target success /{TARGET_LOCATION}/ROOT.20260703T0700 - - -
2026-08-08T23:30:26-0400 delete_target starting /{TARGET_LOCATION}/ROOT.20260703T0730 - - -
2026-08-08T23:30:26-0400 delete_target success /{TARGET_LOCATION}/ROOT.20260703T0730 - - -
2026-08-08T23:30:26-0400 delete_target starting /{TARGET_LOCATION}/ROOT.20260703T0800 - - -
2026-08-08T23:30:26-0400 delete_target success /{TARGET_LOCATION}/ROOT.20260703T0800 - - -
2026-08-08T23:30:26-0400 delete_target starting /{TARGET_LOCATION}/ROOT.20260703T0830 - - -
2026-08-08T23:30:26-0400 delete_target success /{TARGET_LOCATION}/ROOT.20260703T0830 - - -
2026-08-08T23:30:26-0400 delete_target starting /{TARGET_LOCATION}/ROOT.20260703T0900 - - -
2026-08-08T23:30:26-0400 delete_target success /{TARGET_LOCATION}/ROOT.20260703T0900 - - -
2026-08-08T23:30:26-0400 delete_target starting /{TARGET_LOCATION}/ROOT.20260703T0930 - - -
2026-08-08T23:30:26-0400 delete_target success /{TARGET_LOCATION}/ROOT.20260703T0930 - - -
2026-08-08T23:30:26-0400 delete_target starting /{TARGET_LOCATION}/ROOT.20260703T1000 - - -
2026-08-08T23:30:26-0400 delete_target success /{TARGET_LOCATION}/ROOT.20260703T1000 - - -
2026-08-08T23:30:26-0400 delete_target starting /{TARGET_LOCATION}/ROOT.20260703T1030 - - -
2026-08-08T23:30:26-0400 delete_target success /{TARGET_LOCATION}/ROOT.20260703T1030 - - -
2026-08-08T23:30:26-0400 delete_target starting /{TARGET_LOCATION}/ROOT.20260703T1100 - - -
2026-08-08T23:30:26-0400 delete_target success /{TARGET_LOCATION}/ROOT.20260703T1100 - - -
2026-08-08T23:30:26-0400 delete_target starting /{TARGET_LOCATION}/ROOT.20260703T1130 - - -
2026-08-08T23:30:26-0400 delete_target success /{TARGET_LOCATION}/ROOT.20260703T1130 - - -
2026-08-08T23:30:26-0400 delete_target starting /{TARGET_LOCATION}/ROOT.20260703T1200 - - -
2026-08-08T23:30:26-0400 delete_target success /{TARGET_LOCATION}/ROOT.20260703T1200 - - -
2026-08-08T23:30:26-0400 delete_target starting /{TARGET_LOCATION}/ROOT.20260703T1230 - - -
2026-08-08T23:30:26-0400 delete_target success /{TARGET_LOCATION}/ROOT.20260703T1230 - - -
2026-08-08T23:30:26-0400 delete_target starting /{TARGET_LOCATION}/ROOT.20260703T1300 - - -
2026-08-08T23:30:26-0400 delete_target success /{TARGET_LOCATION}/ROOT.20260703T1300 - - -
2026-08-08T23:30:26-0400 delete_target starting /{TARGET_LOCATION}/ROOT.20260703T1330 - - -
2026-08-08T23:30:26-0400 delete_target success /{TARGET_LOCATION}/ROOT.20260703T1330 - - -
2026-08-08T23:30:26-0400 delete_target starting /{TARGET_LOCATION}/ROOT.20260703T1400 - - -
2026-08-08T23:30:26-0400 delete_target success /{TARGET_LOCATION}/ROOT.20260703T1400 - - -
2026-08-08T23:30:26-0400 delete_target starting /{TARGET_LOCATION}/ROOT.20260703T1430 - - -
2026-08-08T23:30:26-0400 delete_target success /{TARGET_LOCATION}/ROOT.20260703T1430 - - -
2026-08-08T23:30:26-0400 delete_target starting /{TARGET_LOCATION}/ROOT.20260703T1500 - - -
2026-08-08T23:30:26-0400 delete_target success /{TARGET_LOCATION}/ROOT.20260703T1500 - - -
2026-08-08T23:30:26-0400 delete_target starting /{TARGET_LOCATION}/ROOT.20260703T1530 - - -
2026-08-08T23:30:26-0400 delete_target success /{TARGET_LOCATION}/ROOT.20260703T1530 - - -
2026-08-08T23:30:26-0400 delete_target starting /{TARGET_LOCATION}/ROOT.20260703T1600 - - -
2026-08-08T23:30:26-0400 delete_target success /{TARGET_LOCATION}/ROOT.20260703T1600 - - -
2026-08-08T23:30:26-0400 delete_target starting /{TARGET_LOCATION}/ROOT.20260703T1630 - - -
2026-08-08T23:30:26-0400 delete_target success /{TARGET_LOCATION}/ROOT.20260703T1630 - - -
2026-08-08T23:30:26-0400 delete_target starting /{TARGET_LOCATION}/ROOT.20260703T1700 - - -
2026-08-08T23:30:26-0400 delete_target success /{TARGET_LOCATION}/ROOT.20260703T1700 - - -
2026-08-08T23:30:26-0400 delete_target starting /{TARGET_LOCATION}/ROOT.20260703T1730 - - -
2026-08-08T23:30:26-0400 delete_target success /{TARGET_LOCATION}/ROOT.20260703T1730 - - -
2026-08-08T23:30:26-0400 delete_target starting /{TARGET_LOCATION}/ROOT.20260703T1800 - - -
2026-08-08T23:30:26-0400 delete_target success /{TARGET_LOCATION}/ROOT.20260703T1800 - - -
2026-08-08T23:30:26-0400 delete_target starting /{TARGET_LOCATION}/ROOT.20260703T1830 - - -
2026-08-08T23:30:26-0400 delete_target success /{TARGET_LOCATION}/ROOT.20260703T1830 - - -
2026-08-08T23:30:26-0400 delete_target starting /{TARGET_LOCATION}/ROOT.20260703T1900 - - -
2026-08-08T23:30:26-0400 delete_target success /{TARGET_LOCATION}/ROOT.20260703T1900 - - -
2026-08-08T23:30:26-0400 delete_target starting /{TARGET_LOCATION}/ROOT.20260703T1930 - - -
2026-08-08T23:30:26-0400 delete_target success /{TARGET_LOCATION}/ROOT.20260703T1930 - - -
2026-08-08T23:30:26-0400 delete_target starting /{TARGET_LOCATION}/ROOT.20260703T2000 - - -
2026-08-08T23:30:26-0400 delete_target success /{TARGET_LOCATION}/ROOT.20260703T2000 - - -
2026-08-08T23:30:26-0400 delete_target starting /{TARGET_LOCATION}/ROOT.20260703T2030 - - -
2026-08-08T23:30:26-0400 delete_target success /{TARGET_LOCATION}/ROOT.20260703T2030 - - -
2026-08-08T23:30:26-0400 delete_target starting /{TARGET_LOCATION}/ROOT.20260703T2100 - - -
2026-08-08T23:30:26-0400 delete_target success /{TARGET_LOCATION}/ROOT.20260703T2100 - - -
2026-08-08T23:30:26-0400 delete_target starting /{TARGET_LOCATION}/ROOT.20260703T2130 - - -
2026-08-08T23:30:26-0400 delete_target success /{TARGET_LOCATION}/ROOT.20260703T2130 - - -
2026-08-08T23:30:26-0400 delete_target starting /{TARGET_LOCATION}/ROOT.20260703T2200 - - -
2026-08-08T23:30:26-0400 delete_target success /{TARGET_LOCATION}/ROOT.20260703T2200 - - -
2026-08-08T23:30:26-0400 delete_target starting /{TARGET_LOCATION}/ROOT.20260703T2230 - - -
2026-08-08T23:30:26-0400 delete_target success /{TARGET_LOCATION}/ROOT.20260703T2230 - - -
2026-08-08T23:30:26-0400 delete_target starting /{TARGET_LOCATION}/ROOT.20260703T2300 - - -
2026-08-08T23:30:26-0400 delete_target success /{TARGET_LOCATION}/ROOT.20260703T2300 - - -
2026-08-08T23:30:26-0400 delete_target starting /{TARGET_LOCATION}/ROOT.20260703T2330 - - -
2026-08-08T23:30:26-0400 delete_target success /{TARGET_LOCATION}/ROOT.20260703T2330 - - -
2026-08-08T23:30:26-0400 delete_target starting /{TARGET_LOCATION}/ROOT.20260704T0000 - - -
2026-08-08T23:30:26-0400 delete_target success /{TARGET_LOCATION}/ROOT.20260704T0000 - - -
2026-08-08T23:30:26-0400 delete_target starting /{TARGET_LOCATION}/ROOT.20260704T0030 - - -
2026-08-08T23:30:26-0400 delete_target success /{TARGET_LOCATION}/ROOT.20260704T0030 - - -
2026-08-08T23:30:26-0400 delete_target starting /{TARGET_LOCATION}/ROOT.20260704T0100 - - -
2026-08-08T23:30:26-0400 delete_target success /{TARGET_LOCATION}/ROOT.20260704T0100 - - -
2026-08-08T23:30:26-0400 delete_target starting /{TARGET_LOCATION}/ROOT.20260704T0130 - - -
2026-08-08T23:30:26-0400 delete_target success /{TARGET_LOCATION}/ROOT.20260704T0130 - - -
2026-08-08T23:30:26-0400 delete_target starting /{TARGET_LOCATION}/ROOT.20260704T0200 - - -
2026-08-08T23:30:26-0400 delete_target success /{TARGET_LOCATION}/ROOT.20260704T0200 - - -
2026-08-08T23:30:26-0400 delete_target starting /{TARGET_LOCATION}/ROOT.20260704T0230 - - -
2026-08-08T23:30:26-0400 delete_target success /{TARGET_LOCATION}/ROOT.20260704T0230 - - -
2026-08-08T23:30:26-0400 delete_target starting /{TARGET_LOCATION}/ROOT.20260704T0300 - - -
2026-08-08T23:30:26-0400 delete_target success /{TARGET_LOCATION}/ROOT.20260704T0300 - - -
2026-08-08T23:30:26-0400 delete_target starting /{TARGET_LOCATION}/ROOT.20260704T0330 - - -
2026-08-08T23:30:26-0400 delete_target success /{TARGET_LOCATION}/ROOT.20260704T0330 - - -
2026-08-08T23:30:26-0400 delete_target starting /{TARGET_LOCATION}/ROOT.20260704T0400 - - -
2026-08-08T23:30:26-0400 delete_target success /{TARGET_LOCATION}/ROOT.20260704T0400 - - -
2026-08-08T23:30:26-0400 delete_target starting /{TARGET_LOCATION}/ROOT.20260704T0430 - - -
2026-08-08T23:30:26-0400 delete_target success /{TARGET_LOCATION}/ROOT.20260704T0430 - - -
2026-08-08T23:30:26-0400 delete_target starting /{TARGET_LOCATION}/ROOT.20260704T0500 - - -
2026-08-08T23:30:26-0400 delete_target success /{TARGET_LOCATION}/ROOT.20260704T0500 - - -
2026-08-08T23:30:26-0400 delete_target starting /{TARGET_LOCATION}/ROOT.20260704T0530 - - -
2026-08-08T23:30:26-0400 delete_target success /{TARGET_LOCATION}/ROOT.20260704T0530 - - -
2026-08-08T23:30:26-0400 delete_target starting /{TARGET_LOCATION}/ROOT.20260704T0600 - - -
2026-08-08T23:30:26-0400 delete_target success /{TARGET_LOCATION}/ROOT.20260704T0600 - - -
2026-08-08T23:30:26-0400 delete_target starting /{TARGET_LOCATION}/ROOT.20260704T0630 - - -
2026-08-08T23:30:26-0400 delete_target success /{TARGET_LOCATION}/ROOT.20260704T0630 - - -
2026-08-08T23:30:26-0400 delete_target starting /{TARGET_LOCATION}/ROOT.20260704T0700 - - -
2026-08-08T23:30:26-0400 delete_target success /{TARGET_LOCATION}/ROOT.20260704T0700 - - -
2026-08-08T23:30:26-0400 delete_target starting /{TARGET_LOCATION}/ROOT.20260704T0730 - - -
2026-08-08T23:30:26-0400 delete_target success /{TARGET_LOCATION}/ROOT.20260704T0730 - - -
2026-08-08T23:30:26-0400 delete_target starting /{TARGET_LOCATION}/ROOT.20260704T0800 - - -
2026-08-08T23:30:26-0400 delete_target success /{TARGET_LOCATION}/ROOT.20260704T0800 - - -
2026-08-08T23:30:26-0400 delete_target starting /{TARGET_LOCATION}/ROOT.20260704T0830 - - -
2026-08-08T23:30:26-0400 delete_target success /{TARGET_LOCATION}/ROOT.20260704T0830 - - -
2026-08-08T23:30:26-0400 delete_target starting /{TARGET_LOCATION}/ROOT.20260704T0900 - - -
2026-08-08T23:30:26-0400 delete_target success /{TARGET_LOCATION}/ROOT.20260704T0900 - - -
2026-08-08T23:30:26-0400 delete_target starting /{TARGET_LOCATION}/ROOT.20260704T0930 - - -
2026-08-08T23:30:26-0400 delete_target success /{TARGET_LOCATION}/ROOT.20260704T0930 - - -
2026-08-08T23:30:26-0400 delete_target starting /{TARGET_LOCATION}/ROOT.20260704T1000 - - -
2026-08-08T23:30:26-0400 delete_target success /{TARGET_LOCATION}/ROOT.20260704T1000 - - -
2026-08-08T23:30:26-0400 delete_target starting /{TARGET_LOCATION}/ROOT.20260704T1030 - - -
2026-08-08T23:30:26-0400 delete_target success /{TARGET_LOCATION}/ROOT.20260704T1030 - - -
2026-08-08T23:30:26-0400 delete_target starting /{TARGET_LOCATION}/ROOT.20260704T1100 - - -
2026-08-08T23:30:26-0400 delete_target success /{TARGET_LOCATION}/ROOT.20260704T1100 - - -
2026-08-08T23:30:26-0400 delete_target starting /{TARGET_LOCATION}/ROOT.20260704T1130 - - -
2026-08-08T23:30:26-0400 delete_target success /{TARGET_LOCATION}/ROOT.20260704T1130 - - -
2026-08-08T23:30:26-0400 delete_target starting /{TARGET_LOCATION}/ROOT.20260704T1200 - - -
2026-08-08T23:30:26-0400 delete_target success /{TARGET_LOCATION}/ROOT.20260704T1200 - - -
2026-08-08T23:30:26-0400 delete_target starting /{TARGET_LOCATION}/ROOT.20260704T1230 - - -
2026-08-08T23:30:26-0400 delete_target success /{TARGET_LOCATION}/ROOT.20260704T1230 - - -
2026-08-08T23:30:26-0400 delete_target starting /{TARGET_LOCATION}/ROOT.20260704T1300 - - -
2026-08-08T23:30:26-0400 delete_target success /{TARGET_LOCATION}/ROOT.20260704T1300 - - -
2026-08-08T23:30:26-0400 delete_target starting /{TARGET_LOCATION}/ROOT.20260704T1330 - - -
2026-08-08T23:30:26-0400 delete_target success /{TARGET_LOCATION}/ROOT.20260704T1330 - - -
2026-08-08T23:30:26-0400 delete_target starting /{TARGET_LOCATION}/ROOT.20260704T1400 - - -
2026-08-08T23:30:26-0400 delete_target success /{TARGET_LOCATION}/ROOT.20260704T1400 - - -
2026-08-08T23:30:26-0400 delete_target starting /{TARGET_LOCATION}/ROOT.20260704T1430 - - -
2026-08-08T23:30:26-0400 delete_target success /{TARGET_LOCATION}/ROOT.20260704T1430 - - -
2026-08-08T23:30:26-0400 delete_target starting /{TARGET_LOCATION}/ROOT.20260704T1500 - - -
2026-08-08T23:30:26-0400 delete_target success /{TARGET_LOCATION}/ROOT.20260704T1500 - - -
2026-08-08T23:30:26-0400 delete_target starting /{TARGET_LOCATION}/ROOT.20260704T1530 - - -
2026-08-08T23:30:26-0400 delete_target success /{TARGET_LOCATION}/ROOT.20260704T1530 - - -
2026-08-08T23:30:26-0400 delete_target starting /{TARGET_LOCATION}/ROOT.20260704T1600 - - -
2026-08-08T23:30:26-0400 delete_target success /{TARGET_LOCATION}/ROOT.20260704T1600 - - -
2026-08-08T23:30:26-0400 delete_target starting /{TARGET_LOCATION}/ROOT.20260704T1630 - - -
2026-08-08T23:30:26-0400 delete_target success /{TARGET_LOCATION}/ROOT.20260704T1630 - - -
2026-08-08T23:30:26-0400 delete_target starting /{TARGET_LOCATION}/ROOT.20260704T1700 - - -
2026-08-08T23:30:26-0400 delete_target success /{TARGET_LOCATION}/ROOT.20260704T1700 - - -
2026-08-08T23:30:26-0400 delete_target starting /{TARGET_LOCATION}/ROOT.20260704T1730 - - -
2026-08-08T23:30:26-0400 delete_target success /{TARGET_LOCATION}/ROOT.20260704T1730 - - -
2026-08-08T23:30:26-0400 delete_target starting /{TARGET_LOCATION}/ROOT.20260704T1800 - - -
2026-08-08T23:30:26-0400 delete_target success /{TARGET_LOCATION}/ROOT.20260704T1800 - - -
2026-08-08T23:30:26-0400 delete_target starting /{TARGET_LOCATION}/ROOT.20260704T1830 - - -
2026-08-08T23:30:26-0400 delete_target success /{TARGET_LOCATION}/ROOT.20260704T1830 - - -
2026-08-08T23:30:26-0400 delete_target starting /{TARGET_LOCATION}/ROOT.20260704T1900 - - -
2026-08-08T23:30:26-0400 delete_target success /{TARGET_LOCATION}/ROOT.20260704T1900 - - -
2026-08-08T23:30:26-0400 delete_target starting /{TARGET_LOCATION}/ROOT.20260704T1930 - - -
2026-08-08T23:30:26-0400 delete_target success /{TARGET_LOCATION}/ROOT.20260704T1930 - - -
2026-08-08T23:30:26-0400 delete_target starting /{TARGET_LOCATION}/ROOT.20260704T2000 - - -
2026-08-08T23:30:26-0400 delete_target success /{TARGET_LOCATION}/ROOT.20260704T2000 - - -
2026-08-08T23:30:26-0400 delete_target starting /{TARGET_LOCATION}/ROOT.20260704T2030 - - -
2026-08-08T23:30:26-0400 delete_target success /{TARGET_LOCATION}/ROOT.20260704T2030 - - -
2026-08-08T23:30:26-0400 delete_target starting /{TARGET_LOCATION}/ROOT.20260704T2100 - - -
2026-08-08T23:30:26-0400 delete_target success /{TARGET_LOCATION}/ROOT.20260704T2100 - - -
2026-08-08T23:30:26-0400 delete_target starting /{TARGET_LOCATION}/ROOT.20260704T2130 - - -
2026-08-08T23:30:26-0400 delete_target success /{TARGET_LOCATION}/ROOT.20260704T2130 - - -
2026-08-08T23:30:26-0400 delete_target starting /{TARGET_LOCATION}/ROOT.20260704T2200 - - -
2026-08-08T23:30:26-0400 delete_target success /{TARGET_LOCATION}/ROOT.20260704T2200 - - -
2026-08-08T23:30:26-0400 delete_target starting /{TARGET_LOCATION}/ROOT.20260704T2230 - - -
2026-08-08T23:30:26-0400 delete_target success /{TARGET_LOCATION}/ROOT.20260704T2230 - - -
2026-08-08T23:30:26-0400 delete_target starting /{TARGET_LOCATION}/ROOT.20260704T2300 - - -
2026-08-08T23:30:26-0400 delete_target success /{TARGET_LOCATION}/ROOT.20260704T2300 - - -
2026-08-08T23:30:26-0400 delete_target starting /{TARGET_LOCATION}/ROOT.20260704T2330 - - -
2026-08-08T23:30:26-0400 delete_target success /{TARGET_LOCATION}/ROOT.20260704T2330 - - -
2026-08-08T23:30:26-0400 delete_target starting /{TARGET_LOCATION}/ROOT.20260705T0030 - - -
2026-08-08T23:30:26-0400 delete_target success /{TARGET_LOCATION}/ROOT.20260705T0030 - - -
2026-08-08T23:30:26-0400 delete_target starting /{TARGET_LOCATION}/ROOT.20260705T0100 - - -
2026-08-08T23:30:26-0400 delete_target success /{TARGET_LOCATION}/ROOT.20260705T0100 - - -
2026-08-08T23:30:26-0400 delete_target starting /{TARGET_LOCATION}/ROOT.20260705T0130 - - -
2026-08-08T23:30:26-0400 delete_target success /{TARGET_LOCATION}/ROOT.20260705T0130 - - -
2026-08-08T23:30:26-0400 delete_target starting /{TARGET_LOCATION}/ROOT.20260705T0200 - - -
2026-08-08T23:30:26-0400 delete_target success /{TARGET_LOCATION}/ROOT.20260705T0200 - - -
2026-08-08T23:30:26-0400 delete_target starting /{TARGET_LOCATION}/ROOT.20260705T0230 - - -
2026-08-08T23:30:26-0400 delete_target success /{TARGET_LOCATION}/ROOT.20260705T0230 - - -
2026-08-08T23:30:26-0400 delete_target starting /{TARGET_LOCATION}/ROOT.20260705T0300 - - -
2026-08-08T23:30:26-0400 delete_target success /{TARGET_LOCATION}/ROOT.20260705T0300 - - -
2026-08-08T23:30:26-0400 delete_target starting /{TARGET_LOCATION}/ROOT.20260705T0330 - - -
2026-08-08T23:30:26-0400 delete_target success /{TARGET_LOCATION}/ROOT.20260705T0330 - - -
2026-08-08T23:30:26-0400 delete_target starting /{TARGET_LOCATION}/ROOT.20260705T0400 - - -
2026-08-08T23:30:26-0400 delete_target success /{TARGET_LOCATION}/ROOT.20260705T0400 - - -
2026-08-08T23:30:26-0400 delete_target starting /{TARGET_LOCATION}/ROOT.20260705T0430 - - -
2026-08-08T23:30:26-0400 delete_target success /{TARGET_LOCATION}/ROOT.20260705T0430 - - -
2026-08-08T23:30:26-0400 delete_target starting /{TARGET_LOCATION}/ROOT.20260705T0500 - - -
2026-08-08T23:30:26-0400 delete_target success /{TARGET_LOCATION}/ROOT.20260705T0500 - - -
2026-08-08T23:30:26-0400 delete_target starting /{TARGET_LOCATION}/ROOT.20260705T0530 - - -
2026-08-08T23:30:26-0400 delete_target success /{TARGET_LOCATION}/ROOT.20260705T0530 - - -
2026-08-08T23:30:26-0400 delete_target starting /{TARGET_LOCATION}/ROOT.20260705T0600 - - -
2026-08-08T23:30:26-0400 delete_target success /{TARGET_LOCATION}/ROOT.20260705T0600 - - -
2026-08-08T23:30:26-0400 delete_target starting /{TARGET_LOCATION}/ROOT.20260705T0630 - - -
2026-08-08T23:30:26-0400 delete_target success /{TARGET_LOCATION}/ROOT.20260705T0630 - - -
2026-08-08T23:30:26-0400 delete_target starting /{TARGET_LOCATION}/ROOT.20260705T0700 - - -
2026-08-08T23:30:26-0400 delete_target success /{TARGET_LOCATION}/ROOT.20260705T0700 - - -
2026-08-08T23:30:26-0400 delete_target starting /{TARGET_LOCATION}/ROOT.20260705T0730 - - -
2026-08-08T23:30:26-0400 delete_target success /{TARGET_LOCATION}/ROOT.20260705T0730 - - -
2026-08-08T23:30:26-0400 delete_target starting /{TARGET_LOCATION}/ROOT.20260705T0800 - - -
2026-08-08T23:30:26-0400 delete_target success /{TARGET_LOCATION}/ROOT.20260705T0800 - - -
2026-08-08T23:30:26-0400 delete_target starting /{TARGET_LOCATION}/ROOT.20260705T0830 - - -
2026-08-08T23:30:26-0400 delete_target success /{TARGET_LOCATION}/ROOT.20260705T0830 - - -
2026-08-08T23:30:26-0400 delete_target starting /{TARGET_LOCATION}/ROOT.20260705T0900 - - -
2026-08-08T23:30:26-0400 delete_target success /{TARGET_LOCATION}/ROOT.20260705T0900 - - -
2026-08-08T23:30:26-0400 delete_target starting /{TARGET_LOCATION}/ROOT.20260705T0930 - - -
2026-08-08T23:30:26-0400 delete_target success /{TARGET_LOCATION}/ROOT.20260705T0930 - - -
2026-08-08T23:30:26-0400 delete_target starting /{TARGET_LOCATION}/ROOT.20260705T1000 - - -
2026-08-08T23:30:26-0400 delete_target success /{TARGET_LOCATION}/ROOT.20260705T1000 - - -
2026-08-08T23:30:26-0400 delete_target starting /{TARGET_LOCATION}/ROOT.20260705T1030 - - -
2026-08-08T23:30:26-0400 delete_target success /{TARGET_LOCATION}/ROOT.20260705T1030 - - -
2026-08-08T23:30:26-0400 delete_target starting /{TARGET_LOCATION}/ROOT.20260705T1100 - - -
2026-08-08T23:30:26-0400 delete_target success /{TARGET_LOCATION}/ROOT.20260705T1100 - - -
2026-08-08T23:30:26-0400 delete_target starting /{TARGET_LOCATION}/ROOT.20260705T1130 - - -
2026-08-08T23:30:26-0400 delete_target success /{TARGET_LOCATION}/ROOT.20260705T1130 - - -
2026-08-08T23:30:26-0400 delete_target starting /{TARGET_LOCATION}/ROOT.20260705T1200 - - -
2026-08-08T23:30:26-0400 delete_target success /{TARGET_LOCATION}/ROOT.20260705T1200 - - -
2026-08-08T23:30:26-0400 delete_target starting /{TARGET_LOCATION}/ROOT.20260705T1230 - - -
2026-08-08T23:30:26-0400 delete_target success /{TARGET_LOCATION}/ROOT.20260705T1230 - - -
2026-08-08T23:30:26-0400 delete_target starting /{TARGET_LOCATION}/ROOT.20260705T1300 - - -
2026-08-08T23:30:26-0400 delete_target success /{TARGET_LOCATION}/ROOT.20260705T1300 - - -
2026-08-08T23:30:26-0400 delete_target starting /{TARGET_LOCATION}/ROOT.20260705T1330 - - -
2026-08-08T23:30:26-0400 delete_target success /{TARGET_LOCATION}/ROOT.20260705T1330 - - -
2026-08-08T23:30:26-0400 delete_target starting /{TARGET_LOCATION}/ROOT.20260705T1400 - - -
2026-08-08T23:30:26-0400 delete_target success /{TARGET_LOCATION}/ROOT.20260705T1400 - - -
2026-08-08T23:30:26-0400 delete_target starting /{TARGET_LOCATION}/ROOT.20260705T1430 - - -
2026-08-08T23:30:26-0400 delete_target success /{TARGET_LOCATION}/ROOT.20260705T1430 - - -
2026-08-08T23:30:26-0400 delete_target starting /{TARGET_LOCATION}/ROOT.20260705T1500 - - -
2026-08-08T23:30:26-0400 delete_target success /{TARGET_LOCATION}/ROOT.20260705T1500 - - -
2026-08-08T23:30:26-0400 delete_target starting /{TARGET_LOCATION}/ROOT.20260705T1530 - - -
2026-08-08T23:30:27-0400 delete_target success /{TARGET_LOCATION}/ROOT.20260705T1530 - - -
2026-08-08T23:30:27-0400 delete_target starting /{TARGET_LOCATION}/ROOT.20260705T1600 - - -
2026-08-08T23:30:27-0400 delete_target success /{TARGET_LOCATION}/ROOT.20260705T1600 - - -
2026-08-08T23:30:27-0400 delete_target starting /{TARGET_LOCATION}/ROOT.20260705T1630 - - -
2026-08-08T23:30:27-0400 delete_target success /{TARGET_LOCATION}/ROOT.20260705T1630 - - -
2026-08-08T23:30:27-0400 delete_target starting /{TARGET_LOCATION}/ROOT.20260705T1700 - - -
2026-08-08T23:30:27-0400 delete_target success /{TARGET_LOCATION}/ROOT.20260705T1700 - - -
2026-08-08T23:30:27-0400 delete_target starting /{TARGET_LOCATION}/ROOT.20260705T1730 - - -
2026-08-08T23:30:27-0400 delete_target success /{TARGET_LOCATION}/ROOT.20260705T1730 - - -
2026-08-08T23:30:27-0400 delete_target starting /{TARGET_LOCATION}/ROOT.20260705T1800 - - -
2026-08-08T23:30:27-0400 delete_target success /{TARGET_LOCATION}/ROOT.20260705T1800 - - -
2026-08-08T23:30:27-0400 delete_target starting /{TARGET_LOCATION}/ROOT.20260705T1830 - - -
2026-08-08T23:30:27-0400 delete_target success /{TARGET_LOCATION}/ROOT.20260705T1830 - - -
2026-08-08T23:30:27-0400 delete_target starting /{TARGET_LOCATION}/ROOT.20260705T1900 - - -
2026-08-08T23:30:27-0400 delete_target success /{TARGET_LOCATION}/ROOT.20260705T1900 - - -
2026-08-08T23:30:27-0400 delete_target starting /{TARGET_LOCATION}/ROOT.20260705T1930 - - -
2026-08-08T23:30:27-0400 delete_target success /{TARGET_LOCATION}/ROOT.20260705T1930 - - -
2026-08-08T23:30:27-0400 delete_target starting /{TARGET_LOCATION}/ROOT.20260705T2000 - - -
2026-08-08T23:30:27-0400 delete_target success /{TARGET_LOCATION}/ROOT.20260705T2000 - - -
2026-08-08T23:30:27-0400 delete_target starting /{TARGET_LOCATION}/ROOT.20260705T2030 - - -
2026-08-08T23:30:27-0400 delete_target success /{TARGET_LOCATION}/ROOT.20260705T2030 - - -
2026-08-08T23:30:27-0400 delete_target starting /{TARGET_LOCATION}/ROOT.20260705T2100 - - -
2026-08-08T23:30:27-0400 delete_target success /{TARGET_LOCATION}/ROOT.20260705T2100 - - -
2026-08-08T23:30:27-0400 delete_target starting /{TARGET_LOCATION}/ROOT.20260705T2130 - - -
2026-08-08T23:30:27-0400 delete_target success /{TARGET_LOCATION}/ROOT.20260705T2130 - - -
2026-08-08T23:30:27-0400 delete_target starting /{TARGET_LOCATION}/ROOT.20260705T2200 - - -
2026-08-08T23:30:27-0400 delete_target success /{TARGET_LOCATION}/ROOT.20260705T2200 - - -
2026-08-08T23:30:27-0400 delete_target starting /{TARGET_LOCATION}/ROOT.20260705T2230 - - -
2026-08-08T23:30:27-0400 delete_target success /{TARGET_LOCATION}/ROOT.20260705T2230 - - -
2026-08-08T23:30:27-0400 delete_target starting /{TARGET_LOCATION}/ROOT.20260705T2300 - - -
2026-08-08T23:30:27-0400 delete_target success /{TARGET_LOCATION}/ROOT.20260705T2300 - - -
2026-08-08T23:30:27-0400 delete_target starting /{TARGET_LOCATION}/ROOT.20260705T2330 - - -
2026-08-08T23:30:27-0400 delete_target success /{TARGET_LOCATION}/ROOT.20260705T2330 - - -
2026-08-08T23:30:27-0400 delete_target starting /{TARGET_LOCATION}/ROOT.20260706T0000 - - -
2026-08-08T23:30:27-0400 delete_target success /{TARGET_LOCATION}/ROOT.20260706T0000 - - -
2026-08-08T23:30:27-0400 delete_target starting /{TARGET_LOCATION}/ROOT.20260706T0030 - - -
2026-08-08T23:30:27-0400 delete_target success /{TARGET_LOCATION}/ROOT.20260706T0030 - - -
2026-08-08T23:30:27-0400 delete_target starting /{TARGET_LOCATION}/ROOT.20260706T0100 - - -
2026-08-08T23:30:27-0400 delete_target success /{TARGET_LOCATION}/ROOT.20260706T0100 - - -
2026-08-08T23:30:27-0400 delete_target starting /{TARGET_LOCATION}/ROOT.20260706T0130 - - -
2026-08-08T23:30:27-0400 delete_target success /{TARGET_LOCATION}/ROOT.20260706T0130 - - -
2026-08-08T23:30:27-0400 delete_target starting /{TARGET_LOCATION}/ROOT.20260706T0200 - - -
2026-08-08T23:30:27-0400 delete_target success /{TARGET_LOCATION}/ROOT.20260706T0200 - - -
2026-08-08T23:30:27-0400 delete_target starting /{TARGET_LOCATION}/ROOT.20260706T0230 - - -
2026-08-08T23:30:27-0400 delete_target success /{TARGET_LOCATION}/ROOT.20260706T0230 - - -
2026-08-08T23:30:27-0400 delete_target starting /{TARGET_LOCATION}/ROOT.20260706T0300 - - -
2026-08-08T23:30:27-0400 delete_target success /{TARGET_LOCATION}/ROOT.20260706T0300 - - -
2026-08-08T23:30:27-0400 delete_target starting /{TARGET_LOCATION}/ROOT.20260706T0330 - - -
2026-08-08T23:30:27-0400 delete_target success /{TARGET_LOCATION}/ROOT.20260706T0330 - - -
2026-08-08T23:30:27-0400 delete_target starting /{TARGET_LOCATION}/ROOT.20260706T0400 - - -
2026-08-08T23:30:27-0400 delete_target success /{TARGET_LOCATION}/ROOT.20260706T0400 - - -
2026-08-08T23:30:27-0400 delete_target starting /{TARGET_LOCATION}/ROOT.20260706T0430 - - -
2026-08-08T23:30:27-0400 delete_target success /{TARGET_LOCATION}/ROOT.20260706T0430 - - -
2026-08-08T23:30:27-0400 delete_target starting /{TARGET_LOCATION}/ROOT.20260706T0500 - - -
2026-08-08T23:30:27-0400 delete_target success /{TARGET_LOCATION}/ROOT.20260706T0500 - - -
2026-08-08T23:30:27-0400 delete_target starting /{TARGET_LOCATION}/ROOT.20260706T0530 - - -
2026-08-08T23:30:27-0400 delete_target success /{TARGET_LOCATION}/ROOT.20260706T0530 - - -
2026-08-08T23:30:27-0400 delete_target starting /{TARGET_LOCATION}/ROOT.20260706T0600 - - -
2026-08-08T23:30:27-0400 delete_target success /{TARGET_LOCATION}/ROOT.20260706T0600 - - -
2026-08-08T23:30:27-0400 delete_target starting /{TARGET_LOCATION}/ROOT.20260706T0630 - - -
2026-08-08T23:30:27-0400 delete_target success /{TARGET_LOCATION}/ROOT.20260706T0630 - - -
2026-08-08T23:30:27-0400 delete_target starting /{TARGET_LOCATION}/ROOT.20260706T0700 - - -
2026-08-08T23:30:27-0400 delete_target success /{TARGET_LOCATION}/ROOT.20260706T0700 - - -
2026-08-08T23:30:27-0400 delete_target starting /{TARGET_LOCATION}/ROOT.20260706T0730 - - -
2026-08-08T23:30:27-0400 delete_target success /{TARGET_LOCATION}/ROOT.20260706T0730 - - -
2026-08-08T23:30:27-0400 delete_target starting /{TARGET_LOCATION}/ROOT.20260706T0800 - - -
2026-08-08T23:30:27-0400 delete_target success /{TARGET_LOCATION}/ROOT.20260706T0800 - - -
2026-08-08T23:30:27-0400 delete_target starting /{TARGET_LOCATION}/ROOT.20260706T0830 - - -
2026-08-08T23:30:27-0400 delete_target success /{TARGET_LOCATION}/ROOT.20260706T0830 - - -
2026-08-08T23:30:27-0400 delete_target starting /{TARGET_LOCATION}/ROOT.20260706T0900 - - -
2026-08-08T23:30:27-0400 delete_target success /{TARGET_LOCATION}/ROOT.20260706T0900 - - -
2026-08-08T23:30:27-0400 delete_target starting /{TARGET_LOCATION}/ROOT.20260706T0930 - - -
2026-08-08T23:30:27-0400 delete_target success /{TARGET_LOCATION}/ROOT.20260706T0930 - - -
2026-08-08T23:30:27-0400 delete_target starting /{TARGET_LOCATION}/ROOT.20260706T1000 - - -
2026-08-08T23:30:27-0400 delete_target success /{TARGET_LOCATION}/ROOT.20260706T1000 - - -
2026-08-08T23:30:27-0400 delete_target starting /{TARGET_LOCATION}/ROOT.20260706T1030 - - -
2026-08-08T23:30:27-0400 delete_target success /{TARGET_LOCATION}/ROOT.20260706T1030 - - -
2026-08-08T23:30:27-0400 delete_target starting /{TARGET_LOCATION}/ROOT.20260706T1100 - - -
2026-08-08T23:30:27-0400 delete_target success /{TARGET_LOCATION}/ROOT.20260706T1100 - - -
2026-08-08T23:30:27-0400 delete_target starting /{TARGET_LOCATION}/ROOT.20260706T1130 - - -
2026-08-08T23:30:27-0400 delete_target success /{TARGET_LOCATION}/ROOT.20260706T1130 - - -
2026-08-08T23:30:27-0400 delete_target starting /{TARGET_LOCATION}/ROOT.20260706T1200 - - -
2026-08-08T23:30:27-0400 delete_target success /{TARGET_LOCATION}/ROOT.20260706T1200 - - -
2026-08-08T23:30:27-0400 delete_target starting /{TARGET_LOCATION}/ROOT.20260706T1230 - - -
2026-08-08T23:30:27-0400 delete_target success /{TARGET_LOCATION}/ROOT.20260706T1230 - - -
2026-08-08T23:30:27-0400 delete_target starting /{TARGET_LOCATION}/ROOT.20260706T1300 - - -
2026-08-08T23:30:27-0400 delete_target success /{TARGET_LOCATION}/ROOT.20260706T1300 - - -
2026-08-08T23:30:27-0400 delete_target starting /{TARGET_LOCATION}/ROOT.20260706T1330 - - -
2026-08-08T23:30:27-0400 delete_target success /{TARGET_LOCATION}/ROOT.20260706T1330 - - -
2026-08-08T23:30:27-0400 delete_target starting /{TARGET_LOCATION}/ROOT.20260706T1400 - - -
2026-08-08T23:30:27-0400 delete_target success /{TARGET_LOCATION}/ROOT.20260706T1400 - - -
2026-08-08T23:30:27-0400 delete_target starting /{TARGET_LOCATION}/ROOT.20260706T1430 - - -
2026-08-08T23:30:27-0400 delete_target success /{TARGET_LOCATION}/ROOT.20260706T1430 - - -
2026-08-08T23:30:27-0400 delete_target starting /{TARGET_LOCATION}/ROOT.20260706T1500 - - -
2026-08-08T23:30:27-0400 delete_target success /{TARGET_LOCATION}/ROOT.20260706T1500 - - -
2026-08-08T23:30:27-0400 delete_target starting /{TARGET_LOCATION}/ROOT.20260706T1530 - - -
2026-08-08T23:30:27-0400 delete_target success /{TARGET_LOCATION}/ROOT.20260706T1530 - - -
2026-08-08T23:30:27-0400 delete_target starting /{TARGET_LOCATION}/ROOT.20260706T1600 - - -
2026-08-08T23:30:27-0400 delete_target success /{TARGET_LOCATION}/ROOT.20260706T1600 - - -
2026-08-08T23:30:27-0400 delete_target starting /{TARGET_LOCATION}/ROOT.20260706T1630 - - -
2026-08-08T23:30:27-0400 delete_target success /{TARGET_LOCATION}/ROOT.20260706T1630 - - -
2026-08-08T23:30:27-0400 delete_target starting /{TARGET_LOCATION}/ROOT.20260706T1700 - - -
2026-08-08T23:30:27-0400 delete_target success /{TARGET_LOCATION}/ROOT.20260706T1700 - - -
2026-08-08T23:30:27-0400 delete_target starting /{TARGET_LOCATION}/ROOT.20260706T1730 - - -
2026-08-08T23:30:27-0400 delete_target success /{TARGET_LOCATION}/ROOT.20260706T1730 - - -
2026-08-08T23:30:27-0400 delete_target starting /{TARGET_LOCATION}/ROOT.20260706T1800 - - -
2026-08-08T23:30:27-0400 delete_target success /{TARGET_LOCATION}/ROOT.20260706T1800 - - -
2026-08-08T23:30:27-0400 delete_target starting /{TARGET_LOCATION}/ROOT.20260706T1830 - - -
2026-08-08T23:30:27-0400 delete_target success /{TARGET_LOCATION}/ROOT.20260706T1830 - - -
2026-08-08T23:30:27-0400 delete_target starting /{TARGET_LOCATION}/ROOT.20260706T1900 - - -
2026-08-08T23:30:27-0400 delete_target success /{TARGET_LOCATION}/ROOT.20260706T1900 - - -
2026-08-08T23:30:27-0400 delete_target starting /{TARGET_LOCATION}/ROOT.20260706T1930 - - -
2026-08-08T23:30:27-0400 delete_target success /{TARGET_LOCATION}/ROOT.20260706T1930 - - -
2026-08-08T23:30:27-0400 delete_target starting /{TARGET_LOCATION}/ROOT.20260706T2000 - - -
2026-08-08T23:30:27-0400 delete_target success /{TARGET_LOCATION}/ROOT.20260706T2000 - - -
2026-08-08T23:30:27-0400 delete_target starting /{TARGET_LOCATION}/ROOT.20260706T2030 - - -
2026-08-08T23:30:27-0400 delete_target success /{TARGET_LOCATION}/ROOT.20260706T2030 - - -
2026-08-08T23:30:27-0400 delete_target starting /{TARGET_LOCATION}/ROOT.20260706T2100 - - -
2026-08-08T23:30:27-0400 delete_target success /{TARGET_LOCATION}/ROOT.20260706T2100 - - -
2026-08-08T23:30:27-0400 delete_target starting /{TARGET_LOCATION}/ROOT.20260706T2130 - - -
2026-08-08T23:30:27-0400 delete_target success /{TARGET_LOCATION}/ROOT.20260706T2130 - - -
2026-08-08T23:30:27-0400 delete_target starting /{TARGET_LOCATION}/ROOT.20260706T2200 - - -
2026-08-08T23:30:27-0400 delete_target success /{TARGET_LOCATION}/ROOT.20260706T2200 - - -
2026-08-08T23:30:27-0400 delete_target starting /{TARGET_LOCATION}/ROOT.20260706T2230 - - -
2026-08-08T23:30:27-0400 delete_target success /{TARGET_LOCATION}/ROOT.20260706T2230 - - -
2026-08-08T23:30:27-0400 delete_target starting /{TARGET_LOCATION}/ROOT.20260706T2300 - - -
2026-08-08T23:30:27-0400 delete_target success /{TARGET_LOCATION}/ROOT.20260706T2300 - - -
2026-08-08T23:30:27-0400 delete_target starting /{TARGET_LOCATION}/ROOT.20260706T2330 - - -
2026-08-08T23:30:27-0400 delete_target success /{TARGET_LOCATION}/ROOT.20260706T2330 - - -
2026-08-08T23:30:27-0400 delete_target starting /{TARGET_LOCATION}/ROOT.20260707T0000 - - -
2026-08-08T23:30:27-0400 delete_target success /{TARGET_LOCATION}/ROOT.20260707T0000 - - -
2026-08-08T23:30:27-0400 delete_target starting /{TARGET_LOCATION}/ROOT.20260707T0030 - - -
2026-08-08T23:30:27-0400 delete_target success /{TARGET_LOCATION}/ROOT.20260707T0030 - - -
2026-08-08T23:30:27-0400 delete_target starting /{TARGET_LOCATION}/ROOT.20260707T0100 - - -
2026-08-08T23:30:27-0400 delete_target success /{TARGET_LOCATION}/ROOT.20260707T0100 - - -
2026-08-08T23:30:27-0400 delete_target starting /{TARGET_LOCATION}/ROOT.20260707T0130 - - -
2026-08-08T23:30:27-0400 delete_target success /{TARGET_LOCATION}/ROOT.20260707T0130 - - -
2026-08-08T23:30:27-0400 delete_target starting /{TARGET_LOCATION}/ROOT.20260707T0200 - - -
2026-08-08T23:30:27-0400 delete_target success /{TARGET_LOCATION}/ROOT.20260707T0200 - - -
2026-08-08T23:30:27-0400 delete_target starting /{TARGET_LOCATION}/ROOT.20260707T0230 - - -
2026-08-08T23:30:27-0400 delete_target success /{TARGET_LOCATION}/ROOT.20260707T0230 - - -
2026-08-08T23:30:27-0400 delete_target starting /{TARGET_LOCATION}/ROOT.20260707T0300 - - -
2026-08-08T23:30:27-0400 delete_target success /{TARGET_LOCATION}/ROOT.20260707T0300 - - -
2026-08-08T23:30:27-0400 delete_target starting /{TARGET_LOCATION}/ROOT.20260707T0330 - - -
2026-08-08T23:30:27-0400 delete_target success /{TARGET_LOCATION}/ROOT.20260707T0330 - - -
2026-08-08T23:30:27-0400 delete_target starting /{TARGET_LOCATION}/ROOT.20260707T0400 - - -
2026-08-08T23:30:27-0400 delete_target success /{TARGET_LOCATION}/ROOT.20260707T0400 - - -
2026-08-08T23:30:27-0400 delete_target starting /{TARGET_LOCATION}/ROOT.20260707T0430 - - -
2026-08-08T23:30:27-0400 delete_target success /{TARGET_LOCATION}/ROOT.20260707T0430 - - -
2026-08-08T23:30:27-0400 delete_target starting /{TARGET_LOCATION}/ROOT.20260707T0500 - - -
2026-08-08T23:30:27-0400 delete_target success /{TARGET_LOCATION}/ROOT.20260707T0500 - - -
2026-08-08T23:30:27-0400 delete_target starting /{TARGET_LOCATION}/ROOT.20260707T0530 - - -
2026-08-08T23:30:27-0400 delete_target success /{TARGET_LOCATION}/ROOT.20260707T0530 - - -
2026-08-08T23:30:27-0400 delete_target starting /{TARGET_LOCATION}/ROOT.20260707T0600 - - -
2026-08-08T23:30:27-0400 delete_target success /{TARGET_LOCATION}/ROOT.20260707T0600 - - -
2026-08-08T23:30:27-0400 delete_target starting /{TARGET_LOCATION}/ROOT.20260707T0630 - - -
2026-08-08T23:30:27-0400 delete_target success /{TARGET_LOCATION}/ROOT.20260707T0630 - - -
2026-08-08T23:30:27-0400 delete_target starting /{TARGET_LOCATION}/ROOT.20260707T0700 - - -
2026-08-08T23:30:27-0400 delete_target success /{TARGET_LOCATION}/ROOT.20260707T0700 - - -
2026-08-08T23:30:27-0400 delete_target starting /{TARGET_LOCATION}/ROOT.20260707T0730 - - -
2026-08-08T23:30:27-0400 delete_target success /{TARGET_LOCATION}/ROOT.20260707T0730 - - -
2026-08-08T23:30:27-0400 delete_target starting /{TARGET_LOCATION}/ROOT.20260707T0800 - - -
2026-08-08T23:30:27-0400 delete_target success /{TARGET_LOCATION}/ROOT.20260707T0800 - - -
2026-08-08T23:30:27-0400 delete_target starting /{TARGET_LOCATION}/ROOT.20260707T0830 - - -
2026-08-08T23:30:27-0400 delete_target success /{TARGET_LOCATION}/ROOT.20260707T0830 - - -
2026-08-08T23:30:27-0400 delete_target starting /{TARGET_LOCATION}/ROOT.20260707T0900 - - -
2026-08-08T23:30:27-0400 delete_target success /{TARGET_LOCATION}/ROOT.20260707T0900 - - -
2026-08-08T23:30:27-0400 delete_target starting /{TARGET_LOCATION}/ROOT.20260707T0930 - - -
2026-08-08T23:30:27-0400 delete_target success /{TARGET_LOCATION}/ROOT.20260707T0930 - - -
2026-08-08T23:30:27-0400 delete_target starting /{TARGET_LOCATION}/ROOT.20260707T1000 - - -
2026-08-08T23:30:27-0400 delete_target success /{TARGET_LOCATION}/ROOT.20260707T1000 - - -
2026-08-08T23:30:27-0400 delete_target starting /{TARGET_LOCATION}/ROOT.20260707T1030 - - -
2026-08-08T23:30:27-0400 delete_target success /{TARGET_LOCATION}/ROOT.20260707T1030 - - -
2026-08-08T23:30:27-0400 delete_target starting /{TARGET_LOCATION}/ROOT.20260707T1100 - - -
2026-08-08T23:30:27-0400 delete_target success /{TARGET_LOCATION}/ROOT.20260707T1100 - - -
2026-08-08T23:30:27-0400 delete_target starting /{TARGET_LOCATION}/ROOT.20260707T1130 - - -
2026-08-08T23:30:27-0400 delete_target success /{TARGET_LOCATION}/ROOT.20260707T1130 - - -
2026-08-08T23:30:27-0400 delete_target starting /{TARGET_LOCATION}/ROOT.20260707T1200 - - -
2026-08-08T23:30:27-0400 delete_target success /{TARGET_LOCATION}/ROOT.20260707T1200 - - -
2026-08-08T23:30:27-0400 delete_target starting /{TARGET_LOCATION}/ROOT.20260707T1230 - - -
2026-08-08T23:30:27-0400 delete_target success /{TARGET_LOCATION}/ROOT.20260707T1230 - - -
2026-08-08T23:30:27-0400 delete_target starting /{TARGET_LOCATION}/ROOT.20260707T1300 - - -
2026-08-08T23:30:27-0400 delete_target success /{TARGET_LOCATION}/ROOT.20260707T1300 - - -
2026-08-08T23:30:27-0400 delete_target starting /{TARGET_LOCATION}/ROOT.20260707T1330 - - -
2026-08-08T23:30:27-0400 delete_target success /{TARGET_LOCATION}/ROOT.20260707T1330 - - -
2026-08-08T23:30:27-0400 delete_target starting /{TARGET_LOCATION}/ROOT.20260707T1400 - - -
2026-08-08T23:30:27-0400 delete_target success /{TARGET_LOCATION}/ROOT.20260707T1400 - - -
2026-08-08T23:30:27-0400 delete_target starting /{TARGET_LOCATION}/ROOT.20260707T1430 - - -
2026-08-08T23:30:27-0400 delete_target success /{TARGET_LOCATION}/ROOT.20260707T1430 - - -
2026-08-08T23:30:27-0400 delete_target starting /{TARGET_LOCATION}/ROOT.20260707T1500 - - -
2026-08-08T23:30:27-0400 delete_target success /{TARGET_LOCATION}/ROOT.20260707T1500 - - -
2026-08-08T23:30:27-0400 delete_target starting /{TARGET_LOCATION}/ROOT.20260707T1530 - - -
2026-08-08T23:30:27-0400 delete_target success /{TARGET_LOCATION}/ROOT.20260707T1530 - - -
2026-08-08T23:30:27-0400 delete_target starting /{TARGET_LOCATION}/ROOT.20260707T1600 - - -
2026-08-08T23:30:27-0400 delete_target success /{TARGET_LOCATION}/ROOT.20260707T1600 - - -
2026-08-08T23:30:27-0400 delete_target starting /{TARGET_LOCATION}/ROOT.20260707T1630 - - -
2026-08-08T23:30:27-0400 delete_target success /{TARGET_LOCATION}/ROOT.20260707T1630 - - -
2026-08-08T23:30:27-0400 delete_target starting /{TARGET_LOCATION}/ROOT.20260707T1700 - - -
2026-08-08T23:30:27-0400 delete_target success /{TARGET_LOCATION}/ROOT.20260707T1700 - - -
2026-08-08T23:30:27-0400 delete_target starting /{TARGET_LOCATION}/ROOT.20260707T1730 - - -
2026-08-08T23:30:27-0400 delete_target success /{TARGET_LOCATION}/ROOT.20260707T1730 - - -
2026-08-08T23:30:27-0400 delete_target starting /{TARGET_LOCATION}/ROOT.20260707T1800 - - -
2026-08-08T23:30:27-0400 delete_target success /{TARGET_LOCATION}/ROOT.20260707T1800 - - -
2026-08-08T23:30:27-0400 delete_target starting /{TARGET_LOCATION}/ROOT.20260707T1830 - - -
2026-08-08T23:30:27-0400 delete_target success /{TARGET_LOCATION}/ROOT.20260707T1830 - - -
2026-08-08T23:30:27-0400 delete_target starting /{TARGET_LOCATION}/ROOT.20260707T1900 - - -
2026-08-08T23:30:27-0400 delete_target success /{TARGET_LOCATION}/ROOT.20260707T1900 - - -
2026-08-08T23:30:27-0400 delete_target starting /{TARGET_LOCATION}/ROOT.20260707T1930 - - -
2026-08-08T23:30:27-0400 delete_target success /{TARGET_LOCATION}/ROOT.20260707T1930 - - -
2026-08-08T23:30:27-0400 delete_target starting /{TARGET_LOCATION}/ROOT.20260707T2000 - - -
2026-08-08T23:30:27-0400 delete_target success /{TARGET_LOCATION}/ROOT.20260707T2000 - - -
2026-08-08T23:30:27-0400 delete_target starting /{TARGET_LOCATION}/ROOT.20260707T2030 - - -
2026-08-08T23:30:27-0400 delete_target success /{TARGET_LOCATION}/ROOT.20260707T2030 - - -
2026-08-08T23:30:27-0400 delete_target starting /{TARGET_LOCATION}/ROOT.20260707T2100 - - -
2026-08-08T23:30:27-0400 delete_target success /{TARGET_LOCATION}/ROOT.20260707T2100 - - -
2026-08-08T23:30:27-0400 delete_target starting /{TARGET_LOCATION}/ROOT.20260707T2130 - - -
2026-08-08T23:30:27-0400 delete_target success /{TARGET_LOCATION}/ROOT.20260707T2130 - - -
2026-08-08T23:30:27-0400 delete_target starting /{TARGET_LOCATION}/ROOT.20260707T2200 - - -
2026-08-08T23:30:27-0400 delete_target success /{TARGET_LOCATION}/ROOT.20260707T2200 - - -
2026-08-08T23:30:27-0400 delete_target starting /{TARGET_LOCATION}/ROOT.20260707T2230 - - -
2026-08-08T23:30:27-0400 delete_target success /{TARGET_LOCATION}/ROOT.20260707T2230 - - -
2026-08-08T23:30:27-0400 delete_target starting /{TARGET_LOCATION}/ROOT.20260707T2300 - - -
2026-08-08T23:30:27-0400 delete_target success /{TARGET_LOCATION}/ROOT.20260707T2300 - - -
2026-08-08T23:30:27-0400 delete_target starting /{TARGET_LOCATION}/ROOT.20260707T2330 - - -
2026-08-08T23:30:27-0400 delete_target success /{TARGET_LOCATION}/ROOT.20260707T2330 - - -
2026-08-08T23:30:27-0400 delete_target starting /{TARGET_LOCATION}/ROOT.20260708T0000 - - -
2026-08-08T23:30:27-0400 delete_target success /{TARGET_LOCATION}/ROOT.20260708T0000 - - -
2026-08-08T23:30:27-0400 delete_target starting /{TARGET_LOCATION}/ROOT.20260708T0030 - - -
2026-08-08T23:30:27-0400 delete_target success /{TARGET_LOCATION}/ROOT.20260708T0030 - - -
2026-08-08T23:30:27-0400 delete_target starting /{TARGET_LOCATION}/ROOT.20260708T0100 - - -
2026-08-08T23:30:27-0400 delete_target success /{TARGET_LOCATION}/ROOT.20260708T0100 - - -
2026-08-08T23:30:27-0400 delete_target starting /{TARGET_LOCATION}/ROOT.20260708T0130 - - -
2026-08-08T23:30:27-0400 delete_target success /{TARGET_LOCATION}/ROOT.20260708T0130 - - -
2026-08-08T23:30:27-0400 delete_target starting /{TARGET_LOCATION}/ROOT.20260708T0200 - - -
2026-08-08T23:30:27-0400 delete_target success /{TARGET_LOCATION}/ROOT.20260708T0200 - - -
2026-08-08T23:30:27-0400 delete_target starting /{TARGET_LOCATION}/ROOT.20260708T0230 - - -
2026-08-08T23:30:27-0400 delete_target success /{TARGET_LOCATION}/ROOT.20260708T0230 - - -
2026-08-08T23:30:27-0400 delete_target starting /{TARGET_LOCATION}/ROOT.20260708T0300 - - -
2026-08-08T23:30:27-0400 delete_target success /{TARGET_LOCATION}/ROOT.20260708T0300 - - -
2026-08-08T23:30:27-0400 delete_target starting /{TARGET_LOCATION}/ROOT.20260708T0330 - - -
2026-08-08T23:30:27-0400 delete_target success /{TARGET_LOCATION}/ROOT.20260708T0330 - - -
2026-08-08T23:30:27-0400 delete_target starting /{TARGET_LOCATION}/ROOT.20260708T0400 - - -
2026-08-08T23:30:27-0400 delete_target success /{TARGET_LOCATION}/ROOT.20260708T0400 - - -
2026-08-08T23:30:27-0400 delete_target starting /{TARGET_LOCATION}/ROOT.20260708T0430 - - -
2026-08-08T23:30:27-0400 delete_target success /{TARGET_LOCATION}/ROOT.20260708T0430 - - -
2026-08-08T23:30:27-0400 delete_target starting /{TARGET_LOCATION}/ROOT.20260708T0500 - - -
2026-08-08T23:30:27-0400 delete_target success /{TARGET_LOCATION}/ROOT.20260708T0500 - - -
2026-08-08T23:30:27-0400 delete_target starting /{TARGET_LOCATION}/ROOT.20260708T0530 - - -
2026-08-08T23:30:27-0400 delete_target success /{TARGET_LOCATION}/ROOT.20260708T0530 - - -
2026-08-08T23:30:27-0400 delete_target starting /{TARGET_LOCATION}/ROOT.20260708T0600 - - -
2026-08-08T23:30:27-0400 delete_target success /{TARGET_LOCATION}/ROOT.20260708T0600 - - -
2026-08-08T23:30:27-0400 delete_target starting /{TARGET_LOCATION}/ROOT.20260708T0630 - - -
2026-08-08T23:30:27-0400 delete_target success /{TARGET_LOCATION}/ROOT.20260708T0630 - - -
2026-08-08T23:30:27-0400 delete_target starting /{TARGET_LOCATION}/ROOT.20260708T0700 - - -
2026-08-08T23:30:27-0400 delete_target success /{TARGET_LOCATION}/ROOT.20260708T0700 - - -
2026-08-08T23:30:27-0400 delete_target starting /{TARGET_LOCATION}/ROOT.20260708T0730 - - -
2026-08-08T23:30:27-0400 delete_target success /{TARGET_LOCATION}/ROOT.20260708T0730 - - -
2026-08-08T23:30:27-0400 delete_target starting /{TARGET_LOCATION}/ROOT.20260708T0800 - - -
2026-08-08T23:30:27-0400 delete_target success /{TARGET_LOCATION}/ROOT.20260708T0800 - - -
2026-08-08T23:30:27-0400 delete_target starting /{TARGET_LOCATION}/ROOT.20260708T0830 - - -
2026-08-08T23:30:27-0400 delete_target success /{TARGET_LOCATION}/ROOT.20260708T0830 - - -
2026-08-08T23:30:27-0400 delete_target starting /{TARGET_LOCATION}/ROOT.20260708T0900 - - -
2026-08-08T23:30:27-0400 delete_target success /{TARGET_LOCATION}/ROOT.20260708T0900 - - -
2026-08-08T23:30:27-0400 delete_target starting /{TARGET_LOCATION}/ROOT.20260708T0930 - - -
2026-08-08T23:30:27-0400 delete_target success /{TARGET_LOCATION}/ROOT.20260708T0930 - - -
2026-08-08T23:30:27-0400 delete_target starting /{TARGET_LOCATION}/ROOT.20260708T1000 - - -
2026-08-08T23:30:27-0400 delete_target success /{TARGET_LOCATION}/ROOT.20260708T1000 - - -
2026-08-08T23:30:27-0400 delete_target starting /{TARGET_LOCATION}/ROOT.20260708T1030 - - -
2026-08-08T23:30:27-0400 delete_target success /{TARGET_LOCATION}/ROOT.20260708T1030 - - -
2026-08-08T23:30:27-0400 delete_target starting /{TARGET_LOCATION}/ROOT.20260708T1100 - - -
2026-08-08T23:30:27-0400 delete_target success /{TARGET_LOCATION}/ROOT.20260708T1100 - - -
2026-08-08T23:30:27-0400 delete_target starting /{TARGET_LOCATION}/ROOT.20260708T1130 - - -
2026-08-08T23:30:28-0400 delete_target success /{TARGET_LOCATION}/ROOT.20260708T1130 - - -
2026-08-08T23:30:28-0400 delete_target starting /{TARGET_LOCATION}/ROOT.20260708T1200 - - -
2026-08-08T23:30:28-0400 delete_target success /{TARGET_LOCATION}/ROOT.20260708T1200 - - -
2026-08-08T23:30:28-0400 delete_target starting /{TARGET_LOCATION}/ROOT.20260708T1230 - - -
2026-08-08T23:30:28-0400 delete_target success /{TARGET_LOCATION}/ROOT.20260708T1230 - - -
2026-08-08T23:30:28-0400 delete_target starting /{TARGET_LOCATION}/ROOT.20260708T1300 - - -
2026-08-08T23:30:28-0400 delete_target success /{TARGET_LOCATION}/ROOT.20260708T1300 - - -
2026-08-08T23:30:28-0400 delete_target starting /{TARGET_LOCATION}/ROOT.20260708T1330 - - -
2026-08-08T23:30:28-0400 delete_target success /{TARGET_LOCATION}/ROOT.20260708T1330 - - -
2026-08-08T23:30:28-0400 delete_target starting /{TARGET_LOCATION}/ROOT.20260708T1400 - - -
2026-08-08T23:30:28-0400 delete_target success /{TARGET_LOCATION}/ROOT.20260708T1400 - - -
2026-08-08T23:30:28-0400 delete_target starting /{TARGET_LOCATION}/ROOT.20260708T1430 - - -
2026-08-08T23:30:28-0400 delete_target success /{TARGET_LOCATION}/ROOT.20260708T1430 - - -
2026-08-08T23:30:28-0400 delete_target starting /{TARGET_LOCATION}/ROOT.20260708T1500 - - -
2026-08-08T23:30:28-0400 delete_target success /{TARGET_LOCATION}/ROOT.20260708T1500 - - -
2026-08-08T23:30:28-0400 delete_target starting /{TARGET_LOCATION}/ROOT.20260708T1530 - - -
2026-08-08T23:30:28-0400 delete_target success /{TARGET_LOCATION}/ROOT.20260708T1530 - - -
2026-08-08T23:30:28-0400 delete_target starting /{TARGET_LOCATION}/ROOT.20260708T1600 - - -
2026-08-08T23:30:28-0400 delete_target success /{TARGET_LOCATION}/ROOT.20260708T1600 - - -
2026-08-08T23:30:28-0400 delete_target starting /{TARGET_LOCATION}/ROOT.20260708T1630 - - -
2026-08-08T23:30:28-0400 delete_target success /{TARGET_LOCATION}/ROOT.20260708T1630 - - -
2026-08-08T23:30:28-0400 delete_target starting /{TARGET_LOCATION}/ROOT.20260708T1700 - - -
2026-08-08T23:30:28-0400 delete_target success /{TARGET_LOCATION}/ROOT.20260708T1700 - - -
2026-08-08T23:30:28-0400 delete_target starting /{TARGET_LOCATION}/ROOT.20260708T1730 - - -
2026-08-08T23:30:28-0400 delete_target success /{TARGET_LOCATION}/ROOT.20260708T1730 - - -
2026-08-08T23:30:28-0400 delete_target starting /{TARGET_LOCATION}/ROOT.20260708T1800 - - -
2026-08-08T23:30:28-0400 delete_target success /{TARGET_LOCATION}/ROOT.20260708T1800 - - -
2026-08-08T23:30:28-0400 delete_target starting /{TARGET_LOCATION}/ROOT.20260708T1830 - - -
2026-08-08T23:30:28-0400 delete_target success /{TARGET_LOCATION}/ROOT.20260708T1830 - - -
2026-08-08T23:30:28-0400 delete_target starting /{TARGET_LOCATION}/ROOT.20260708T1900 - - -
2026-08-08T23:30:28-0400 delete_target success /{TARGET_LOCATION}/ROOT.20260708T1900 - - -
2026-08-08T23:30:28-0400 delete_target starting /{TARGET_LOCATION}/ROOT.20260708T1930 - - -
2026-08-08T23:30:28-0400 delete_target success /{TARGET_LOCATION}/ROOT.20260708T1930 - - -
2026-08-08T23:30:28-0400 delete_target starting /{TARGET_LOCATION}/ROOT.20260708T2000 - - -
2026-08-08T23:30:28-0400 delete_target success /{TARGET_LOCATION}/ROOT.20260708T2000 - - -
2026-08-08T23:30:28-0400 delete_target starting /{TARGET_LOCATION}/ROOT.20260708T2030 - - -
2026-08-08T23:30:28-0400 delete_target success /{TARGET_LOCATION}/ROOT.20260708T2030 - - -
2026-08-08T23:30:28-0400 delete_target starting /{TARGET_LOCATION}/ROOT.20260708T2100 - - -
2026-08-08T23:30:28-0400 delete_target success /{TARGET_LOCATION}/ROOT.20260708T2100 - - -
2026-08-08T23:30:28-0400 delete_target starting /{TARGET_LOCATION}/ROOT.20260708T2130 - - -
2026-08-08T23:30:28-0400 delete_target success /{TARGET_LOCATION}/ROOT.20260708T2130 - - -
2026-08-08T23:30:28-0400 delete_target starting /{TARGET_LOCATION}/ROOT.20260708T2200 - - -
2026-08-08T23:30:28-0400 delete_target success /{TARGET_LOCATION}/ROOT.20260708T2200 - - -
2026-08-08T23:30:28-0400 delete_target starting /{TARGET_LOCATION}/ROOT.20260708T2230 - - -
2026-08-08T23:30:28-0400 delete_target success /{TARGET_LOCATION}/ROOT.20260708T2230 - - -
2026-08-08T23:30:28-0400 delete_target starting /{TARGET_LOCATION}/ROOT.20260708T2300 - - -
2026-08-08T23:30:28-0400 delete_target success /{TARGET_LOCATION}/ROOT.20260708T2300 - - -
2026-08-08T23:30:28-0400 delete_target starting /{TARGET_LOCATION}/ROOT.20260708T2330 - - -
2026-08-08T23:30:28-0400 delete_target success /{TARGET_LOCATION}/ROOT.20260708T2330 - - -
2026-08-08T23:30:28-0400 delete_target starting /{TARGET_LOCATION}/ROOT.20260709T0000 - - -
2026-08-08T23:30:28-0400 delete_target success /{TARGET_LOCATION}/ROOT.20260709T0000 - - -
2026-08-08T23:30:28-0400 delete_target starting /{TARGET_LOCATION}/ROOT.20260709T0030 - - -
2026-08-08T23:30:28-0400 delete_target success /{TARGET_LOCATION}/ROOT.20260709T0030 - - -
2026-08-08T23:30:28-0400 delete_target starting /{TARGET_LOCATION}/ROOT.20260709T0100 - - -
2026-08-08T23:30:28-0400 delete_target success /{TARGET_LOCATION}/ROOT.20260709T0100 - - -
2026-08-08T23:30:28-0400 delete_target starting /{TARGET_LOCATION}/ROOT.20260709T0130 - - -
2026-08-08T23:30:28-0400 delete_target success /{TARGET_LOCATION}/ROOT.20260709T0130 - - -
2026-08-08T23:30:28-0400 delete_target starting /{TARGET_LOCATION}/ROOT.20260709T0200 - - -
2026-08-08T23:30:28-0400 delete_target success /{TARGET_LOCATION}/ROOT.20260709T0200 - - -
2026-08-08T23:30:28-0400 delete_target starting /{TARGET_LOCATION}/ROOT.20260709T0230 - - -
2026-08-08T23:30:28-0400 delete_target success /{TARGET_LOCATION}/ROOT.20260709T0230 - - -
2026-08-08T23:30:28-0400 delete_target starting /{TARGET_LOCATION}/ROOT.20260709T0300 - - -
2026-08-08T23:30:28-0400 delete_target success /{TARGET_LOCATION}/ROOT.20260709T0300 - - -
2026-08-08T23:30:28-0400 delete_target starting /{TARGET_LOCATION}/ROOT.20260709T0330 - - -
2026-08-08T23:30:28-0400 delete_target success /{TARGET_LOCATION}/ROOT.20260709T0330 - - -
2026-08-08T23:30:28-0400 delete_target starting /{TARGET_LOCATION}/ROOT.20260709T0400 - - -
2026-08-08T23:30:28-0400 delete_target success /{TARGET_LOCATION}/ROOT.20260709T0400 - - -
2026-08-08T23:30:28-0400 delete_target starting /{TARGET_LOCATION}/ROOT.20260709T0430 - - -
2026-08-08T23:30:28-0400 delete_target success /{TARGET_LOCATION}/ROOT.20260709T0430 - - -
2026-08-08T23:30:28-0400 delete_target starting /{TARGET_LOCATION}/ROOT.20260709T0500 - - -
2026-08-08T23:30:28-0400 delete_target success /{TARGET_LOCATION}/ROOT.20260709T0500 - - -
2026-08-08T23:30:28-0400 delete_target starting /{TARGET_LOCATION}/ROOT.20260709T0530 - - -
2026-08-08T23:30:28-0400 delete_target success /{TARGET_LOCATION}/ROOT.20260709T0530 - - -
2026-08-08T23:30:28-0400 delete_target starting /{TARGET_LOCATION}/ROOT.20260709T0600 - - -
2026-08-08T23:30:28-0400 delete_target success /{TARGET_LOCATION}/ROOT.20260709T0600 - - -
2026-08-08T23:30:28-0400 delete_target starting /{TARGET_LOCATION}/ROOT.20260709T0630 - - -
2026-08-08T23:30:28-0400 delete_target success /{TARGET_LOCATION}/ROOT.20260709T0630 - - -
2026-08-08T23:30:28-0400 delete_target starting /{TARGET_LOCATION}/ROOT.20260709T0700 - - -
2026-08-08T23:30:28-0400 delete_target success /{TARGET_LOCATION}/ROOT.20260709T0700 - - -
2026-08-08T23:30:28-0400 delete_target starting /{TARGET_LOCATION}/ROOT.20260709T0730 - - -
2026-08-08T23:30:28-0400 delete_target success /{TARGET_LOCATION}/ROOT.20260709T0730 - - -
2026-08-08T23:30:28-0400 delete_target starting /{TARGET_LOCATION}/ROOT.20260709T0800 - - -
2026-08-08T23:30:28-0400 delete_target success /{TARGET_LOCATION}/ROOT.20260709T0800 - - -
2026-08-08T23:30:28-0400 delete_target starting /{TARGET_LOCATION}/ROOT.20260709T0830 - - -
2026-08-08T23:30:28-0400 delete_target success /{TARGET_LOCATION}/ROOT.20260709T0830 - - -
2026-08-08T23:30:28-0400 delete_target starting /{TARGET_LOCATION}/ROOT.20260709T0900 - - -
2026-08-08T23:30:28-0400 delete_target success /{TARGET_LOCATION}/ROOT.20260709T0900 - - -
2026-08-08T23:30:28-0400 delete_target starting /{TARGET_LOCATION}/ROOT.20260709T0930 - - -
2026-08-08T23:30:28-0400 delete_target success /{TARGET_LOCATION}/ROOT.20260709T0930 - - -
2026-08-08T23:30:28-0400 delete_target starting /{TARGET_LOCATION}/ROOT.20260709T1000 - - -
2026-08-08T23:30:28-0400 delete_target success /{TARGET_LOCATION}/ROOT.20260709T1000 - - -
2026-08-08T23:30:28-0400 delete_target starting /{TARGET_LOCATION}/ROOT.20260709T1030 - - -
2026-08-08T23:30:28-0400 delete_target success /{TARGET_LOCATION}/ROOT.20260709T1030 - - -
2026-08-08T23:30:28-0400 delete_target starting /{TARGET_LOCATION}/ROOT.20260709T1100 - - -
2026-08-08T23:30:28-0400 delete_target success /{TARGET_LOCATION}/ROOT.20260709T1100 - - -
2026-08-08T23:30:28-0400 delete_target starting /{TARGET_LOCATION}/ROOT.20260709T1130 - - -
2026-08-08T23:30:28-0400 delete_target success /{TARGET_LOCATION}/ROOT.20260709T1130 - - -
2026-08-08T23:30:28-0400 delete_target starting /{TARGET_LOCATION}/ROOT.20260709T1200 - - -
2026-08-08T23:30:28-0400 delete_target success /{TARGET_LOCATION}/ROOT.20260709T1200 - - -
2026-08-08T23:30:28-0400 delete_target starting /{TARGET_LOCATION}/ROOT.20260709T1230 - - -
2026-08-08T23:30:28-0400 delete_target success /{TARGET_LOCATION}/ROOT.20260709T1230 - - -
2026-08-08T23:30:28-0400 delete_target starting /{TARGET_LOCATION}/ROOT.20260709T1300 - - -
2026-08-08T23:30:28-0400 delete_target success /{TARGET_LOCATION}/ROOT.20260709T1300 - - -
2026-08-08T23:30:28-0400 delete_target starting /{TARGET_LOCATION}/ROOT.20260709T1330 - - -
2026-08-08T23:30:28-0400 delete_target success /{TARGET_LOCATION}/ROOT.20260709T1330 - - -
2026-08-08T23:30:28-0400 delete_target starting /{TARGET_LOCATION}/ROOT.20260709T1400 - - -
2026-08-08T23:30:28-0400 delete_target success /{TARGET_LOCATION}/ROOT.20260709T1400 - - -
2026-08-08T23:30:28-0400 delete_target starting /{TARGET_LOCATION}/ROOT.20260709T1430 - - -
2026-08-08T23:30:28-0400 delete_target success /{TARGET_LOCATION}/ROOT.20260709T1430 - - -
2026-08-08T23:30:28-0400 delete_target starting /{TARGET_LOCATION}/ROOT.20260709T1500 - - -
2026-08-08T23:30:28-0400 delete_target success /{TARGET_LOCATION}/ROOT.20260709T1500 - - -
2026-08-08T23:30:28-0400 delete_target starting /{TARGET_LOCATION}/ROOT.20260709T1530 - - -
2026-08-08T23:30:28-0400 delete_target success /{TARGET_LOCATION}/ROOT.20260709T1530 - - -
2026-08-08T23:30:28-0400 delete_target starting /{TARGET_LOCATION}/ROOT.20260709T1600 - - -
2026-08-08T23:30:28-0400 delete_target success /{TARGET_LOCATION}/ROOT.20260709T1600 - - -
2026-08-08T23:30:28-0400 delete_target starting /{TARGET_LOCATION}/ROOT.20260709T1630 - - -
2026-08-08T23:30:28-0400 delete_target success /{TARGET_LOCATION}/ROOT.20260709T1630 - - -
2026-08-08T23:30:28-0400 delete_target starting /{TARGET_LOCATION}/ROOT.20260709T1700 - - -
2026-08-08T23:30:28-0400 delete_target success /{TARGET_LOCATION}/ROOT.20260709T1700 - - -
2026-08-08T23:30:28-0400 delete_target starting /{TARGET_LOCATION}/ROOT.20260709T1730 - - -
2026-08-08T23:30:28-0400 delete_target success /{TARGET_LOCATION}/ROOT.20260709T1730 - - -
2026-08-08T23:30:28-0400 delete_target starting /{TARGET_LOCATION}/ROOT.20260709T1800 - - -
2026-08-08T23:30:28-0400 delete_target success /{TARGET_LOCATION}/ROOT.20260709T1800 - - -
2026-08-08T23:30:28-0400 delete_target starting /{TARGET_LOCATION}/ROOT.20260709T1830 - - -
2026-08-08T23:30:28-0400 delete_target success /{TARGET_LOCATION}/ROOT.20260709T1830 - - -
2026-08-08T23:30:28-0400 delete_target starting /{TARGET_LOCATION}/ROOT.20260709T1900 - - -
2026-08-08T23:30:28-0400 delete_target success /{TARGET_LOCATION}/ROOT.20260709T1900 - - -
2026-08-08T23:30:28-0400 delete_target starting /{TARGET_LOCATION}/ROOT.20260709T1930 - - -
2026-08-08T23:30:28-0400 delete_target success /{TARGET_LOCATION}/ROOT.20260709T1930 - - -
2026-08-08T23:30:28-0400 delete_target starting /{TARGET_LOCATION}/ROOT.20260709T2000 - - -
2026-08-08T23:30:28-0400 delete_target success /{TARGET_LOCATION}/ROOT.20260709T2000 - - -
2026-08-08T23:30:28-0400 delete_target starting /{TARGET_LOCATION}/ROOT.20260709T2030 - - -
2026-08-08T23:30:28-0400 delete_target success /{TARGET_LOCATION}/ROOT.20260709T2030 - - -
2026-08-08T23:30:28-0400 delete_target starting /{TARGET_LOCATION}/ROOT.20260709T2100 - - -
2026-08-08T23:30:28-0400 delete_target success /{TARGET_LOCATION}/ROOT.20260709T2100 - - -
2026-08-08T23:30:28-0400 delete_target starting /{TARGET_LOCATION}/ROOT.20260709T2130 - - -
2026-08-08T23:30:28-0400 delete_target success /{TARGET_LOCATION}/ROOT.20260709T2130 - - -
2026-08-08T23:30:28-0400 delete_target starting /{TARGET_LOCATION}/ROOT.20260709T2200 - - -
2026-08-08T23:30:28-0400 delete_target success /{TARGET_LOCATION}/ROOT.20260709T2200 - - -
2026-08-08T23:30:28-0400 delete_target starting /{TARGET_LOCATION}/ROOT.20260709T2230 - - -
2026-08-08T23:30:28-0400 delete_target success /{TARGET_LOCATION}/ROOT.20260709T2230 - - -
2026-08-08T23:30:28-0400 delete_target starting /{TARGET_LOCATION}/ROOT.20260709T2300 - - -
2026-08-08T23:30:28-0400 delete_target success /{TARGET_LOCATION}/ROOT.20260709T2300 - - -
2026-08-08T23:30:28-0400 delete_target starting /{TARGET_LOCATION}/ROOT.20260709T2330 - - -
2026-08-08T23:30:28-0400 delete_target success /{TARGET_LOCATION}/ROOT.20260709T2330 - - -
2026-08-08T23:30:28-0400 delete_target starting /{TARGET_LOCATION}/ROOT.20260710T0000 - - -
2026-08-08T23:30:28-0400 delete_target success /{TARGET_LOCATION}/ROOT.20260710T0000 - - -
2026-08-08T23:30:28-0400 delete_target starting /{TARGET_LOCATION}/ROOT.20260710T0030 - - -
2026-08-08T23:30:28-0400 delete_target success /{TARGET_LOCATION}/ROOT.20260710T0030 - - -
2026-08-08T23:30:28-0400 delete_target starting /{TARGET_LOCATION}/ROOT.20260710T0100 - - -
2026-08-08T23:30:28-0400 delete_target success /{TARGET_LOCATION}/ROOT.20260710T0100 - - -
2026-08-08T23:30:28-0400 delete_target starting /{TARGET_LOCATION}/ROOT.20260710T0130 - - -
2026-08-08T23:30:28-0400 delete_target success /{TARGET_LOCATION}/ROOT.20260710T0130 - - -
2026-08-08T23:30:28-0400 delete_target starting /{TARGET_LOCATION}/ROOT.20260710T0200 - - -
2026-08-08T23:30:28-0400 delete_target success /{TARGET_LOCATION}/ROOT.20260710T0200 - - -
2026-08-08T23:30:28-0400 delete_target starting /{TARGET_LOCATION}/ROOT.20260710T0230 - - -
2026-08-08T23:30:28-0400 delete_target success /{TARGET_LOCATION}/ROOT.20260710T0230 - - -
2026-08-08T23:30:28-0400 delete_target starting /{TARGET_LOCATION}/ROOT.20260710T0300 - - -
2026-08-08T23:30:28-0400 delete_target success /{TARGET_LOCATION}/ROOT.20260710T0300 - - -
2026-08-08T23:30:28-0400 delete_target starting /{TARGET_LOCATION}/ROOT.20260710T0330 - - -
2026-08-08T23:30:28-0400 delete_target success /{TARGET_LOCATION}/ROOT.20260710T0330 - - -
2026-08-08T23:30:28-0400 delete_target starting /{TARGET_LOCATION}/ROOT.20260710T0400 - - -
2026-08-08T23:30:28-0400 delete_target success /{TARGET_LOCATION}/ROOT.20260710T0400 - - -
2026-08-08T23:30:28-0400 delete_target starting /{TARGET_LOCATION}/ROOT.20260710T0430 - - -
2026-08-08T23:30:28-0400 delete_target success /{TARGET_LOCATION}/ROOT.20260710T0430 - - -
2026-08-08T23:30:28-0400 delete_target starting /{TARGET_LOCATION}/ROOT.20260710T0500 - - -
2026-08-08T23:30:28-0400 delete_target success /{TARGET_LOCATION}/ROOT.20260710T0500 - - -
2026-08-08T23:30:28-0400 delete_target starting /{TARGET_LOCATION}/ROOT.20260710T0530 - - -
2026-08-08T23:30:28-0400 delete_target success /{TARGET_LOCATION}/ROOT.20260710T0530 - - -
2026-08-08T23:30:28-0400 delete_target starting /{TARGET_LOCATION}/ROOT.20260710T0600 - - -
2026-08-08T23:30:28-0400 delete_target success /{TARGET_LOCATION}/ROOT.20260710T0600 - - -
2026-08-08T23:30:28-0400 delete_target starting /{TARGET_LOCATION}/ROOT.20260710T0630 - - -
2026-08-08T23:30:28-0400 delete_target success /{TARGET_LOCATION}/ROOT.20260710T0630 - - -
2026-08-08T23:30:28-0400 delete_target starting /{TARGET_LOCATION}/ROOT.20260710T0700 - - -
2026-08-08T23:30:28-0400 delete_target success /{TARGET_LOCATION}/ROOT.20260710T0700 - - -
2026-08-08T23:30:28-0400 delete_target starting /{TARGET_LOCATION}/ROOT.20260710T0730 - - -
2026-08-08T23:30:28-0400 delete_target success /{TARGET_LOCATION}/ROOT.20260710T0730 - - -
2026-08-08T23:30:28-0400 delete_target starting /{TARGET_LOCATION}/ROOT.20260710T0800 - - -
2026-08-08T23:30:28-0400 delete_target success /{TARGET_LOCATION}/ROOT.20260710T0800 - - -
2026-08-08T23:30:28-0400 delete_target starting /{TARGET_LOCATION}/ROOT.20260710T0830 - - -
2026-08-08T23:30:28-0400 delete_target success /{TARGET_LOCATION}/ROOT.20260710T0830 - - -
2026-08-08T23:30:28-0400 delete_target starting /{TARGET_LOCATION}/ROOT.20260710T0900 - - -
2026-08-08T23:30:28-0400 delete_target success /{TARGET_LOCATION}/ROOT.20260710T0900 - - -
2026-08-08T23:30:28-0400 delete_target starting /{TARGET_LOCATION}/ROOT.20260710T0930 - - -
2026-08-08T23:30:28-0400 delete_target success /{TARGET_LOCATION}/ROOT.20260710T0930 - - -
2026-08-08T23:30:28-0400 delete_target starting /{TARGET_LOCATION}/ROOT.20260710T1000 - - -
2026-08-08T23:30:28-0400 delete_target success /{TARGET_LOCATION}/ROOT.20260710T1000 - - -
2026-08-08T23:30:28-0400 delete_target starting /{TARGET_LOCATION}/ROOT.20260710T1030 - - -
2026-08-08T23:30:28-0400 delete_target success /{TARGET_LOCATION}/ROOT.20260710T1030 - - -
2026-08-08T23:30:28-0400 delete_target starting /{TARGET_LOCATION}/ROOT.20260710T1100 - - -
2026-08-08T23:30:28-0400 delete_target success /{TARGET_LOCATION}/ROOT.20260710T1100 - - -
2026-08-08T23:30:28-0400 delete_target starting /{TARGET_LOCATION}/ROOT.20260710T1130 - - -
2026-08-08T23:30:28-0400 delete_target success /{TARGET_LOCATION}/ROOT.20260710T1130 - - -
2026-08-08T23:30:28-0400 delete_target starting /{TARGET_LOCATION}/ROOT.20260710T1200 - - -
2026-08-08T23:30:28-0400 delete_target success /{TARGET_LOCATION}/ROOT.20260710T1200 - - -
2026-08-08T23:30:28-0400 delete_target starting /{TARGET_LOCATION}/ROOT.20260710T1230 - - -
2026-08-08T23:30:28-0400 delete_target success /{TARGET_LOCATION}/ROOT.20260710T1230 - - -
2026-08-08T23:30:28-0400 delete_target starting /{TARGET_LOCATION}/ROOT.20260710T1300 - - -
2026-08-08T23:30:28-0400 delete_target success /{TARGET_LOCATION}/ROOT.20260710T1300 - - -
2026-08-08T23:30:28-0400 delete_target starting /{TARGET_LOCATION}/ROOT.20260710T1330 - - -
2026-08-08T23:30:28-0400 delete_target success /{TARGET_LOCATION}/ROOT.20260710T1330 - - -
2026-08-08T23:30:28-0400 delete_target starting /{TARGET_LOCATION}/ROOT.20260710T1400 - - -
2026-08-08T23:30:28-0400 delete_target success /{TARGET_LOCATION}/ROOT.20260710T1400 - - -
2026-08-08T23:30:28-0400 delete_target starting /{TARGET_LOCATION}/ROOT.20260710T1430 - - -
2026-08-08T23:30:28-0400 delete_target success /{TARGET_LOCATION}/ROOT.20260710T1430 - - -
2026-08-08T23:30:28-0400 delete_target starting /{TARGET_LOCATION}/ROOT.20260710T1500 - - -
2026-08-08T23:30:28-0400 delete_target success /{TARGET_LOCATION}/ROOT.20260710T1500 - - -
2026-08-08T23:30:28-0400 delete_target starting /{TARGET_LOCATION}/ROOT.20260710T1530 - - -
2026-08-08T23:30:28-0400 delete_target success /{TARGET_LOCATION}/ROOT.20260710T1530 - - -
2026-08-08T23:30:28-0400 delete_target starting /{TARGET_LOCATION}/ROOT.20260710T1600 - - -
2026-08-08T23:30:28-0400 delete_target success /{TARGET_LOCATION}/ROOT.20260710T1600 - - -
2026-08-08T23:30:28-0400 delete_target starting /{TARGET_LOCATION}/ROOT.20260710T1630 - - -
2026-08-08T23:30:28-0400 delete_target success /{TARGET_LOCATION}/ROOT.20260710T1630 - - -
2026-08-08T23:30:28-0400 delete_target starting /{TARGET_LOCATION}/ROOT.20260710T1700 - - -
2026-08-08T23:30:28-0400 delete_target success /{TARGET_LOCATION}/ROOT.20260710T1700 - - -
2026-08-08T23:30:28-0400 delete_target starting /{TARGET_LOCATION}/ROOT.20260710T1730 - - -
2026-08-08T23:30:28-0400 delete_target success /{TARGET_LOCATION}/ROOT.20260710T1730 - - -
2026-08-08T23:30:28-0400 delete_target starting /{TARGET_LOCATION}/ROOT.20260710T1800 - - -
2026-08-08T23:30:28-0400 delete_target success /{TARGET_LOCATION}/ROOT.20260710T1800 - - -
2026-08-08T23:30:28-0400 delete_target starting /{TARGET_LOCATION}/ROOT.20260710T1830 - - -
2026-08-08T23:30:28-0400 delete_target success /{TARGET_LOCATION}/ROOT.20260710T1830 - - -
2026-08-08T23:30:28-0400 delete_target starting /{TARGET_LOCATION}/ROOT.20260710T1900 - - -
2026-08-08T23:30:28-0400 delete_target success /{TARGET_LOCATION}/ROOT.20260710T1900 - - -
2026-08-08T23:30:28-0400 delete_target starting /{TARGET_LOCATION}/ROOT.20260710T1930 - - -
2026-08-08T23:30:28-0400 delete_target success /{TARGET_LOCATION}/ROOT.20260710T1930 - - -
2026-08-08T23:30:28-0400 delete_target starting /{TARGET_LOCATION}/ROOT.20260710T2000 - - -
2026-08-08T23:30:28-0400 delete_target success /{TARGET_LOCATION}/ROOT.20260710T2000 - - -
2026-08-08T23:30:28-0400 delete_target starting /{TARGET_LOCATION}/ROOT.20260710T2030 - - -
2026-08-08T23:30:28-0400 delete_target success /{TARGET_LOCATION}/ROOT.20260710T2030 - - -
2026-08-08T23:30:28-0400 delete_target starting /{TARGET_LOCATION}/ROOT.20260710T2100 - - -
2026-08-08T23:30:28-0400 delete_target success /{TARGET_LOCATION}/ROOT.20260710T2100 - - -
2026-08-08T23:30:28-0400 delete_target starting /{TARGET_LOCATION}/ROOT.20260710T2130 - - -
2026-08-08T23:30:28-0400 delete_target success /{TARGET_LOCATION}/ROOT.20260710T2130 - - -
2026-08-08T23:30:28-0400 delete_target starting /{TARGET_LOCATION}/ROOT.20260710T2200 - - -
2026-08-08T23:30:28-0400 delete_target success /{TARGET_LOCATION}/ROOT.20260710T2200 - - -
2026-08-08T23:30:28-0400 delete_target starting /{TARGET_LOCATION}/ROOT.20260710T2230 - - -
2026-08-08T23:30:28-0400 delete_target success /{TARGET_LOCATION}/ROOT.20260710T2230 - - -
2026-08-08T23:30:28-0400 delete_target starting /{TARGET_LOCATION}/ROOT.20260710T2300 - - -
2026-08-08T23:30:28-0400 delete_target success /{TARGET_LOCATION}/ROOT.20260710T2300 - - -
2026-08-08T23:30:28-0400 delete_target starting /{TARGET_LOCATION}/ROOT.20260710T2330 - - -
2026-08-08T23:30:28-0400 delete_target success /{TARGET_LOCATION}/ROOT.20260710T2330 - - -
2026-08-08T23:30:28-0400 delete_target starting /{TARGET_LOCATION}/ROOT.20260711T0000 - - -
2026-08-08T23:30:28-0400 delete_target success /{TARGET_LOCATION}/ROOT.20260711T0000 - - -
2026-08-08T23:30:28-0400 delete_target starting /{TARGET_LOCATION}/ROOT.20260711T0030 - - -
2026-08-08T23:30:28-0400 delete_target success /{TARGET_LOCATION}/ROOT.20260711T0030 - - -
2026-08-08T23:30:28-0400 delete_target starting /{TARGET_LOCATION}/ROOT.20260711T0100 - - -
2026-08-08T23:30:28-0400 delete_target success /{TARGET_LOCATION}/ROOT.20260711T0100 - - -
2026-08-08T23:30:28-0400 delete_target starting /{TARGET_LOCATION}/ROOT.20260711T0130 - - -
2026-08-08T23:30:28-0400 delete_target success /{TARGET_LOCATION}/ROOT.20260711T0130 - - -
2026-08-08T23:30:28-0400 delete_target starting /{TARGET_LOCATION}/ROOT.20260711T0200 - - -
2026-08-08T23:30:28-0400 delete_target success /{TARGET_LOCATION}/ROOT.20260711T0200 - - -
2026-08-08T23:30:28-0400 delete_target starting /{TARGET_LOCATION}/ROOT.20260711T0230 - - -
2026-08-08T23:30:28-0400 delete_target success /{TARGET_LOCATION}/ROOT.20260711T0230 - - -
2026-08-08T23:30:28-0400 delete_target starting /{TARGET_LOCATION}/ROOT.20260711T0300 - - -
2026-08-08T23:30:28-0400 delete_target success /{TARGET_LOCATION}/ROOT.20260711T0300 - - -
2026-08-08T23:30:28-0400 delete_target starting /{TARGET_LOCATION}/ROOT.20260711T0330 - - -
2026-08-08T23:30:28-0400 delete_target success /{TARGET_LOCATION}/ROOT.20260711T0330 - - -
2026-08-08T23:30:28-0400 delete_target starting /{TARGET_LOCATION}/ROOT.20260711T0400 - - -
2026-08-08T23:30:28-0400 delete_target success /{TARGET_LOCATION}/ROOT.20260711T0400 - - -
2026-08-08T23:30:28-0400 delete_target starting /{TARGET_LOCATION}/ROOT.20260711T0430 - - -
2026-08-08T23:30:28-0400 delete_target success /{TARGET_LOCATION}/ROOT.20260711T0430 - - -
2026-08-08T23:30:28-0400 delete_target starting /{TARGET_LOCATION}/ROOT.20260711T0500 - - -
2026-08-08T23:30:28-0400 delete_target success /{TARGET_LOCATION}/ROOT.20260711T0500 - - -
2026-08-08T23:30:28-0400 delete_target starting /{TARGET_LOCATION}/ROOT.20260711T0530 - - -
2026-08-08T23:30:28-0400 delete_target success /{TARGET_LOCATION}/ROOT.20260711T0530 - - -
2026-08-08T23:30:28-0400 delete_target starting /{TARGET_LOCATION}/ROOT.20260711T0600 - - -
2026-08-08T23:30:28-0400 delete_target success /{TARGET_LOCATION}/ROOT.20260711T0600 - - -
2026-08-08T23:30:28-0400 delete_target starting /{TARGET_LOCATION}/ROOT.20260711T0630 - - -
2026-08-08T23:30:29-0400 delete_target success /{TARGET_LOCATION}/ROOT.20260711T0630 - - -
2026-08-08T23:30:29-0400 delete_target starting /{TARGET_LOCATION}/ROOT.20260711T0700 - - -
2026-08-08T23:30:29-0400 delete_target success /{TARGET_LOCATION}/ROOT.20260711T0700 - - -
2026-08-08T23:30:29-0400 delete_target starting /{TARGET_LOCATION}/ROOT.20260711T0730 - - -
2026-08-08T23:30:29-0400 delete_target success /{TARGET_LOCATION}/ROOT.20260711T0730 - - -
2026-08-08T23:30:29-0400 delete_target starting /{TARGET_LOCATION}/ROOT.20260711T0800 - - -
2026-08-08T23:30:29-0400 delete_target success /{TARGET_LOCATION}/ROOT.20260711T0800 - - -
2026-08-08T23:30:29-0400 delete_target starting /{TARGET_LOCATION}/ROOT.20260711T0830 - - -
2026-08-08T23:30:29-0400 delete_target success /{TARGET_LOCATION}/ROOT.20260711T0830 - - -
2026-08-08T23:30:29-0400 delete_target starting /{TARGET_LOCATION}/ROOT.20260711T0900 - - -
2026-08-08T23:30:29-0400 delete_target success /{TARGET_LOCATION}/ROOT.20260711T0900 - - -
2026-08-08T23:30:29-0400 delete_target starting /{TARGET_LOCATION}/ROOT.20260711T0930 - - -
2026-08-08T23:30:29-0400 delete_target success /{TARGET_LOCATION}/ROOT.20260711T0930 - - -
2026-08-08T23:30:29-0400 delete_target starting /{TARGET_LOCATION}/ROOT.20260711T1000 - - -
2026-08-08T23:30:29-0400 delete_target success /{TARGET_LOCATION}/ROOT.20260711T1000 - - -
2026-08-08T23:30:29-0400 delete_target starting /{TARGET_LOCATION}/ROOT.20260711T1030 - - -
2026-08-08T23:30:29-0400 delete_target success /{TARGET_LOCATION}/ROOT.20260711T1030 - - -
2026-08-08T23:30:29-0400 delete_target starting /{TARGET_LOCATION}/ROOT.20260711T1100 - - -
2026-08-08T23:30:29-0400 delete_target success /{TARGET_LOCATION}/ROOT.20260711T1100 - - -
2026-08-08T23:30:29-0400 delete_target starting /{TARGET_LOCATION}/ROOT.20260711T1130 - - -
2026-08-08T23:30:29-0400 delete_target success /{TARGET_LOCATION}/ROOT.20260711T1130 - - -
2026-08-08T23:30:29-0400 delete_target starting /{TARGET_LOCATION}/ROOT.20260711T1200 - - -
2026-08-08T23:30:29-0400 delete_target success /{TARGET_LOCATION}/ROOT.20260711T1200 - - -
2026-08-08T23:30:29-0400 delete_target starting /{TARGET_LOCATION}/ROOT.20260711T1230 - - -
2026-08-08T23:30:29-0400 delete_target success /{TARGET_LOCATION}/ROOT.20260711T1230 - - -
2026-08-08T23:30:29-0400 delete_target starting /{TARGET_LOCATION}/ROOT.20260711T1300 - - -
2026-08-08T23:30:29-0400 delete_target success /{TARGET_LOCATION}/ROOT.20260711T1300 - - -
2026-08-08T23:30:29-0400 delete_target starting /{TARGET_LOCATION}/ROOT.20260711T1330 - - -
2026-08-08T23:30:29-0400 delete_target success /{TARGET_LOCATION}/ROOT.20260711T1330 - - -
2026-08-08T23:30:29-0400 delete_target starting /{TARGET_LOCATION}/ROOT.20260711T1400 - - -
2026-08-08T23:30:29-0400 delete_target success /{TARGET_LOCATION}/ROOT.20260711T1400 - - -
2026-08-08T23:30:29-0400 delete_target starting /{TARGET_LOCATION}/ROOT.20260711T1430 - - -
2026-08-08T23:30:29-0400 delete_target success /{TARGET_LOCATION}/ROOT.20260711T1430 - - -
2026-08-08T23:30:29-0400 delete_target starting /{TARGET_LOCATION}/ROOT.20260711T1500 - - -
2026-08-08T23:30:29-0400 delete_target success /{TARGET_LOCATION}/ROOT.20260711T1500 - - -
2026-08-08T23:30:29-0400 delete_target starting /{TARGET_LOCATION}/ROOT.20260711T1530 - - -
2026-08-08T23:30:29-0400 delete_target success /{TARGET_LOCATION}/ROOT.20260711T1530 - - -
2026-08-08T23:30:29-0400 delete_target starting /{TARGET_LOCATION}/ROOT.20260711T1600 - - -
2026-08-08T23:30:29-0400 delete_target success /{TARGET_LOCATION}/ROOT.20260711T1600 - - -
2026-08-08T23:30:29-0400 delete_target starting /{TARGET_LOCATION}/ROOT.20260711T1630 - - -
2026-08-08T23:30:29-0400 delete_target success /{TARGET_LOCATION}/ROOT.20260711T1630 - - -
2026-08-08T23:30:29-0400 delete_target starting /{TARGET_LOCATION}/ROOT.20260711T1700 - - -
2026-08-08T23:30:29-0400 delete_target success /{TARGET_LOCATION}/ROOT.20260711T1700 - - -
2026-08-08T23:30:29-0400 delete_target starting /{TARGET_LOCATION}/ROOT.20260711T1730 - - -
2026-08-08T23:30:29-0400 delete_target success /{TARGET_LOCATION}/ROOT.20260711T1730 - - -
2026-08-08T23:30:29-0400 delete_target starting /{TARGET_LOCATION}/ROOT.20260711T1800 - - -
2026-08-08T23:30:29-0400 delete_target success /{TARGET_LOCATION}/ROOT.20260711T1800 - - -
2026-08-08T23:30:29-0400 delete_target starting /{TARGET_LOCATION}/ROOT.20260711T1830 - - -
2026-08-08T23:30:29-0400 delete_target success /{TARGET_LOCATION}/ROOT.20260711T1830 - - -
2026-08-08T23:30:29-0400 delete_target starting /{TARGET_LOCATION}/ROOT.20260711T1900 - - -
2026-08-08T23:30:29-0400 delete_target success /{TARGET_LOCATION}/ROOT.20260711T1900 - - -
2026-08-08T23:30:29-0400 delete_target starting /{TARGET_LOCATION}/ROOT.20260711T1930 - - -
2026-08-08T23:30:29-0400 delete_target success /{TARGET_LOCATION}/ROOT.20260711T1930 - - -
2026-08-08T23:30:29-0400 delete_target starting /{TARGET_LOCATION}/ROOT.20260711T2000 - - -
2026-08-08T23:30:29-0400 delete_target success /{TARGET_LOCATION}/ROOT.20260711T2000 - - -
2026-08-08T23:30:29-0400 delete_target starting /{TARGET_LOCATION}/ROOT.20260711T2030 - - -
2026-08-08T23:30:29-0400 delete_target success /{TARGET_LOCATION}/ROOT.20260711T2030 - - -
2026-08-08T23:30:29-0400 delete_target starting /{TARGET_LOCATION}/ROOT.20260711T2100 - - -
2026-08-08T23:30:29-0400 delete_target success /{TARGET_LOCATION}/ROOT.20260711T2100 - - -
2026-08-08T23:30:29-0400 delete_target starting /{TARGET_LOCATION}/ROOT.20260711T2130 - - -
2026-08-08T23:30:29-0400 delete_target success /{TARGET_LOCATION}/ROOT.20260711T2130 - - -
2026-08-08T23:30:29-0400 delete_target starting /{TARGET_LOCATION}/ROOT.20260711T2200 - - -
2026-08-08T23:30:29-0400 delete_target success /{TARGET_LOCATION}/ROOT.20260711T2200 - - -
2026-08-08T23:30:29-0400 delete_target starting /{TARGET_LOCATION}/ROOT.20260711T2230 - - -
2026-08-08T23:30:29-0400 delete_target success /{TARGET_LOCATION}/ROOT.20260711T2230 - - -
2026-08-08T23:30:29-0400 delete_target starting /{TARGET_LOCATION}/ROOT.20260711T2300 - - -
2026-08-08T23:30:29-0400 delete_target success /{TARGET_LOCATION}/ROOT.20260711T2300 - - -
2026-08-08T23:30:29-0400 delete_target starting /{TARGET_LOCATION}/ROOT.20260711T2330 - - -
2026-08-08T23:30:29-0400 delete_target success /{TARGET_LOCATION}/ROOT.20260711T2330 - - -
2026-08-08T23:30:29-0400 delete_target starting /{TARGET_LOCATION}/ROOT.20260712T0030 - - -
2026-08-08T23:30:29-0400 delete_target success /{TARGET_LOCATION}/ROOT.20260712T0030 - - -
2026-08-08T23:30:29-0400 delete_target starting /{TARGET_LOCATION}/ROOT.20260712T0100 - - -
2026-08-08T23:30:29-0400 delete_target success /{TARGET_LOCATION}/ROOT.20260712T0100 - - -
2026-08-08T23:30:29-0400 delete_target starting /{TARGET_LOCATION}/ROOT.20260712T0130 - - -
2026-08-08T23:30:29-0400 delete_target success /{TARGET_LOCATION}/ROOT.20260712T0130 - - -
2026-08-08T23:30:29-0400 delete_target starting /{TARGET_LOCATION}/ROOT.20260712T0200 - - -
2026-08-08T23:30:29-0400 delete_target success /{TARGET_LOCATION}/ROOT.20260712T0200 - - -
2026-08-08T23:30:29-0400 delete_target starting /{TARGET_LOCATION}/ROOT.20260712T0230 - - -
2026-08-08T23:30:29-0400 delete_target success /{TARGET_LOCATION}/ROOT.20260712T0230 - - -
2026-08-08T23:30:29-0400 delete_target starting /{TARGET_LOCATION}/ROOT.20260712T0300 - - -
2026-08-08T23:30:29-0400 delete_target success /{TARGET_LOCATION}/ROOT.20260712T0300 - - -
2026-08-08T23:30:29-0400 delete_target starting /{TARGET_LOCATION}/ROOT.20260712T0330 - - -
2026-08-08T23:30:29-0400 delete_target success /{TARGET_LOCATION}/ROOT.20260712T0330 - - -
2026-08-08T23:30:29-0400 delete_target starting /{TARGET_LOCATION}/ROOT.20260712T0400 - - -
2026-08-08T23:30:29-0400 delete_target success /{TARGET_LOCATION}/ROOT.20260712T0400 - - -
2026-08-08T23:30:29-0400 delete_target starting /{TARGET_LOCATION}/ROOT.20260712T0430 - - -
2026-08-08T23:30:29-0400 delete_target success /{TARGET_LOCATION}/ROOT.20260712T0430 - - -
2026-08-08T23:30:29-0400 delete_target starting /{TARGET_LOCATION}/ROOT.20260712T0500 - - -
2026-08-08T23:30:29-0400 delete_target success /{TARGET_LOCATION}/ROOT.20260712T0500 - - -
2026-08-08T23:30:29-0400 delete_target starting /{TARGET_LOCATION}/ROOT.20260712T0530 - - -
2026-08-08T23:30:29-0400 delete_target success /{TARGET_LOCATION}/ROOT.20260712T0530 - - -
2026-08-08T23:30:29-0400 delete_target starting /{TARGET_LOCATION}/ROOT.20260712T0600 - - -
2026-08-08T23:30:29-0400 delete_target success /{TARGET_LOCATION}/ROOT.20260712T0600 - - -
2026-08-08T23:30:29-0400 delete_target starting /{TARGET_LOCATION}/ROOT.20260712T0630 - - -
2026-08-08T23:30:29-0400 delete_target success /{TARGET_LOCATION}/ROOT.20260712T0630 - - -
2026-08-08T23:30:29-0400 delete_target starting /{TARGET_LOCATION}/ROOT.20260712T0700 - - -
2026-08-08T23:30:29-0400 delete_target success /{TARGET_LOCATION}/ROOT.20260712T0700 - - -
2026-08-08T23:30:29-0400 delete_target starting /{TARGET_LOCATION}/ROOT.20260712T0730 - - -
2026-08-08T23:30:29-0400 delete_target success /{TARGET_LOCATION}/ROOT.20260712T0730 - - -
2026-08-08T23:30:29-0400 delete_target starting /{TARGET_LOCATION}/ROOT.20260712T0800 - - -
2026-08-08T23:30:29-0400 delete_target success /{TARGET_LOCATION}/ROOT.20260712T0800 - - -
2026-08-08T23:30:29-0400 delete_target starting /{TARGET_LOCATION}/ROOT.20260712T0830 - - -
2026-08-08T23:30:29-0400 delete_target success /{TARGET_LOCATION}/ROOT.20260712T0830 - - -
2026-08-08T23:30:29-0400 delete_target starting /{TARGET_LOCATION}/ROOT.20260712T0900 - - -
2026-08-08T23:30:29-0400 delete_target success /{TARGET_LOCATION}/ROOT.20260712T0900 - - -
2026-08-08T23:30:29-0400 delete_target starting /{TARGET_LOCATION}/ROOT.20260712T0930 - - -
2026-08-08T23:30:29-0400 delete_target success /{TARGET_LOCATION}/ROOT.20260712T0930 - - -
2026-08-08T23:30:29-0400 delete_target starting /{TARGET_LOCATION}/ROOT.20260712T1000 - - -
2026-08-08T23:30:29-0400 delete_target success /{TARGET_LOCATION}/ROOT.20260712T1000 - - -
2026-08-08T23:30:29-0400 delete_target starting /{TARGET_LOCATION}/ROOT.20260712T1030 - - -
2026-08-08T23:30:29-0400 delete_target success /{TARGET_LOCATION}/ROOT.20260712T1030 - - -
2026-08-08T23:30:29-0400 delete_target starting /{TARGET_LOCATION}/ROOT.20260712T1100 - - -
2026-08-08T23:30:29-0400 delete_target success /{TARGET_LOCATION}/ROOT.20260712T1100 - - -
2026-08-08T23:30:29-0400 delete_target starting /{TARGET_LOCATION}/ROOT.20260712T1130 - - -
2026-08-08T23:30:29-0400 delete_target success /{TARGET_LOCATION}/ROOT.20260712T1130 - - -
2026-08-08T23:30:29-0400 delete_target starting /{TARGET_LOCATION}/ROOT.20260712T1200 - - -
2026-08-08T23:30:29-0400 delete_target success /{TARGET_LOCATION}/ROOT.20260712T1200 - - -
2026-08-08T23:30:29-0400 delete_target starting /{TARGET_LOCATION}/ROOT.20260712T1230 - - -
2026-08-08T23:30:29-0400 delete_target success /{TARGET_LOCATION}/ROOT.20260712T1230 - - -
2026-08-08T23:30:29-0400 delete_target starting /{TARGET_LOCATION}/ROOT.20260712T1300 - - -
2026-08-08T23:30:29-0400 delete_target success /{TARGET_LOCATION}/ROOT.20260712T1300 - - -
2026-08-08T23:30:29-0400 delete_target starting /{TARGET_LOCATION}/ROOT.20260712T1330 - - -
2026-08-08T23:30:29-0400 delete_target success /{TARGET_LOCATION}/ROOT.20260712T1330 - - -
2026-08-08T23:30:29-0400 delete_target starting /{TARGET_LOCATION}/ROOT.20260712T1400 - - -
2026-08-08T23:30:29-0400 delete_target success /{TARGET_LOCATION}/ROOT.20260712T1400 - - -
2026-08-08T23:30:29-0400 delete_target starting /{TARGET_LOCATION}/ROOT.20260712T1430 - - -
2026-08-08T23:30:29-0400 delete_target success /{TARGET_LOCATION}/ROOT.20260712T1430 - - -
2026-08-08T23:30:29-0400 delete_target starting /{TARGET_LOCATION}/ROOT.20260712T1500 - - -
2026-08-08T23:30:29-0400 delete_target success /{TARGET_LOCATION}/ROOT.20260712T1500 - - -
2026-08-08T23:30:29-0400 delete_target starting /{TARGET_LOCATION}/ROOT.20260712T1530 - - -
2026-08-08T23:30:29-0400 delete_target success /{TARGET_LOCATION}/ROOT.20260712T1530 - - -
2026-08-08T23:30:29-0400 delete_target starting /{TARGET_LOCATION}/ROOT.20260712T1600 - - -
2026-08-08T23:30:29-0400 delete_target success /{TARGET_LOCATION}/ROOT.20260712T1600 - - -
2026-08-08T23:30:29-0400 delete_target starting /{TARGET_LOCATION}/ROOT.20260712T1630 - - -
2026-08-08T23:30:29-0400 delete_target success /{TARGET_LOCATION}/ROOT.20260712T1630 - - -
2026-08-08T23:30:29-0400 delete_target starting /{TARGET_LOCATION}/ROOT.20260712T1700 - - -
2026-08-08T23:30:29-0400 delete_target success /{TARGET_LOCATION}/ROOT.20260712T1700 - - -
2026-08-08T23:30:29-0400 delete_target starting /{TARGET_LOCATION}/ROOT.20260712T1730 - - -
2026-08-08T23:30:29-0400 delete_target success /{TARGET_LOCATION}/ROOT.20260712T1730 - - -
2026-08-08T23:30:29-0400 delete_target starting /{TARGET_LOCATION}/ROOT.20260712T1800 - - -
2026-08-08T23:30:29-0400 delete_target success /{TARGET_LOCATION}/ROOT.20260712T1800 - - -
2026-08-08T23:30:29-0400 delete_target starting /{TARGET_LOCATION}/ROOT.20260712T1830 - - -
2026-08-08T23:30:29-0400 delete_target success /{TARGET_LOCATION}/ROOT.20260712T1830 - - -
2026-08-08T23:30:29-0400 delete_target starting /{TARGET_LOCATION}/ROOT.20260712T1900 - - -
2026-08-08T23:30:29-0400 delete_target success /{TARGET_LOCATION}/ROOT.20260712T1900 - - -
2026-08-08T23:30:29-0400 delete_target starting /{TARGET_LOCATION}/ROOT.20260712T1930 - - -
2026-08-08T23:30:29-0400 delete_target success /{TARGET_LOCATION}/ROOT.20260712T1930 - - -
2026-08-08T23:30:29-0400 delete_target starting /{TARGET_LOCATION}/ROOT.20260712T2000 - - -
2026-08-08T23:30:29-0400 delete_target success /{TARGET_LOCATION}/ROOT.20260712T2000 - - -
2026-08-08T23:30:29-0400 delete_target starting /{TARGET_LOCATION}/ROOT.20260712T2030 - - -
2026-08-08T23:30:29-0400 delete_target success /{TARGET_LOCATION}/ROOT.20260712T2030 - - -
2026-08-08T23:30:29-0400 delete_target starting /{TARGET_LOCATION}/ROOT.20260712T2100 - - -
2026-08-08T23:30:29-0400 delete_target success /{TARGET_LOCATION}/ROOT.20260712T2100 - - -
2026-08-08T23:30:29-0400 delete_target starting /{TARGET_LOCATION}/ROOT.20260712T2130 - - -
2026-08-08T23:30:29-0400 delete_target success /{TARGET_LOCATION}/ROOT.20260712T2130 - - -
2026-08-08T23:30:29-0400 delete_target starting /{TARGET_LOCATION}/ROOT.20260712T2200 - - -
2026-08-08T23:30:29-0400 delete_target success /{TARGET_LOCATION}/ROOT.20260712T2200 - - -
2026-08-08T23:30:29-0400 delete_target starting /{TARGET_LOCATION}/ROOT.20260712T2230 - - -
2026-08-08T23:30:29-0400 delete_target success /{TARGET_LOCATION}/ROOT.20260712T2230 - - -
2026-08-08T23:30:29-0400 delete_target starting /{TARGET_LOCATION}/ROOT.20260712T2300 - - -
2026-08-08T23:30:29-0400 delete_target success /{TARGET_LOCATION}/ROOT.20260712T2300 - - -
2026-08-08T23:30:29-0400 delete_target starting /{TARGET_LOCATION}/ROOT.20260712T2330 - - -
2026-08-08T23:30:29-0400 delete_target success /{TARGET_LOCATION}/ROOT.20260712T2330 - - -
2026-08-08T23:30:29-0400 delete_target starting /{TARGET_LOCATION}/ROOT.20260713T0000 - - -
2026-08-08T23:30:29-0400 delete_target success /{TARGET_LOCATION}/ROOT.20260713T0000 - - -
2026-08-08T23:30:29-0400 delete_target starting /{TARGET_LOCATION}/ROOT.20260713T0030 - - -
2026-08-08T23:30:29-0400 delete_target success /{TARGET_LOCATION}/ROOT.20260713T0030 - - -
2026-08-08T23:30:29-0400 delete_target starting /{TARGET_LOCATION}/ROOT.20260713T0100 - - -
2026-08-08T23:30:29-0400 delete_target success /{TARGET_LOCATION}/ROOT.20260713T0100 - - -
2026-08-08T23:30:29-0400 delete_target starting /{TARGET_LOCATION}/ROOT.20260713T0130 - - -
2026-08-08T23:30:29-0400 delete_target success /{TARGET_LOCATION}/ROOT.20260713T0130 - - -
2026-08-08T23:30:29-0400 delete_target starting /{TARGET_LOCATION}/ROOT.20260713T0200 - - -
2026-08-08T23:30:29-0400 delete_target success /{TARGET_LOCATION}/ROOT.20260713T0200 - - -
2026-08-08T23:30:29-0400 delete_target starting /{TARGET_LOCATION}/ROOT.20260713T0230 - - -
2026-08-08T23:30:29-0400 delete_target success /{TARGET_LOCATION}/ROOT.20260713T0230 - - -
2026-08-08T23:30:29-0400 delete_target starting /{TARGET_LOCATION}/ROOT.20260713T0300 - - -
2026-08-08T23:30:29-0400 delete_target success /{TARGET_LOCATION}/ROOT.20260713T0300 - - -
2026-08-08T23:30:29-0400 delete_target starting /{TARGET_LOCATION}/ROOT.20260713T0330 - - -
2026-08-08T23:30:29-0400 delete_target success /{TARGET_LOCATION}/ROOT.20260713T0330 - - -
2026-08-08T23:30:29-0400 delete_target starting /{TARGET_LOCATION}/ROOT.20260713T0400 - - -
2026-08-08T23:30:29-0400 delete_target success /{TARGET_LOCATION}/ROOT.20260713T0400 - - -
2026-08-08T23:30:29-0400 delete_target starting /{TARGET_LOCATION}/ROOT.20260713T0430 - - -
2026-08-08T23:30:29-0400 delete_target success /{TARGET_LOCATION}/ROOT.20260713T0430 - - -
2026-08-08T23:30:29-0400 delete_target starting /{TARGET_LOCATION}/ROOT.20260713T0500 - - -
2026-08-08T23:30:29-0400 delete_target success /{TARGET_LOCATION}/ROOT.20260713T0500 - - -
2026-08-08T23:30:29-0400 delete_target starting /{TARGET_LOCATION}/ROOT.20260713T0530 - - -
2026-08-08T23:30:29-0400 delete_target success /{TARGET_LOCATION}/ROOT.20260713T0530 - - -
2026-08-08T23:30:29-0400 delete_target starting /{TARGET_LOCATION}/ROOT.20260713T0600 - - -
2026-08-08T23:30:29-0400 delete_target success /{TARGET_LOCATION}/ROOT.20260713T0600 - - -
2026-08-08T23:30:29-0400 delete_target starting /{TARGET_LOCATION}/ROOT.20260713T0630 - - -
2026-08-08T23:30:29-0400 delete_target success /{TARGET_LOCATION}/ROOT.20260713T0630 - - -
2026-08-08T23:30:29-0400 delete_target starting /{TARGET_LOCATION}/ROOT.20260713T0700 - - -
2026-08-08T23:30:29-0400 delete_target success /{TARGET_LOCATION}/ROOT.20260713T0700 - - -
2026-08-08T23:30:29-0400 delete_target starting /{TARGET_LOCATION}/ROOT.20260713T0730 - - -
2026-08-08T23:30:29-0400 delete_target success /{TARGET_LOCATION}/ROOT.20260713T0730 - - -
2026-08-08T23:30:29-0400 delete_target starting /{TARGET_LOCATION}/ROOT.20260713T0800 - - -
2026-08-08T23:30:29-0400 delete_target success /{TARGET_LOCATION}/ROOT.20260713T0800 - - -
2026-08-08T23:30:29-0400 delete_target starting /{TARGET_LOCATION}/ROOT.20260713T0830 - - -
2026-08-08T23:30:29-0400 delete_target success /{TARGET_LOCATION}/ROOT.20260713T0830 - - -
2026-08-08T23:30:29-0400 delete_target starting /{TARGET_LOCATION}/ROOT.20260713T0900 - - -
2026-08-08T23:30:29-0400 delete_target success /{TARGET_LOCATION}/ROOT.20260713T0900 - - -
2026-08-08T23:30:29-0400 delete_target starting /{TARGET_LOCATION}/ROOT.20260713T0930 - - -
2026-08-08T23:30:29-0400 delete_target success /{TARGET_LOCATION}/ROOT.20260713T0930 - - -
2026-08-08T23:30:29-0400 delete_target starting /{TARGET_LOCATION}/ROOT.20260713T1000 - - -
2026-08-08T23:30:29-0400 delete_target success /{TARGET_LOCATION}/ROOT.20260713T1000 - - -
2026-08-08T23:30:29-0400 delete_target starting /{TARGET_LOCATION}/ROOT.20260713T1030 - - -
2026-08-08T23:30:29-0400 delete_target success /{TARGET_LOCATION}/ROOT.20260713T1030 - - -
2026-08-08T23:30:29-0400 delete_target starting /{TARGET_LOCATION}/ROOT.20260713T1100 - - -
2026-08-08T23:30:29-0400 delete_target success /{TARGET_LOCATION}/ROOT.20260713T1100 - - -
2026-08-08T23:30:29-0400 delete_target starting /{TARGET_LOCATION}/ROOT.20260713T1130 - - -
2026-08-08T23:30:29-0400 delete_target success /{TARGET_LOCATION}/ROOT.20260713T1130 - - -
2026-08-08T23:30:29-0400 delete_target starting /{TARGET_LOCATION}/ROOT.20260713T1200 - - -
2026-08-08T23:30:29-0400 delete_target success /{TARGET_LOCATION}/ROOT.20260713T1200 - - -
2026-08-08T23:30:29-0400 delete_target starting /{TARGET_LOCATION}/ROOT.20260713T1230 - - -
2026-08-08T23:30:29-0400 delete_target success /{TARGET_LOCATION}/ROOT.20260713T1230 - - -
2026-08-08T23:30:29-0400 delete_target starting /{TARGET_LOCATION}/ROOT.20260713T1300 - - -
2026-08-08T23:30:29-0400 delete_target success /{TARGET_LOCATION}/ROOT.20260713T1300 - - -
2026-08-08T23:30:29-0400 delete_target starting /{TARGET_LOCATION}/ROOT.20260713T1330 - - -
2026-08-08T23:30:29-0400 delete_target success /{TARGET_LOCATION}/ROOT.20260713T1330 - - -
2026-08-08T23:30:29-0400 delete_target starting /{TARGET_LOCATION}/ROOT.20260713T1400 - - -
2026-08-08T23:30:29-0400 delete_target success /{TARGET_LOCATION}/ROOT.20260713T1400 - - -
2026-08-08T23:30:29-0400 delete_target starting /{TARGET_LOCATION}/ROOT.20260713T1430 - - -
2026-08-08T23:30:29-0400 delete_target success /{TARGET_LOCATION}/ROOT.20260713T1430 - - -
2026-08-08T23:30:29-0400 delete_target starting /{TARGET_LOCATION}/ROOT.20260713T1500 - - -
2026-08-08T23:30:29-0400 delete_target success /{TARGET_LOCATION}/ROOT.20260713T1500 - - -
2026-08-08T23:30:29-0400 delete_target starting /{TARGET_LOCATION}/ROOT.20260713T1530 - - -
2026-08-08T23:30:29-0400 delete_target success /{TARGET_LOCATION}/ROOT.20260713T1530 - - -
2026-08-08T23:30:29-0400 delete_target starting /{TARGET_LOCATION}/ROOT.20260713T1600 - - -
2026-08-08T23:30:29-0400 delete_target success /{TARGET_LOCATION}/ROOT.20260713T1600 - - -
2026-08-08T23:30:29-0400 delete_target starting /{TARGET_LOCATION}/ROOT.20260713T1630 - - -
2026-08-08T23:30:29-0400 delete_target success /{TARGET_LOCATION}/ROOT.20260713T1630 - - -
2026-08-08T23:30:29-0400 delete_target starting /{TARGET_LOCATION}/ROOT.20260713T1700 - - -
2026-08-08T23:30:29-0400 delete_target success /{TARGET_LOCATION}/ROOT.20260713T1700 - - -
2026-08-08T23:30:29-0400 delete_target starting /{TARGET_LOCATION}/ROOT.20260713T1730 - - -
2026-08-08T23:30:29-0400 delete_target success /{TARGET_LOCATION}/ROOT.20260713T1730 - - -
2026-08-08T23:30:29-0400 delete_target starting /{TARGET_LOCATION}/ROOT.20260713T1800 - - -
2026-08-08T23:30:29-0400 delete_target success /{TARGET_LOCATION}/ROOT.20260713T1800 - - -
2026-08-08T23:30:29-0400 delete_target starting /{TARGET_LOCATION}/ROOT.20260713T1830 - - -
2026-08-08T23:30:29-0400 delete_target success /{TARGET_LOCATION}/ROOT.20260713T1830 - - -
2026-08-08T23:30:29-0400 delete_target starting /{TARGET_LOCATION}/ROOT.20260713T1900 - - -
2026-08-08T23:30:29-0400 delete_target success /{TARGET_LOCATION}/ROOT.20260713T1900 - - -
2026-08-08T23:30:29-0400 delete_target starting /{TARGET_LOCATION}/ROOT.20260713T1930 - - -
2026-08-08T23:30:29-0400 delete_target success /{TARGET_LOCATION}/ROOT.20260713T1930 - - -
2026-08-08T23:30:29-0400 delete_target starting /{TARGET_LOCATION}/ROOT.20260713T2000 - - -
2026-08-08T23:30:29-0400 delete_target success /{TARGET_LOCATION}/ROOT.20260713T2000 - - -
2026-08-08T23:30:29-0400 delete_target starting /{TARGET_LOCATION}/ROOT.20260713T2030 - - -
2026-08-08T23:30:29-0400 delete_target success /{TARGET_LOCATION}/ROOT.20260713T2030 - - -
2026-08-08T23:30:29-0400 delete_target starting /{TARGET_LOCATION}/ROOT.20260713T2100 - - -
2026-08-08T23:30:29-0400 delete_target success /{TARGET_LOCATION}/ROOT.20260713T2100 - - -
2026-08-08T23:30:29-0400 delete_target starting /{TARGET_LOCATION}/ROOT.20260713T2130 - - -
2026-08-08T23:30:29-0400 delete_target success /{TARGET_LOCATION}/ROOT.20260713T2130 - - -
2026-08-08T23:30:29-0400 delete_target starting /{TARGET_LOCATION}/ROOT.20260713T2200 - - -
2026-08-08T23:30:29-0400 delete_target success /{TARGET_LOCATION}/ROOT.20260713T2200 - - -
2026-08-08T23:30:29-0400 delete_target starting /{TARGET_LOCATION}/ROOT.20260713T2230 - - -
2026-08-08T23:30:29-0400 delete_target success /{TARGET_LOCATION}/ROOT.20260713T2230 - - -
2026-08-08T23:30:29-0400 delete_target starting /{TARGET_LOCATION}/ROOT.20260713T2300 - - -
2026-08-08T23:30:29-0400 delete_target success /{TARGET_LOCATION}/ROOT.20260713T2300 - - -
2026-08-08T23:30:29-0400 delete_target starting /{TARGET_LOCATION}/ROOT.20260713T2330 - - -
2026-08-08T23:30:29-0400 delete_target success /{TARGET_LOCATION}/ROOT.20260713T2330 - - -
2026-08-08T23:30:29-0400 delete_target starting /{TARGET_LOCATION}/ROOT.20260714T0000 - - -
2026-08-08T23:30:30-0400 delete_target success /{TARGET_LOCATION}/ROOT.20260714T0000 - - -
2026-08-08T23:30:30-0400 delete_target starting /{TARGET_LOCATION}/ROOT.20260714T0030 - - -
2026-08-08T23:30:30-0400 delete_target success /{TARGET_LOCATION}/ROOT.20260714T0030 - - -
2026-08-08T23:30:30-0400 delete_target starting /{TARGET_LOCATION}/ROOT.20260714T0100 - - -
2026-08-08T23:30:30-0400 delete_target success /{TARGET_LOCATION}/ROOT.20260714T0100 - - -
2026-08-08T23:30:30-0400 delete_target starting /{TARGET_LOCATION}/ROOT.20260714T0130 - - -
2026-08-08T23:30:30-0400 delete_target success /{TARGET_LOCATION}/ROOT.20260714T0130 - - -
2026-08-08T23:30:30-0400 delete_target starting /{TARGET_LOCATION}/ROOT.20260714T0200 - - -
2026-08-08T23:30:30-0400 delete_target success /{TARGET_LOCATION}/ROOT.20260714T0200 - - -
2026-08-08T23:30:30-0400 delete_target starting /{TARGET_LOCATION}/ROOT.20260714T0230 - - -
2026-08-08T23:30:30-0400 delete_target success /{TARGET_LOCATION}/ROOT.20260714T0230 - - -
2026-08-08T23:30:30-0400 delete_target starting /{TARGET_LOCATION}/ROOT.20260714T0300 - - -
2026-08-08T23:30:30-0400 delete_target success /{TARGET_LOCATION}/ROOT.20260714T0300 - - -
2026-08-08T23:30:30-0400 delete_target starting /{TARGET_LOCATION}/ROOT.20260714T0330 - - -
2026-08-08T23:30:30-0400 delete_target success /{TARGET_LOCATION}/ROOT.20260714T0330 - - -
2026-08-08T23:30:30-0400 delete_target starting /{TARGET_LOCATION}/ROOT.20260714T0400 - - -
2026-08-08T23:30:30-0400 delete_target success /{TARGET_LOCATION}/ROOT.20260714T0400 - - -
2026-08-08T23:30:30-0400 delete_target starting /{TARGET_LOCATION}/ROOT.20260714T0430 - - -
2026-08-08T23:30:30-0400 delete_target success /{TARGET_LOCATION}/ROOT.20260714T0430 - - -
2026-08-08T23:30:30-0400 delete_target starting /{TARGET_LOCATION}/ROOT.20260714T0500 - - -
2026-08-08T23:30:30-0400 delete_target success /{TARGET_LOCATION}/ROOT.20260714T0500 - - -
2026-08-08T23:30:30-0400 delete_target starting /{TARGET_LOCATION}/ROOT.20260714T0530 - - -
2026-08-08T23:30:30-0400 delete_target success /{TARGET_LOCATION}/ROOT.20260714T0530 - - -
2026-08-08T23:30:30-0400 delete_target starting /{TARGET_LOCATION}/ROOT.20260714T0600 - - -
2026-08-08T23:30:30-0400 delete_target success /{TARGET_LOCATION}/ROOT.20260714T0600 - - -
2026-08-08T23:30:30-0400 delete_target starting /{TARGET_LOCATION}/ROOT.20260714T0630 - - -
2026-08-08T23:30:30-0400 delete_target success /{TARGET_LOCATION}/ROOT.20260714T0630 - - -
2026-08-08T23:30:30-0400 delete_target starting /{TARGET_LOCATION}/ROOT.20260714T0700 - - -
2026-08-08T23:30:30-0400 delete_target success /{TARGET_LOCATION}/ROOT.20260714T0700 - - -
2026-08-08T23:30:30-0400 delete_target starting /{TARGET_LOCATION}/ROOT.20260714T0730 - - -
2026-08-08T23:30:30-0400 delete_target success /{TARGET_LOCATION}/ROOT.20260714T0730 - - -
2026-08-08T23:30:30-0400 delete_target starting /{TARGET_LOCATION}/ROOT.20260714T0800 - - -
2026-08-08T23:30:30-0400 delete_target success /{TARGET_LOCATION}/ROOT.20260714T0800 - - -
2026-08-08T23:30:30-0400 delete_target starting /{TARGET_LOCATION}/ROOT.20260714T0830 - - -
2026-08-08T23:30:30-0400 delete_target success /{TARGET_LOCATION}/ROOT.20260714T0830 - - -
2026-08-08T23:30:30-0400 delete_target starting /{TARGET_LOCATION}/ROOT.20260714T0900 - - -
2026-08-08T23:30:30-0400 delete_target success /{TARGET_LOCATION}/ROOT.20260714T0900 - - -
2026-08-08T23:30:30-0400 delete_target starting /{TARGET_LOCATION}/ROOT.20260714T0930 - - -
2026-08-08T23:30:30-0400 delete_target success /{TARGET_LOCATION}/ROOT.20260714T0930 - - -
2026-08-08T23:30:30-0400 delete_target starting /{TARGET_LOCATION}/ROOT.20260714T1000 - - -
2026-08-08T23:30:30-0400 delete_target success /{TARGET_LOCATION}/ROOT.20260714T1000 - - -
2026-08-08T23:30:30-0400 delete_target starting /{TARGET_LOCATION}/ROOT.20260714T1030 - - -
2026-08-08T23:30:30-0400 delete_target success /{TARGET_LOCATION}/ROOT.20260714T1030 - - -
2026-08-08T23:30:30-0400 delete_target starting /{TARGET_LOCATION}/ROOT.20260714T1100 - - -
2026-08-08T23:30:30-0400 delete_target success /{TARGET_LOCATION}/ROOT.20260714T1100 - - -
2026-08-08T23:30:30-0400 delete_target starting /{TARGET_LOCATION}/ROOT.20260714T1130 - - -
2026-08-08T23:30:30-0400 delete_target success /{TARGET_LOCATION}/ROOT.20260714T1130 - - -
2026-08-08T23:30:30-0400 delete_target starting /{TARGET_LOCATION}/ROOT.20260714T1200 - - -
2026-08-08T23:30:30-0400 delete_target success /{TARGET_LOCATION}/ROOT.20260714T1200 - - -
2026-08-08T23:30:30-0400 delete_target starting /{TARGET_LOCATION}/ROOT.20260714T1230 - - -
2026-08-08T23:30:30-0400 delete_target success /{TARGET_LOCATION}/ROOT.20260714T1230 - - -
2026-08-08T23:30:30-0400 delete_target starting /{TARGET_LOCATION}/ROOT.20260714T1300 - - -
2026-08-08T23:30:30-0400 delete_target success /{TARGET_LOCATION}/ROOT.20260714T1300 - - -
2026-08-08T23:30:30-0400 delete_target starting /{TARGET_LOCATION}/ROOT.20260714T1330 - - -
2026-08-08T23:30:30-0400 delete_target success /{TARGET_LOCATION}/ROOT.20260714T1330 - - -
2026-08-08T23:30:30-0400 delete_target starting /{TARGET_LOCATION}/ROOT.20260714T1400 - - -
2026-08-08T23:30:30-0400 delete_target success /{TARGET_LOCATION}/ROOT.20260714T1400 - - -
2026-08-08T23:30:30-0400 delete_target starting /{TARGET_LOCATION}/ROOT.20260714T1430 - - -
2026-08-08T23:30:30-0400 delete_target success /{TARGET_LOCATION}/ROOT.20260714T1430 - - -
2026-08-08T23:30:30-0400 delete_target starting /{TARGET_LOCATION}/ROOT.20260714T1500 - - -
2026-08-08T23:30:30-0400 delete_target success /{TARGET_LOCATION}/ROOT.20260714T1500 - - -
2026-08-08T23:30:30-0400 delete_target starting /{TARGET_LOCATION}/ROOT.20260714T1530 - - -
2026-08-08T23:30:30-0400 delete_target success /{TARGET_LOCATION}/ROOT.20260714T1530 - - -
2026-08-08T23:30:30-0400 delete_target starting /{TARGET_LOCATION}/ROOT.20260714T1600 - - -
2026-08-08T23:30:30-0400 delete_target success /{TARGET_LOCATION}/ROOT.20260714T1600 - - -
2026-08-08T23:30:30-0400 delete_target starting /{TARGET_LOCATION}/ROOT.20260714T1630 - - -
2026-08-08T23:30:30-0400 delete_target success /{TARGET_LOCATION}/ROOT.20260714T1630 - - -
2026-08-08T23:30:30-0400 delete_target starting /{TARGET_LOCATION}/ROOT.20260714T1700 - - -
2026-08-08T23:30:30-0400 delete_target success /{TARGET_LOCATION}/ROOT.20260714T1700 - - -
2026-08-08T23:30:30-0400 delete_target starting /{TARGET_LOCATION}/ROOT.20260714T1730 - - -
2026-08-08T23:30:30-0400 delete_target success /{TARGET_LOCATION}/ROOT.20260714T1730 - - -
2026-08-08T23:30:30-0400 delete_target starting /{TARGET_LOCATION}/ROOT.20260714T1800 - - -
2026-08-08T23:30:30-0400 delete_target success /{TARGET_LOCATION}/ROOT.20260714T1800 - - -
2026-08-08T23:30:30-0400 delete_target starting /{TARGET_LOCATION}/ROOT.20260714T1830 - - -
2026-08-08T23:30:30-0400 delete_target success /{TARGET_LOCATION}/ROOT.20260714T1830 - - -
2026-08-08T23:30:30-0400 delete_target starting /{TARGET_LOCATION}/ROOT.20260714T1900 - - -
2026-08-08T23:30:30-0400 delete_target success /{TARGET_LOCATION}/ROOT.20260714T1900 - - -
2026-08-08T23:30:30-0400 delete_target starting /{TARGET_LOCATION}/ROOT.20260714T1930 - - -
2026-08-08T23:30:30-0400 delete_target success /{TARGET_LOCATION}/ROOT.20260714T1930 - - -
2026-08-08T23:30:30-0400 delete_target starting /{TARGET_LOCATION}/ROOT.20260714T2000 - - -
2026-08-08T23:30:30-0400 delete_target success /{TARGET_LOCATION}/ROOT.20260714T2000 - - -
2026-08-08T23:30:30-0400 delete_target starting /{TARGET_LOCATION}/ROOT.20260714T2030 - - -
2026-08-08T23:30:30-0400 delete_target success /{TARGET_LOCATION}/ROOT.20260714T2030 - - -
2026-08-08T23:30:30-0400 delete_target starting /{TARGET_LOCATION}/ROOT.20260714T2100 - - -
2026-08-08T23:30:30-0400 delete_target success /{TARGET_LOCATION}/ROOT.20260714T2100 - - -
2026-08-08T23:30:30-0400 delete_target starting /{TARGET_LOCATION}/ROOT.20260714T2130 - - -
2026-08-08T23:30:30-0400 delete_target success /{TARGET_LOCATION}/ROOT.20260714T2130 - - -
2026-08-08T23:30:30-0400 delete_target starting /{TARGET_LOCATION}/ROOT.20260714T2200 - - -
2026-08-08T23:30:30-0400 delete_target success /{TARGET_LOCATION}/ROOT.20260714T2200 - - -
2026-08-08T23:30:30-0400 delete_target starting /{TARGET_LOCATION}/ROOT.20260714T2230 - - -
2026-08-08T23:30:30-0400 delete_target success /{TARGET_LOCATION}/ROOT.20260714T2230 - - -
2026-08-08T23:30:30-0400 delete_target starting /{TARGET_LOCATION}/ROOT.20260714T2300 - - -
2026-08-08T23:30:30-0400 delete_target success /{TARGET_LOCATION}/ROOT.20260714T2300 - - -
2026-08-08T23:30:30-0400 delete_target starting /{TARGET_LOCATION}/ROOT.20260714T2330 - - -
2026-08-08T23:30:30-0400 delete_target success /{TARGET_LOCATION}/ROOT.20260714T2330 - - -
2026-08-08T23:30:30-0400 delete_target starting /{TARGET_LOCATION}/ROOT.20260715T0000 - - -
2026-08-08T23:30:30-0400 delete_target success /{TARGET_LOCATION}/ROOT.20260715T0000 - - -
2026-08-08T23:30:30-0400 delete_target starting /{TARGET_LOCATION}/ROOT.20260715T0030 - - -
2026-08-08T23:30:30-0400 delete_target success /{TARGET_LOCATION}/ROOT.20260715T0030 - - -
2026-08-08T23:30:30-0400 delete_target starting /{TARGET_LOCATION}/ROOT.20260715T0100 - - -
2026-08-08T23:30:30-0400 delete_target success /{TARGET_LOCATION}/ROOT.20260715T0100 - - -
2026-08-08T23:30:30-0400 delete_target starting /{TARGET_LOCATION}/ROOT.20260715T0130 - - -
2026-08-08T23:30:30-0400 delete_target success /{TARGET_LOCATION}/ROOT.20260715T0130 - - -
2026-08-08T23:30:30-0400 delete_target starting /{TARGET_LOCATION}/ROOT.20260715T0200 - - -
2026-08-08T23:30:30-0400 delete_target success /{TARGET_LOCATION}/ROOT.20260715T0200 - - -
2026-08-08T23:30:30-0400 delete_target starting /{TARGET_LOCATION}/ROOT.20260715T0230 - - -
2026-08-08T23:30:30-0400 delete_target success /{TARGET_LOCATION}/ROOT.20260715T0230 - - -
2026-08-08T23:30:30-0400 delete_target starting /{TARGET_LOCATION}/ROOT.20260715T0300 - - -
2026-08-08T23:30:30-0400 delete_target success /{TARGET_LOCATION}/ROOT.20260715T0300 - - -
2026-08-08T23:30:30-0400 delete_target starting /{TARGET_LOCATION}/ROOT.20260715T0330 - - -
2026-08-08T23:30:30-0400 delete_target success /{TARGET_LOCATION}/ROOT.20260715T0330 - - -
2026-08-08T23:30:30-0400 delete_target starting /{TARGET_LOCATION}/ROOT.20260715T0400 - - -
2026-08-08T23:30:30-0400 delete_target success /{TARGET_LOCATION}/ROOT.20260715T0400 - - -
2026-08-08T23:30:30-0400 delete_target starting /{TARGET_LOCATION}/ROOT.20260715T0430 - - -
2026-08-08T23:30:30-0400 delete_target success /{TARGET_LOCATION}/ROOT.20260715T0430 - - -
2026-08-08T23:30:30-0400 delete_target starting /{TARGET_LOCATION}/ROOT.20260715T0500 - - -
2026-08-08T23:30:30-0400 delete_target success /{TARGET_LOCATION}/ROOT.20260715T0500 - - -
2026-08-08T23:30:30-0400 delete_target starting /{TARGET_LOCATION}/ROOT.20260715T0530 - - -
2026-08-08T23:30:30-0400 delete_target success /{TARGET_LOCATION}/ROOT.20260715T0530 - - -
2026-08-08T23:30:30-0400 delete_target starting /{TARGET_LOCATION}/ROOT.20260715T0600 - - -
2026-08-08T23:30:30-0400 delete_target success /{TARGET_LOCATION}/ROOT.20260715T0600 - - -
2026-08-08T23:30:30-0400 delete_target starting /{TARGET_LOCATION}/ROOT.20260715T0630 - - -
2026-08-08T23:30:30-0400 delete_target success /{TARGET_LOCATION}/ROOT.20260715T0630 - - -
2026-08-08T23:30:30-0400 delete_target starting /{TARGET_LOCATION}/ROOT.20260715T0700 - - -
2026-08-08T23:30:30-0400 delete_target success /{TARGET_LOCATION}/ROOT.20260715T0700 - - -
2026-08-08T23:30:30-0400 delete_target starting /{TARGET_LOCATION}/ROOT.20260715T0730 - - -
2026-08-08T23:30:30-0400 delete_target success /{TARGET_LOCATION}/ROOT.20260715T0730 - - -
2026-08-08T23:30:30-0400 delete_target starting /{TARGET_LOCATION}/ROOT.20260715T0800 - - -
2026-08-08T23:30:30-0400 delete_target success /{TARGET_LOCATION}/ROOT.20260715T0800 - - -
2026-08-08T23:30:30-0400 delete_target starting /{TARGET_LOCATION}/ROOT.20260715T0830 - - -
2026-08-08T23:30:30-0400 delete_target success /{TARGET_LOCATION}/ROOT.20260715T0830 - - -
2026-08-08T23:30:30-0400 delete_target starting /{TARGET_LOCATION}/ROOT.20260715T0900 - - -
2026-08-08T23:30:30-0400 delete_target success /{TARGET_LOCATION}/ROOT.20260715T0900 - - -
2026-08-08T23:30:30-0400 delete_target starting /{TARGET_LOCATION}/ROOT.20260715T0930 - - -
2026-08-08T23:30:30-0400 delete_target success /{TARGET_LOCATION}/ROOT.20260715T0930 - - -
2026-08-08T23:30:30-0400 delete_target starting /{TARGET_LOCATION}/ROOT.20260715T1000 - - -
2026-08-08T23:30:30-0400 delete_target success /{TARGET_LOCATION}/ROOT.20260715T1000 - - -
2026-08-08T23:30:30-0400 delete_target starting /{TARGET_LOCATION}/ROOT.20260715T1030 - - -
2026-08-08T23:30:30-0400 delete_target success /{TARGET_LOCATION}/ROOT.20260715T1030 - - -
2026-08-08T23:30:30-0400 delete_target starting /{TARGET_LOCATION}/ROOT.20260715T1100 - - -
2026-08-08T23:30:30-0400 delete_target success /{TARGET_LOCATION}/ROOT.20260715T1100 - - -
2026-08-08T23:30:30-0400 delete_target starting /{TARGET_LOCATION}/ROOT.20260715T1130 - - -
2026-08-08T23:30:30-0400 delete_target success /{TARGET_LOCATION}/ROOT.20260715T1130 - - -
2026-08-08T23:30:30-0400 delete_target starting /{TARGET_LOCATION}/ROOT.20260715T1200 - - -
2026-08-08T23:30:30-0400 delete_target success /{TARGET_LOCATION}/ROOT.20260715T1200 - - -
2026-08-08T23:30:30-0400 delete_target starting /{TARGET_LOCATION}/ROOT.20260715T1230 - - -
2026-08-08T23:30:30-0400 delete_target success /{TARGET_LOCATION}/ROOT.20260715T1230 - - -
2026-08-08T23:30:30-0400 delete_target starting /{TARGET_LOCATION}/ROOT.20260715T1300 - - -
2026-08-08T23:30:30-0400 delete_target success /{TARGET_LOCATION}/ROOT.20260715T1300 - - -
2026-08-08T23:30:30-0400 delete_target starting /{TARGET_LOCATION}/ROOT.20260715T1330 - - -
2026-08-08T23:30:30-0400 delete_target success /{TARGET_LOCATION}/ROOT.20260715T1330 - - -
2026-08-08T23:30:30-0400 delete_target starting /{TARGET_LOCATION}/ROOT.20260715T1400 - - -
2026-08-08T23:30:30-0400 delete_target success /{TARGET_LOCATION}/ROOT.20260715T1400 - - -
2026-08-08T23:30:30-0400 delete_target starting /{TARGET_LOCATION}/ROOT.20260715T1430 - - -
2026-08-08T23:30:30-0400 delete_target success /{TARGET_LOCATION}/ROOT.20260715T1430 - - -
2026-08-08T23:30:30-0400 delete_target starting /{TARGET_LOCATION}/ROOT.20260715T1500 - - -
2026-08-08T23:30:30-0400 delete_target success /{TARGET_LOCATION}/ROOT.20260715T1500 - - -
2026-08-08T23:30:30-0400 delete_target starting /{TARGET_LOCATION}/ROOT.20260715T1530 - - -
2026-08-08T23:30:30-0400 delete_target success /{TARGET_LOCATION}/ROOT.20260715T1530 - - -
2026-08-08T23:30:30-0400 delete_target starting /{TARGET_LOCATION}/ROOT.20260715T1600 - - -
2026-08-08T23:30:30-0400 delete_target success /{TARGET_LOCATION}/ROOT.20260715T1600 - - -
2026-08-08T23:30:30-0400 delete_target starting /{TARGET_LOCATION}/ROOT.20260715T1630 - - -
2026-08-08T23:30:30-0400 delete_target success /{TARGET_LOCATION}/ROOT.20260715T1630 - - -
2026-08-08T23:30:30-0400 delete_target starting /{TARGET_LOCATION}/ROOT.20260715T1700 - - -
2026-08-08T23:30:30-0400 delete_target success /{TARGET_LOCATION}/ROOT.20260715T1700 - - -
2026-08-08T23:30:30-0400 delete_target starting /{TARGET_LOCATION}/ROOT.20260715T1730 - - -
2026-08-08T23:30:30-0400 delete_target success /{TARGET_LOCATION}/ROOT.20260715T1730 - - -
2026-08-08T23:30:30-0400 delete_target starting /{TARGET_LOCATION}/ROOT.20260715T1800 - - -
2026-08-08T23:30:30-0400 delete_target success /{TARGET_LOCATION}/ROOT.20260715T1800 - - -
2026-08-08T23:30:30-0400 delete_target starting /{TARGET_LOCATION}/ROOT.20260715T1830 - - -
2026-08-08T23:30:30-0400 delete_target success /{TARGET_LOCATION}/ROOT.20260715T1830 - - -
2026-08-08T23:30:30-0400 delete_target starting /{TARGET_LOCATION}/ROOT.20260715T1900 - - -
2026-08-08T23:30:30-0400 delete_target success /{TARGET_LOCATION}/ROOT.20260715T1900 - - -
2026-08-08T23:30:30-0400 delete_target starting /{TARGET_LOCATION}/ROOT.20260715T1930 - - -
2026-08-08T23:30:30-0400 delete_target success /{TARGET_LOCATION}/ROOT.20260715T1930 - - -
2026-08-08T23:30:30-0400 delete_target starting /{TARGET_LOCATION}/ROOT.20260715T2000 - - -
2026-08-08T23:30:30-0400 delete_target success /{TARGET_LOCATION}/ROOT.20260715T2000 - - -
2026-08-08T23:30:30-0400 delete_target starting /{TARGET_LOCATION}/ROOT.20260715T2030 - - -
2026-08-08T23:30:30-0400 delete_target success /{TARGET_LOCATION}/ROOT.20260715T2030 - - -
2026-08-08T23:30:30-0400 delete_target starting /{TARGET_LOCATION}/ROOT.20260715T2100 - - -
2026-08-08T23:30:30-0400 delete_target success /{TARGET_LOCATION}/ROOT.20260715T2100 - - -
2026-08-08T23:30:30-0400 delete_target starting /{TARGET_LOCATION}/ROOT.20260715T2130 - - -
2026-08-08T23:30:30-0400 delete_target success /{TARGET_LOCATION}/ROOT.20260715T2130 - - -
2026-08-08T23:30:30-0400 delete_target starting /{TARGET_LOCATION}/ROOT.20260715T2200 - - -
2026-08-08T23:30:30-0400 delete_target success /{TARGET_LOCATION}/ROOT.20260715T2200 - - -
2026-08-08T23:30:30-0400 delete_target starting /{TARGET_LOCATION}/ROOT.20260715T2230 - - -
2026-08-08T23:30:30-0400 delete_target success /{TARGET_LOCATION}/ROOT.20260715T2230 - - -
2026-08-08T23:30:30-0400 delete_target starting /{TARGET_LOCATION}/ROOT.20260715T2300 - - -
2026-08-08T23:30:30-0400 delete_target success /{TARGET_LOCATION}/ROOT.20260715T2300 - - -
2026-08-08T23:30:30-0400 delete_target starting /{TARGET_LOCATION}/ROOT.20260715T2330 - - -
2026-08-08T23:30:30-0400 delete_target success /{TARGET_LOCATION}/ROOT.20260715T2330 - - -
2026-08-08T23:30:30-0400 delete_target starting /{TARGET_LOCATION}/ROOT.20260716T0000 - - -
2026-08-08T23:30:30-0400 delete_target success /{TARGET_LOCATION}/ROOT.20260716T0000 - - -
2026-08-08T23:30:30-0400 delete_target starting /{TARGET_LOCATION}/ROOT.20260716T0030 - - -
2026-08-08T23:30:30-0400 delete_target success /{TARGET_LOCATION}/ROOT.20260716T0030 - - -
2026-08-08T23:30:30-0400 delete_target starting /{TARGET_LOCATION}/ROOT.20260716T0100 - - -
2026-08-08T23:30:30-0400 delete_target success /{TARGET_LOCATION}/ROOT.20260716T0100 - - -
2026-08-08T23:30:30-0400 delete_target starting /{TARGET_LOCATION}/ROOT.20260716T0130 - - -
2026-08-08T23:30:30-0400 delete_target success /{TARGET_LOCATION}/ROOT.20260716T0130 - - -
2026-08-08T23:30:30-0400 delete_target starting /{TARGET_LOCATION}/ROOT.20260716T0200 - - -
2026-08-08T23:30:30-0400 delete_target success /{TARGET_LOCATION}/ROOT.20260716T0200 - - -
2026-08-08T23:30:30-0400 delete_target starting /{TARGET_LOCATION}/ROOT.20260716T0230 - - -
2026-08-08T23:30:30-0400 delete_target success /{TARGET_LOCATION}/ROOT.20260716T0230 - - -
2026-08-08T23:30:30-0400 delete_target starting /{TARGET_LOCATION}/ROOT.20260716T0300 - - -
2026-08-08T23:30:30-0400 delete_target success /{TARGET_LOCATION}/ROOT.20260716T0300 - - -
2026-08-08T23:30:30-0400 delete_target starting /{TARGET_LOCATION}/ROOT.20260716T0330 - - -
2026-08-08T23:30:30-0400 delete_target success /{TARGET_LOCATION}/ROOT.20260716T0330 - - -
2026-08-08T23:30:30-0400 delete_target starting /{TARGET_LOCATION}/ROOT.20260716T0400 - - -
2026-08-08T23:30:30-0400 delete_target success /{TARGET_LOCATION}/ROOT.20260716T0400 - - -
2026-08-08T23:30:30-0400 delete_target starting /{TARGET_LOCATION}/ROOT.20260716T0430 - - -
2026-08-08T23:30:30-0400 delete_target success /{TARGET_LOCATION}/ROOT.20260716T0430 - - -
2026-08-08T23:30:30-0400 delete_target starting /{TARGET_LOCATION}/ROOT.20260716T0500 - - -
2026-08-08T23:30:30-0400 delete_target success /{TARGET_LOCATION}/ROOT.20260716T0500 - - -
2026-08-08T23:30:30-0400 delete_target starting /{TARGET_LOCATION}/ROOT.20260716T0530 - - -
2026-08-08T23:30:30-0400 delete_target success /{TARGET_LOCATION}/ROOT.20260716T0530 - - -
2026-08-08T23:30:30-0400 delete_target starting /{TARGET_LOCATION}/ROOT.20260716T0600 - - -
2026-08-08T23:30:30-0400 delete_target success /{TARGET_LOCATION}/ROOT.20260716T0600 - - -
2026-08-08T23:30:30-0400 delete_target starting /{TARGET_LOCATION}/ROOT.20260716T0630 - - -
2026-08-08T23:30:30-0400 delete_target success /{TARGET_LOCATION}/ROOT.20260716T0630 - - -
2026-08-08T23:30:30-0400 delete_target starting /{TARGET_LOCATION}/ROOT.20260716T0700 - - -
2026-08-08T23:30:30-0400 delete_target success /{TARGET_LOCATION}/ROOT.20260716T0700 - - -
2026-08-08T23:30:30-0400 delete_target starting /{TARGET_LOCATION}/ROOT.20260716T0730 - - -
2026-08-08T23:30:30-0400 delete_target success /{TARGET_LOCATION}/ROOT.20260716T0730 - - -
2026-08-08T23:30:30-0400 delete_target starting /{TARGET_LOCATION}/ROOT.20260716T0800 - - -
2026-08-08T23:30:30-0400 delete_target success /{TARGET_LOCATION}/ROOT.20260716T0800 - - -
2026-08-08T23:30:30-0400 delete_target starting /{TARGET_LOCATION}/ROOT.20260716T0830 - - -
2026-08-08T23:30:30-0400 delete_target success /{TARGET_LOCATION}/ROOT.20260716T0830 - - -
2026-08-08T23:30:30-0400 delete_target starting /{TARGET_LOCATION}/ROOT.20260716T0900 - - -
2026-08-08T23:30:30-0400 delete_target success /{TARGET_LOCATION}/ROOT.20260716T0900 - - -
2026-08-08T23:30:30-0400 delete_target starting /{TARGET_LOCATION}/ROOT.20260716T0930 - - -
2026-08-08T23:30:30-0400 delete_target success /{TARGET_LOCATION}/ROOT.20260716T0930 - - -
2026-08-08T23:30:30-0400 delete_target starting /{TARGET_LOCATION}/ROOT.20260716T1000 - - -
2026-08-08T23:30:30-0400 delete_target success /{TARGET_LOCATION}/ROOT.20260716T1000 - - -
2026-08-08T23:30:30-0400 delete_target starting /{TARGET_LOCATION}/ROOT.20260716T1030 - - -
2026-08-08T23:30:30-0400 delete_target success /{TARGET_LOCATION}/ROOT.20260716T1030 - - -
2026-08-08T23:30:30-0400 delete_target starting /{TARGET_LOCATION}/ROOT.20260716T1100 - - -
2026-08-08T23:30:30-0400 delete_target success /{TARGET_LOCATION}/ROOT.20260716T1100 - - -
2026-08-08T23:30:30-0400 delete_target starting /{TARGET_LOCATION}/ROOT.20260716T1130 - - -
2026-08-08T23:30:30-0400 delete_target success /{TARGET_LOCATION}/ROOT.20260716T1130 - - -
2026-08-08T23:30:30-0400 delete_target starting /{TARGET_LOCATION}/ROOT.20260716T1200 - - -
2026-08-08T23:30:30-0400 delete_target success /{TARGET_LOCATION}/ROOT.20260716T1200 - - -
2026-08-08T23:30:30-0400 delete_target starting /{TARGET_LOCATION}/ROOT.20260716T1230 - - -
2026-08-08T23:30:30-0400 delete_target success /{TARGET_LOCATION}/ROOT.20260716T1230 - - -
2026-08-08T23:30:30-0400 delete_target starting /{TARGET_LOCATION}/ROOT.20260716T1300 - - -
2026-08-08T23:30:30-0400 delete_target success /{TARGET_LOCATION}/ROOT.20260716T1300 - - -
2026-08-08T23:30:30-0400 delete_target starting /{TARGET_LOCATION}/ROOT.20260716T1330 - - -
2026-08-08T23:30:30-0400 delete_target success /{TARGET_LOCATION}/ROOT.20260716T1330 - - -
2026-08-08T23:30:30-0400 delete_target starting /{TARGET_LOCATION}/ROOT.20260716T1400 - - -
2026-08-08T23:30:30-0400 delete_target success /{TARGET_LOCATION}/ROOT.20260716T1400 - - -
2026-08-08T23:30:30-0400 delete_target starting /{TARGET_LOCATION}/ROOT.20260716T1430 - - -
2026-08-08T23:30:30-0400 delete_target success /{TARGET_LOCATION}/ROOT.20260716T1430 - - -
2026-08-08T23:30:30-0400 delete_target starting /{TARGET_LOCATION}/ROOT.20260716T1500 - - -
2026-08-08T23:30:30-0400 delete_target success /{TARGET_LOCATION}/ROOT.20260716T1500 - - -
2026-08-08T23:30:30-0400 delete_target starting /{TARGET_LOCATION}/ROOT.20260716T1530 - - -
2026-08-08T23:30:30-0400 delete_target success /{TARGET_LOCATION}/ROOT.20260716T1530 - - -
2026-08-08T23:30:30-0400 delete_target starting /{TARGET_LOCATION}/ROOT.20260716T1600 - - -
2026-08-08T23:30:30-0400 delete_target success /{TARGET_LOCATION}/ROOT.20260716T1600 - - -
2026-08-08T23:30:31-0400 delete_target starting /{TARGET_LOCATION}/ROOT.20260716T1630 - - -
2026-08-08T23:30:31-0400 delete_target success /{TARGET_LOCATION}/ROOT.20260716T1630 - - -
2026-08-08T23:30:31-0400 delete_target starting /{TARGET_LOCATION}/ROOT.20260716T1700 - - -
2026-08-08T23:30:31-0400 delete_target success /{TARGET_LOCATION}/ROOT.20260716T1700 - - -
2026-08-08T23:30:31-0400 delete_target starting /{TARGET_LOCATION}/ROOT.20260716T1730 - - -
2026-08-08T23:30:31-0400 delete_target success /{TARGET_LOCATION}/ROOT.20260716T1730 - - -
2026-08-08T23:30:31-0400 delete_target starting /{TARGET_LOCATION}/ROOT.20260716T1800 - - -
2026-08-08T23:30:31-0400 delete_target success /{TARGET_LOCATION}/ROOT.20260716T1800 - - -
2026-08-08T23:30:31-0400 delete_target starting /{TARGET_LOCATION}/ROOT.20260716T1830 - - -
2026-08-08T23:30:31-0400 delete_target success /{TARGET_LOCATION}/ROOT.20260716T1830 - - -
2026-08-08T23:30:31-0400 delete_target starting /{TARGET_LOCATION}/ROOT.20260716T1900 - - -
2026-08-08T23:30:31-0400 delete_target success /{TARGET_LOCATION}/ROOT.20260716T1900 - - -
2026-08-08T23:30:31-0400 delete_target starting /{TARGET_LOCATION}/ROOT.20260716T1930 - - -
2026-08-08T23:30:31-0400 delete_target success /{TARGET_LOCATION}/ROOT.20260716T1930 - - -
2026-08-08T23:30:31-0400 delete_target starting /{TARGET_LOCATION}/ROOT.20260716T2000 - - -
2026-08-08T23:30:31-0400 delete_target success /{TARGET_LOCATION}/ROOT.20260716T2000 - - -
2026-08-08T23:30:31-0400 delete_target starting /{TARGET_LOCATION}/ROOT.20260716T2030 - - -
2026-08-08T23:30:31-0400 delete_target success /{TARGET_LOCATION}/ROOT.20260716T2030 - - -
2026-08-08T23:30:31-0400 delete_target starting /{TARGET_LOCATION}/ROOT.20260716T2100 - - -
2026-08-08T23:30:31-0400 delete_target success /{TARGET_LOCATION}/ROOT.20260716T2100 - - -
2026-08-08T23:30:31-0400 delete_target starting /{TARGET_LOCATION}/ROOT.20260716T2130 - - -
2026-08-08T23:30:31-0400 delete_target success /{TARGET_LOCATION}/ROOT.20260716T2130 - - -
2026-08-08T23:30:31-0400 delete_target starting /{TARGET_LOCATION}/ROOT.20260716T2200 - - -
2026-08-08T23:30:31-0400 delete_target success /{TARGET_LOCATION}/ROOT.20260716T2200 - - -
2026-08-08T23:30:31-0400 delete_target starting /{TARGET_LOCATION}/ROOT.20260716T2230 - - -
2026-08-08T23:30:31-0400 delete_target success /{TARGET_LOCATION}/ROOT.20260716T2230 - - -
2026-08-08T23:30:31-0400 delete_target starting /{TARGET_LOCATION}/ROOT.20260716T2300 - - -
2026-08-08T23:30:31-0400 delete_target success /{TARGET_LOCATION}/ROOT.20260716T2300 - - -
2026-08-08T23:30:31-0400 delete_target starting /{TARGET_LOCATION}/ROOT.20260716T2330 - - -
2026-08-08T23:30:31-0400 delete_target success /{TARGET_LOCATION}/ROOT.20260716T2330 - - -
2026-08-08T23:30:31-0400 delete_target starting /{TARGET_LOCATION}/ROOT.20260717T0000 - - -
2026-08-08T23:30:31-0400 delete_target success /{TARGET_LOCATION}/ROOT.20260717T0000 - - -
2026-08-08T23:30:31-0400 delete_target starting /{TARGET_LOCATION}/ROOT.20260717T0030 - - -
2026-08-08T23:30:31-0400 delete_target success /{TARGET_LOCATION}/ROOT.20260717T0030 - - -
2026-08-08T23:30:31-0400 delete_target starting /{TARGET_LOCATION}/ROOT.20260717T0100 - - -
2026-08-08T23:30:31-0400 delete_target success /{TARGET_LOCATION}/ROOT.20260717T0100 - - -
2026-08-08T23:30:31-0400 delete_target starting /{TARGET_LOCATION}/ROOT.20260717T0130 - - -
2026-08-08T23:30:31-0400 delete_target success /{TARGET_LOCATION}/ROOT.20260717T0130 - - -
2026-08-08T23:30:31-0400 delete_target starting /{TARGET_LOCATION}/ROOT.20260717T0200 - - -
2026-08-08T23:30:31-0400 delete_target success /{TARGET_LOCATION}/ROOT.20260717T0200 - - -
2026-08-08T23:30:31-0400 delete_target starting /{TARGET_LOCATION}/ROOT.20260717T0230 - - -
2026-08-08T23:30:31-0400 delete_target success /{TARGET_LOCATION}/ROOT.20260717T0230 - - -
2026-08-08T23:30:31-0400 delete_target starting /{TARGET_LOCATION}/ROOT.20260717T0300 - - -
2026-08-08T23:30:31-0400 delete_target success /{TARGET_LOCATION}/ROOT.20260717T0300 - - -
2026-08-08T23:30:31-0400 delete_target starting /{TARGET_LOCATION}/ROOT.20260717T0330 - - -
2026-08-08T23:30:31-0400 delete_target success /{TARGET_LOCATION}/ROOT.20260717T0330 - - -
2026-08-08T23:30:31-0400 delete_target starting /{TARGET_LOCATION}/ROOT.20260717T0400 - - -
2026-08-08T23:30:31-0400 delete_target success /{TARGET_LOCATION}/ROOT.20260717T0400 - - -
2026-08-08T23:30:31-0400 delete_target starting /{TARGET_LOCATION}/ROOT.20260717T0430 - - -
2026-08-08T23:30:31-0400 delete_target success /{TARGET_LOCATION}/ROOT.20260717T0430 - - -
2026-08-08T23:30:31-0400 delete_target starting /{TARGET_LOCATION}/ROOT.20260717T0500 - - -
2026-08-08T23:30:31-0400 delete_target success /{TARGET_LOCATION}/ROOT.20260717T0500 - - -
2026-08-08T23:30:31-0400 delete_target starting /{TARGET_LOCATION}/ROOT.20260717T0530 - - -
2026-08-08T23:30:31-0400 delete_target success /{TARGET_LOCATION}/ROOT.20260717T0530 - - -
2026-08-08T23:30:31-0400 delete_target starting /{TARGET_LOCATION}/ROOT.20260717T0600 - - -
2026-08-08T23:30:31-0400 delete_target success /{TARGET_LOCATION}/ROOT.20260717T0600 - - -
2026-08-08T23:30:31-0400 delete_target starting /{TARGET_LOCATION}/ROOT.20260717T0630 - - -
2026-08-08T23:30:31-0400 delete_target success /{TARGET_LOCATION}/ROOT.20260717T0630 - - -
2026-08-08T23:30:31-0400 delete_target starting /{TARGET_LOCATION}/ROOT.20260717T0700 - - -
2026-08-08T23:30:31-0400 delete_target success /{TARGET_LOCATION}/ROOT.20260717T0700 - - -
2026-08-08T23:30:31-0400 delete_target starting /{TARGET_LOCATION}/ROOT.20260717T0730 - - -
2026-08-08T23:30:31-0400 delete_target success /{TARGET_LOCATION}/ROOT.20260717T0730 - - -
2026-08-08T23:30:31-0400 delete_target starting /{TARGET_LOCATION}/ROOT.20260717T0800 - - -
2026-08-08T23:30:31-0400 delete_target success /{TARGET_LOCATION}/ROOT.20260717T0800 - - -
2026-08-08T23:30:31-0400 delete_target starting /{TARGET_LOCATION}/ROOT.20260717T0830 - - -
2026-08-08T23:30:31-0400 delete_target success /{TARGET_LOCATION}/ROOT.20260717T0830 - - -
2026-08-08T23:30:31-0400 delete_target starting /{TARGET_LOCATION}/ROOT.20260717T0900 - - -
2026-08-08T23:30:31-0400 delete_target success /{TARGET_LOCATION}/ROOT.20260717T0900 - - -
2026-08-08T23:30:31-0400 delete_target starting /{TARGET_LOCATION}/ROOT.20260717T0930 - - -
2026-08-08T23:30:31-0400 delete_target success /{TARGET_LOCATION}/ROOT.20260717T0930 - - -
2026-08-08T23:30:31-0400 delete_target starting /{TARGET_LOCATION}/ROOT.20260717T1000 - - -
2026-08-08T23:30:31-0400 delete_target success /{TARGET_LOCATION}/ROOT.20260717T1000 - - -
2026-08-08T23:30:31-0400 delete_target starting /{TARGET_LOCATION}/ROOT.20260717T1030 - - -
2026-08-08T23:30:31-0400 delete_target success /{TARGET_LOCATION}/ROOT.20260717T1030 - - -
2026-08-08T23:30:31-0400 delete_target starting /{TARGET_LOCATION}/ROOT.20260717T1100 - - -
2026-08-08T23:30:31-0400 delete_target success /{TARGET_LOCATION}/ROOT.20260717T1100 - - -
2026-08-08T23:30:31-0400 delete_target starting /{TARGET_LOCATION}/ROOT.20260717T1130 - - -
2026-08-08T23:30:31-0400 delete_target success /{TARGET_LOCATION}/ROOT.20260717T1130 - - -
2026-08-08T23:30:31-0400 delete_target starting /{TARGET_LOCATION}/ROOT.20260717T1200 - - -
2026-08-08T23:30:31-0400 delete_target success /{TARGET_LOCATION}/ROOT.20260717T1200 - - -
2026-08-08T23:30:31-0400 delete_target starting /{TARGET_LOCATION}/ROOT.20260717T1230 - - -
2026-08-08T23:30:31-0400 delete_target success /{TARGET_LOCATION}/ROOT.20260717T1230 - - -
2026-08-08T23:30:31-0400 delete_target starting /{TARGET_LOCATION}/ROOT.20260717T1300 - - -
2026-08-08T23:30:31-0400 delete_target success /{TARGET_LOCATION}/ROOT.20260717T1300 - - -
2026-08-08T23:30:31-0400 delete_target starting /{TARGET_LOCATION}/ROOT.20260717T1330 - - -
2026-08-08T23:30:31-0400 delete_target success /{TARGET_LOCATION}/ROOT.20260717T1330 - - -
2026-08-08T23:30:31-0400 delete_target starting /{TARGET_LOCATION}/ROOT.20260717T1400 - - -
2026-08-08T23:30:31-0400 delete_target success /{TARGET_LOCATION}/ROOT.20260717T1400 - - -
2026-08-08T23:30:31-0400 delete_target starting /{TARGET_LOCATION}/ROOT.20260717T1430 - - -
2026-08-08T23:30:31-0400 delete_target success /{TARGET_LOCATION}/ROOT.20260717T1430 - - -
2026-08-08T23:30:31-0400 delete_target starting /{TARGET_LOCATION}/ROOT.20260717T1500 - - -
2026-08-08T23:30:31-0400 delete_target success /{TARGET_LOCATION}/ROOT.20260717T1500 - - -
2026-08-08T23:30:31-0400 delete_target starting /{TARGET_LOCATION}/ROOT.20260717T1530 - - -
2026-08-08T23:30:31-0400 delete_target success /{TARGET_LOCATION}/ROOT.20260717T1530 - - -
2026-08-08T23:30:31-0400 delete_target starting /{TARGET_LOCATION}/ROOT.20260717T1600 - - -
2026-08-08T23:30:31-0400 delete_target success /{TARGET_LOCATION}/ROOT.20260717T1600 - - -
2026-08-08T23:30:31-0400 delete_target starting /{TARGET_LOCATION}/ROOT.20260717T1630 - - -
2026-08-08T23:30:31-0400 delete_target success /{TARGET_LOCATION}/ROOT.20260717T1630 - - -
2026-08-08T23:30:31-0400 delete_target starting /{TARGET_LOCATION}/ROOT.20260717T1700 - - -
2026-08-08T23:30:31-0400 delete_target success /{TARGET_LOCATION}/ROOT.20260717T1700 - - -
2026-08-08T23:30:31-0400 delete_target starting /{TARGET_LOCATION}/ROOT.20260717T1730 - - -
2026-08-08T23:30:31-0400 delete_target success /{TARGET_LOCATION}/ROOT.20260717T1730 - - -
2026-08-08T23:30:31-0400 delete_target starting /{TARGET_LOCATION}/ROOT.20260717T1800 - - -
2026-08-08T23:30:31-0400 delete_target success /{TARGET_LOCATION}/ROOT.20260717T1800 - - -
2026-08-08T23:30:31-0400 delete_target starting /{TARGET_LOCATION}/ROOT.20260717T1830 - - -
2026-08-08T23:30:31-0400 delete_target success /{TARGET_LOCATION}/ROOT.20260717T1830 - - -
2026-08-08T23:30:31-0400 delete_target starting /{TARGET_LOCATION}/ROOT.20260717T1900 - - -
2026-08-08T23:30:31-0400 delete_target success /{TARGET_LOCATION}/ROOT.20260717T1900 - - -
2026-08-08T23:30:31-0400 delete_target starting /{TARGET_LOCATION}/ROOT.20260717T1930 - - -
2026-08-08T23:30:31-0400 delete_target success /{TARGET_LOCATION}/ROOT.20260717T1930 - - -
2026-08-08T23:30:31-0400 delete_target starting /{TARGET_LOCATION}/ROOT.20260717T2000 - - -
2026-08-08T23:30:31-0400 delete_target success /{TARGET_LOCATION}/ROOT.20260717T2000 - - -
2026-08-08T23:30:31-0400 delete_target starting /{TARGET_LOCATION}/ROOT.20260717T2030 - - -
2026-08-08T23:30:31-0400 delete_target success /{TARGET_LOCATION}/ROOT.20260717T2030 - - -
2026-08-08T23:30:31-0400 delete_target starting /{TARGET_LOCATION}/ROOT.20260717T2100 - - -
2026-08-08T23:30:31-0400 delete_target success /{TARGET_LOCATION}/ROOT.20260717T2100 - - -
2026-08-08T23:30:31-0400 delete_target starting /{TARGET_LOCATION}/ROOT.20260717T2130 - - -
2026-08-08T23:30:31-0400 delete_target success /{TARGET_LOCATION}/ROOT.20260717T2130 - - -
2026-08-08T23:30:31-0400 delete_target starting /{TARGET_LOCATION}/ROOT.20260717T2200 - - -
2026-08-08T23:30:31-0400 delete_target success /{TARGET_LOCATION}/ROOT.20260717T2200 - - -
2026-08-08T23:30:31-0400 delete_target starting /{TARGET_LOCATION}/ROOT.20260717T2230 - - -
2026-08-08T23:30:31-0400 delete_target success /{TARGET_LOCATION}/ROOT.20260717T2230 - - -
2026-08-08T23:30:31-0400 delete_target starting /{TARGET_LOCATION}/ROOT.20260717T2300 - - -
2026-08-08T23:30:31-0400 delete_target success /{TARGET_LOCATION}/ROOT.20260717T2300 - - -
2026-08-08T23:30:31-0400 delete_target starting /{TARGET_LOCATION}/ROOT.20260717T2330 - - -
2026-08-08T23:30:31-0400 delete_target success /{TARGET_LOCATION}/ROOT.20260717T2330 - - -
2026-08-08T23:30:31-0400 delete_target starting /{TARGET_LOCATION}/ROOT.20260718T0000 - - -
2026-08-08T23:30:31-0400 delete_target success /{TARGET_LOCATION}/ROOT.20260718T0000 - - -
2026-08-08T23:30:31-0400 delete_target starting /{TARGET_LOCATION}/ROOT.20260718T0030 - - -
2026-08-08T23:30:31-0400 delete_target success /{TARGET_LOCATION}/ROOT.20260718T0030 - - -
2026-08-08T23:30:31-0400 delete_target starting /{TARGET_LOCATION}/ROOT.20260718T0100 - - -
2026-08-08T23:30:31-0400 delete_target success /{TARGET_LOCATION}/ROOT.20260718T0100 - - -
2026-08-08T23:30:31-0400 delete_target starting /{TARGET_LOCATION}/ROOT.20260718T0130 - - -
2026-08-08T23:30:31-0400 delete_target success /{TARGET_LOCATION}/ROOT.20260718T0130 - - -
2026-08-08T23:30:31-0400 delete_target starting /{TARGET_LOCATION}/ROOT.20260718T0200 - - -
2026-08-08T23:30:31-0400 delete_target success /{TARGET_LOCATION}/ROOT.20260718T0200 - - -
2026-08-08T23:30:31-0400 delete_target starting /{TARGET_LOCATION}/ROOT.20260718T0230 - - -
2026-08-08T23:30:31-0400 delete_target success /{TARGET_LOCATION}/ROOT.20260718T0230 - - -
2026-08-08T23:30:31-0400 delete_target starting /{TARGET_LOCATION}/ROOT.20260718T0300 - - -
2026-08-08T23:30:31-0400 delete_target success /{TARGET_LOCATION}/ROOT.20260718T0300 - - -
2026-08-08T23:30:31-0400 delete_target starting /{TARGET_LOCATION}/ROOT.20260718T0330 - - -
2026-08-08T23:30:31-0400 delete_target success /{TARGET_LOCATION}/ROOT.20260718T0330 - - -
2026-08-08T23:30:31-0400 delete_target starting /{TARGET_LOCATION}/ROOT.20260718T0400 - - -
2026-08-08T23:30:31-0400 delete_target success /{TARGET_LOCATION}/ROOT.20260718T0400 - - -
2026-08-08T23:30:31-0400 delete_target starting /{TARGET_LOCATION}/ROOT.20260718T0430 - - -
2026-08-08T23:30:31-0400 delete_target success /{TARGET_LOCATION}/ROOT.20260718T0430 - - -
2026-08-08T23:30:31-0400 delete_target starting /{TARGET_LOCATION}/ROOT.20260718T0500 - - -
2026-08-08T23:30:31-0400 delete_target success /{TARGET_LOCATION}/ROOT.20260718T0500 - - -
2026-08-08T23:30:31-0400 delete_target starting /{TARGET_LOCATION}/ROOT.20260718T0530 - - -
2026-08-08T23:30:31-0400 delete_target success /{TARGET_LOCATION}/ROOT.20260718T0530 - - -
2026-08-08T23:30:31-0400 delete_target starting /{TARGET_LOCATION}/ROOT.20260718T0600 - - -
2026-08-08T23:30:31-0400 delete_target success /{TARGET_LOCATION}/ROOT.20260718T0600 - - -
2026-08-08T23:30:31-0400 delete_target starting /{TARGET_LOCATION}/ROOT.20260718T0630 - - -
2026-08-08T23:30:31-0400 delete_target success /{TARGET_LOCATION}/ROOT.20260718T0630 - - -
2026-08-08T23:30:31-0400 delete_target starting /{TARGET_LOCATION}/ROOT.20260718T0700 - - -
2026-08-08T23:30:31-0400 delete_target success /{TARGET_LOCATION}/ROOT.20260718T0700 - - -
2026-08-08T23:30:31-0400 delete_target starting /{TARGET_LOCATION}/ROOT.20260718T0730 - - -
2026-08-08T23:30:31-0400 delete_target success /{TARGET_LOCATION}/ROOT.20260718T0730 - - -
2026-08-08T23:30:31-0400 delete_target starting /{TARGET_LOCATION}/ROOT.20260718T0800 - - -
2026-08-08T23:30:31-0400 delete_target success /{TARGET_LOCATION}/ROOT.20260718T0800 - - -
2026-08-08T23:30:31-0400 delete_target starting /{TARGET_LOCATION}/ROOT.20260718T0830 - - -
2026-08-08T23:30:31-0400 delete_target success /{TARGET_LOCATION}/ROOT.20260718T0830 - - -
2026-08-08T23:30:31-0400 delete_target starting /{TARGET_LOCATION}/ROOT.20260718T0900 - - -
2026-08-08T23:30:31-0400 delete_target success /{TARGET_LOCATION}/ROOT.20260718T0900 - - -
2026-08-08T23:30:31-0400 delete_target starting /{TARGET_LOCATION}/ROOT.20260718T0930 - - -
2026-08-08T23:30:31-0400 delete_target success /{TARGET_LOCATION}/ROOT.20260718T0930 - - -
2026-08-08T23:30:31-0400 delete_target starting /{TARGET_LOCATION}/ROOT.20260718T1000 - - -
2026-08-08T23:30:31-0400 delete_target success /{TARGET_LOCATION}/ROOT.20260718T1000 - - -
2026-08-08T23:30:31-0400 delete_target starting /{TARGET_LOCATION}/ROOT.20260718T1030 - - -
2026-08-08T23:30:31-0400 delete_target success /{TARGET_LOCATION}/ROOT.20260718T1030 - - -
2026-08-08T23:30:31-0400 delete_target starting /{TARGET_LOCATION}/ROOT.20260718T1100 - - -
2026-08-08T23:30:31-0400 delete_target success /{TARGET_LOCATION}/ROOT.20260718T1100 - - -
2026-08-08T23:30:31-0400 delete_target starting /{TARGET_LOCATION}/ROOT.20260718T1130 - - -
2026-08-08T23:30:31-0400 delete_target success /{TARGET_LOCATION}/ROOT.20260718T1130 - - -
2026-08-08T23:30:31-0400 delete_target starting /{TARGET_LOCATION}/ROOT.20260718T1200 - - -
2026-08-08T23:30:31-0400 delete_target success /{TARGET_LOCATION}/ROOT.20260718T1200 - - -
2026-08-08T23:30:31-0400 delete_target starting /{TARGET_LOCATION}/ROOT.20260718T1230 - - -
2026-08-08T23:30:31-0400 delete_target success /{TARGET_LOCATION}/ROOT.20260718T1230 - - -
2026-08-08T23:30:31-0400 delete_target starting /{TARGET_LOCATION}/ROOT.20260718T1300 - - -
2026-08-08T23:30:31-0400 delete_target success /{TARGET_LOCATION}/ROOT.20260718T1300 - - -
2026-08-08T23:30:31-0400 delete_target starting /{TARGET_LOCATION}/ROOT.20260718T1330 - - -
2026-08-08T23:30:31-0400 delete_target success /{TARGET_LOCATION}/ROOT.20260718T1330 - - -
2026-08-08T23:30:31-0400 delete_target starting /{TARGET_LOCATION}/ROOT.20260718T1400 - - -
2026-08-08T23:30:31-0400 delete_target success /{TARGET_LOCATION}/ROOT.20260718T1400 - - -
2026-08-08T23:30:31-0400 delete_target starting /{TARGET_LOCATION}/ROOT.20260718T1430 - - -
2026-08-08T23:30:31-0400 delete_target success /{TARGET_LOCATION}/ROOT.20260718T1430 - - -
2026-08-08T23:30:31-0400 delete_target starting /{TARGET_LOCATION}/ROOT.20260718T1500 - - -
2026-08-08T23:30:31-0400 delete_target success /{TARGET_LOCATION}/ROOT.20260718T1500 - - -
2026-08-08T23:30:31-0400 delete_target starting /{TARGET_LOCATION}/ROOT.20260718T1530 - - -
2026-08-08T23:30:31-0400 delete_target success /{TARGET_LOCATION}/ROOT.20260718T1530 - - -
2026-08-08T23:30:31-0400 delete_target starting /{TARGET_LOCATION}/ROOT.20260718T1600 - - -
2026-08-08T23:30:31-0400 delete_target success /{TARGET_LOCATION}/ROOT.20260718T1600 - - -
2026-08-08T23:30:31-0400 delete_target starting /{TARGET_LOCATION}/ROOT.20260718T1630 - - -
2026-08-08T23:30:31-0400 delete_target success /{TARGET_LOCATION}/ROOT.20260718T1630 - - -
2026-08-08T23:30:31-0400 delete_target starting /{TARGET_LOCATION}/ROOT.20260718T1700 - - -
2026-08-08T23:30:31-0400 delete_target success /{TARGET_LOCATION}/ROOT.20260718T1700 - - -
2026-08-08T23:30:31-0400 delete_target starting /{TARGET_LOCATION}/ROOT.20260718T1730 - - -
2026-08-08T23:30:31-0400 delete_target success /{TARGET_LOCATION}/ROOT.20260718T1730 - - -
2026-08-08T23:30:31-0400 delete_target starting /{TARGET_LOCATION}/ROOT.20260718T1800 - - -
2026-08-08T23:30:31-0400 delete_target success /{TARGET_LOCATION}/ROOT.20260718T1800 - - -
2026-08-08T23:30:31-0400 delete_target starting /{TARGET_LOCATION}/ROOT.20260718T1830 - - -
2026-08-08T23:30:31-0400 delete_target success /{TARGET_LOCATION}/ROOT.20260718T1830 - - -
2026-08-08T23:30:31-0400 delete_target starting /{TARGET_LOCATION}/ROOT.20260718T1900 - - -
2026-08-08T23:30:31-0400 delete_target success /{TARGET_LOCATION}/ROOT.20260718T1900 - - -
2026-08-08T23:30:31-0400 delete_target starting /{TARGET_LOCATION}/ROOT.20260718T1930 - - -
2026-08-08T23:30:31-0400 delete_target success /{TARGET_LOCATION}/ROOT.20260718T1930 - - -
2026-08-08T23:30:31-0400 delete_target starting /{TARGET_LOCATION}/ROOT.20260718T2000 - - -
2026-08-08T23:30:31-0400 delete_target success /{TARGET_LOCATION}/ROOT.20260718T2000 - - -
2026-08-08T23:30:31-0400 delete_target starting /{TARGET_LOCATION}/ROOT.20260718T2030 - - -
2026-08-08T23:30:31-0400 delete_target success /{TARGET_LOCATION}/ROOT.20260718T2030 - - -
2026-08-08T23:30:31-0400 delete_target starting /{TARGET_LOCATION}/ROOT.20260718T2100 - - -
2026-08-08T23:30:31-0400 delete_target success /{TARGET_LOCATION}/ROOT.20260718T2100 - - -
2026-08-08T23:30:31-0400 delete_target starting /{TARGET_LOCATION}/ROOT.20260718T2130 - - -
2026-08-08T23:30:31-0400 delete_target success /{TARGET_LOCATION}/ROOT.20260718T2130 - - -
2026-08-08T23:30:31-0400 delete_target starting /{TARGET_LOCATION}/ROOT.20260718T2200 - - -
2026-08-08T23:30:31-0400 delete_target success /{TARGET_LOCATION}/ROOT.20260718T2200 - - -
2026-08-08T23:30:31-0400 delete_target starting /{TARGET_LOCATION}/ROOT.20260718T2230 - - -
2026-08-08T23:30:31-0400 delete_target success /{TARGET_LOCATION}/ROOT.20260718T2230 - - -
2026-08-08T23:30:31-0400 delete_target starting /{TARGET_LOCATION}/ROOT.20260718T2300 - - -
2026-08-08T23:30:31-0400 delete_target success /{TARGET_LOCATION}/ROOT.20260718T2300 - - -
2026-08-08T23:30:31-0400 delete_target starting /{TARGET_LOCATION}/ROOT.20260718T2330 - - -
2026-08-08T23:30:31-0400 delete_target success /{TARGET_LOCATION}/ROOT.20260718T2330 - - -
2026-08-08T23:30:31-0400 delete_target starting /{TARGET_LOCATION}/ROOT.20260719T0030 - - -
2026-08-08T23:30:31-0400 delete_target success /{TARGET_LOCATION}/ROOT.20260719T0030 - - -
2026-08-08T23:30:31-0400 delete_target starting /{TARGET_LOCATION}/ROOT.20260719T0100 - - -
2026-08-08T23:30:31-0400 delete_target success /{TARGET_LOCATION}/ROOT.20260719T0100 - - -
2026-08-08T23:30:31-0400 delete_target starting /{TARGET_LOCATION}/ROOT.20260719T0130 - - -
2026-08-08T23:30:31-0400 delete_target success /{TARGET_LOCATION}/ROOT.20260719T0130 - - -
2026-08-08T23:30:31-0400 delete_target starting /{TARGET_LOCATION}/ROOT.20260719T0200 - - -
2026-08-08T23:30:31-0400 delete_target success /{TARGET_LOCATION}/ROOT.20260719T0200 - - -
2026-08-08T23:30:31-0400 delete_target starting /{TARGET_LOCATION}/ROOT.20260719T0230 - - -
2026-08-08T23:30:31-0400 delete_target success /{TARGET_LOCATION}/ROOT.20260719T0230 - - -
2026-08-08T23:30:31-0400 delete_target starting /{TARGET_LOCATION}/ROOT.20260719T0300 - - -
2026-08-08T23:30:31-0400 delete_target success /{TARGET_LOCATION}/ROOT.20260719T0300 - - -
2026-08-08T23:30:31-0400 delete_target starting /{TARGET_LOCATION}/ROOT.20260719T0330 - - -
2026-08-08T23:30:31-0400 delete_target success /{TARGET_LOCATION}/ROOT.20260719T0330 - - -
2026-08-08T23:30:31-0400 delete_target starting /{TARGET_LOCATION}/ROOT.20260719T0400 - - -
2026-08-08T23:30:31-0400 delete_target success /{TARGET_LOCATION}/ROOT.20260719T0400 - - -
2026-08-08T23:30:31-0400 delete_target starting /{TARGET_LOCATION}/ROOT.20260719T0430 - - -
2026-08-08T23:30:31-0400 delete_target success /{TARGET_LOCATION}/ROOT.20260719T0430 - - -
2026-08-08T23:30:31-0400 delete_target starting /{TARGET_LOCATION}/ROOT.20260719T0500 - - -
2026-08-08T23:30:31-0400 delete_target success /{TARGET_LOCATION}/ROOT.20260719T0500 - - -
2026-08-08T23:30:31-0400 delete_target starting /{TARGET_LOCATION}/ROOT.20260719T0530 - - -
2026-08-08T23:30:31-0400 delete_target success /{TARGET_LOCATION}/ROOT.20260719T0530 - - -
2026-08-08T23:30:31-0400 delete_target starting /{TARGET_LOCATION}/ROOT.20260719T0600 - - -
2026-08-08T23:30:31-0400 delete_target success /{TARGET_LOCATION}/ROOT.20260719T0600 - - -
2026-08-08T23:30:31-0400 delete_target starting /{TARGET_LOCATION}/ROOT.20260719T0630 - - -
2026-08-08T23:30:31-0400 delete_target success /{TARGET_LOCATION}/ROOT.20260719T0630 - - -
2026-08-08T23:30:31-0400 delete_target starting /{TARGET_LOCATION}/ROOT.20260719T0700 - - -
2026-08-08T23:30:31-0400 delete_target success /{TARGET_LOCATION}/ROOT.20260719T0700 - - -
2026-08-08T23:30:31-0400 delete_target starting /{TARGET_LOCATION}/ROOT.20260719T0730 - - -
2026-08-08T23:30:31-0400 delete_target success /{TARGET_LOCATION}/ROOT.20260719T0730 - - -
2026-08-08T23:30:31-0400 delete_target starting /{TARGET_LOCATION}/ROOT.20260719T0800 - - -
2026-08-08T23:30:31-0400 delete_target success /{TARGET_LOCATION}/ROOT.20260719T0800 - - -
2026-08-08T23:30:31-0400 delete_target starting /{TARGET_LOCATION}/ROOT.20260719T0830 - - -
2026-08-08T23:30:31-0400 delete_target success /{TARGET_LOCATION}/ROOT.20260719T0830 - - -
2026-08-08T23:30:31-0400 delete_target starting /{TARGET_LOCATION}/ROOT.20260719T0900 - - -
2026-08-08T23:30:31-0400 delete_target success /{TARGET_LOCATION}/ROOT.20260719T0900 - - -
2026-08-08T23:30:31-0400 delete_target starting /{TARGET_LOCATION}/ROOT.20260719T0930 - - -
2026-08-08T23:30:31-0400 delete_target success /{TARGET_LOCATION}/ROOT.20260719T0930 - - -
2026-08-08T23:30:31-0400 delete_target starting /{TARGET_LOCATION}/ROOT.20260719T1000 - - -
2026-08-08T23:30:32-0400 delete_target success /{TARGET_LOCATION}/ROOT.20260719T1000 - - -
2026-08-08T23:30:32-0400 delete_target starting /{TARGET_LOCATION}/ROOT.20260719T1030 - - -
2026-08-08T23:30:32-0400 delete_target success /{TARGET_LOCATION}/ROOT.20260719T1030 - - -
2026-08-08T23:30:32-0400 delete_target starting /{TARGET_LOCATION}/ROOT.20260719T1100 - - -
2026-08-08T23:30:32-0400 delete_target success /{TARGET_LOCATION}/ROOT.20260719T1100 - - -
2026-08-08T23:30:32-0400 delete_target starting /{TARGET_LOCATION}/ROOT.20260719T1130 - - -
2026-08-08T23:30:32-0400 delete_target success /{TARGET_LOCATION}/ROOT.20260719T1130 - - -
2026-08-08T23:30:32-0400 delete_target starting /{TARGET_LOCATION}/ROOT.20260719T1200 - - -
2026-08-08T23:30:32-0400 delete_target success /{TARGET_LOCATION}/ROOT.20260719T1200 - - -
2026-08-08T23:30:32-0400 delete_target starting /{TARGET_LOCATION}/ROOT.20260719T1230 - - -
2026-08-08T23:30:32-0400 delete_target success /{TARGET_LOCATION}/ROOT.20260719T1230 - - -
2026-08-08T23:30:32-0400 delete_target starting /{TARGET_LOCATION}/ROOT.20260719T1300 - - -
2026-08-08T23:30:32-0400 delete_target success /{TARGET_LOCATION}/ROOT.20260719T1300 - - -
2026-08-08T23:30:32-0400 delete_target starting /{TARGET_LOCATION}/ROOT.20260719T1330 - - -
2026-08-08T23:30:32-0400 delete_target success /{TARGET_LOCATION}/ROOT.20260719T1330 - - -
2026-08-08T23:30:32-0400 delete_target starting /{TARGET_LOCATION}/ROOT.20260719T1400 - - -
2026-08-08T23:30:32-0400 delete_target success /{TARGET_LOCATION}/ROOT.20260719T1400 - - -
2026-08-08T23:30:32-0400 delete_target starting /{TARGET_LOCATION}/ROOT.20260719T1430 - - -
2026-08-08T23:30:32-0400 delete_target success /{TARGET_LOCATION}/ROOT.20260719T1430 - - -
2026-08-08T23:30:32-0400 delete_target starting /{TARGET_LOCATION}/ROOT.20260719T1500 - - -
2026-08-08T23:30:32-0400 delete_target success /{TARGET_LOCATION}/ROOT.20260719T1500 - - -
2026-08-08T23:30:32-0400 delete_target starting /{TARGET_LOCATION}/ROOT.20260719T1530 - - -
2026-08-08T23:30:32-0400 delete_target success /{TARGET_LOCATION}/ROOT.20260719T1530 - - -
2026-08-08T23:30:32-0400 delete_target starting /{TARGET_LOCATION}/ROOT.20260719T1600 - - -
2026-08-08T23:30:32-0400 delete_target success /{TARGET_LOCATION}/ROOT.20260719T1600 - - -
2026-08-08T23:30:32-0400 delete_target starting /{TARGET_LOCATION}/ROOT.20260719T1630 - - -
2026-08-08T23:30:32-0400 delete_target success /{TARGET_LOCATION}/ROOT.20260719T1630 - - -
2026-08-08T23:30:32-0400 delete_target starting /{TARGET_LOCATION}/ROOT.20260719T1700 - - -
2026-08-08T23:30:32-0400 delete_target success /{TARGET_LOCATION}/ROOT.20260719T1700 - - -
2026-08-08T23:30:32-0400 delete_target starting /{TARGET_LOCATION}/ROOT.20260719T1730 - - -
2026-08-08T23:30:32-0400 delete_target success /{TARGET_LOCATION}/ROOT.20260719T1730 - - -
2026-08-08T23:30:32-0400 delete_target starting /{TARGET_LOCATION}/ROOT.20260719T1800 - - -
2026-08-08T23:30:32-0400 delete_target success /{TARGET_LOCATION}/ROOT.20260719T1800 - - -
2026-08-08T23:30:32-0400 delete_target starting /{TARGET_LOCATION}/ROOT.20260719T1830 - - -
2026-08-08T23:30:32-0400 delete_target success /{TARGET_LOCATION}/ROOT.20260719T1830 - - -
2026-08-08T23:30:32-0400 delete_target starting /{TARGET_LOCATION}/ROOT.20260719T1900 - - -
2026-08-08T23:30:32-0400 delete_target success /{TARGET_LOCATION}/ROOT.20260719T1900 - - -
2026-08-08T23:30:32-0400 delete_target starting /{TARGET_LOCATION}/ROOT.20260719T1930 - - -
2026-08-08T23:30:32-0400 delete_target success /{TARGET_LOCATION}/ROOT.20260719T1930 - - -
2026-08-08T23:30:32-0400 delete_target starting /{TARGET_LOCATION}/ROOT.20260719T2000 - - -
2026-08-08T23:30:32-0400 delete_target success /{TARGET_LOCATION}/ROOT.20260719T2000 - - -
2026-08-08T23:30:32-0400 delete_target starting /{TARGET_LOCATION}/ROOT.20260719T2030 - - -
2026-08-08T23:30:32-0400 delete_target success /{TARGET_LOCATION}/ROOT.20260719T2030 - - -
2026-08-08T23:30:32-0400 delete_target starting /{TARGET_LOCATION}/ROOT.20260719T2100 - - -
2026-08-08T23:30:32-0400 delete_target success /{TARGET_LOCATION}/ROOT.20260719T2100 - - -
2026-08-08T23:30:32-0400 delete_target starting /{TARGET_LOCATION}/ROOT.20260719T2130 - - -
2026-08-08T23:30:32-0400 delete_target success /{TARGET_LOCATION}/ROOT.20260719T2130 - - -
2026-08-08T23:30:32-0400 delete_target starting /{TARGET_LOCATION}/ROOT.20260719T2200 - - -
2026-08-08T23:30:32-0400 delete_target success /{TARGET_LOCATION}/ROOT.20260719T2200 - - -
2026-08-08T23:30:32-0400 delete_target starting /{TARGET_LOCATION}/ROOT.20260719T2230 - - -
2026-08-08T23:30:32-0400 delete_target success /{TARGET_LOCATION}/ROOT.20260719T2230 - - -
2026-08-08T23:30:32-0400 delete_target starting /{TARGET_LOCATION}/ROOT.20260719T2300 - - -
2026-08-08T23:30:32-0400 delete_target success /{TARGET_LOCATION}/ROOT.20260719T2300 - - -
2026-08-08T23:30:32-0400 delete_target starting /{TARGET_LOCATION}/ROOT.20260719T2330 - - -
2026-08-08T23:30:32-0400 delete_target success /{TARGET_LOCATION}/ROOT.20260719T2330 - - -
2026-08-08T23:30:32-0400 delete_target starting /{TARGET_LOCATION}/ROOT.20260720T0000 - - -
2026-08-08T23:30:32-0400 delete_target success /{TARGET_LOCATION}/ROOT.20260720T0000 - - -
2026-08-08T23:30:32-0400 delete_target starting /{TARGET_LOCATION}/ROOT.20260720T0030 - - -
2026-08-08T23:30:32-0400 delete_target success /{TARGET_LOCATION}/ROOT.20260720T0030 - - -
2026-08-08T23:30:32-0400 delete_target starting /{TARGET_LOCATION}/ROOT.20260720T0100 - - -
2026-08-08T23:30:32-0400 delete_target success /{TARGET_LOCATION}/ROOT.20260720T0100 - - -
2026-08-08T23:30:32-0400 delete_target starting /{TARGET_LOCATION}/ROOT.20260720T0130 - - -
2026-08-08T23:30:32-0400 delete_target success /{TARGET_LOCATION}/ROOT.20260720T0130 - - -
2026-08-08T23:30:32-0400 delete_target starting /{TARGET_LOCATION}/ROOT.20260720T0200 - - -
2026-08-08T23:30:32-0400 delete_target success /{TARGET_LOCATION}/ROOT.20260720T0200 - - -
2026-08-08T23:30:32-0400 delete_target starting /{TARGET_LOCATION}/ROOT.20260720T0230 - - -
2026-08-08T23:30:32-0400 delete_target success /{TARGET_LOCATION}/ROOT.20260720T0230 - - -
2026-08-08T23:30:32-0400 delete_target starting /{TARGET_LOCATION}/ROOT.20260720T0300 - - -
2026-08-08T23:30:32-0400 delete_target success /{TARGET_LOCATION}/ROOT.20260720T0300 - - -
2026-08-08T23:30:32-0400 delete_target starting /{TARGET_LOCATION}/ROOT.20260720T0330 - - -
2026-08-08T23:30:32-0400 delete_target success /{TARGET_LOCATION}/ROOT.20260720T0330 - - -
2026-08-08T23:30:32-0400 delete_target starting /{TARGET_LOCATION}/ROOT.20260720T0400 - - -
2026-08-08T23:30:32-0400 delete_target success /{TARGET_LOCATION}/ROOT.20260720T0400 - - -
2026-08-08T23:30:32-0400 delete_target starting /{TARGET_LOCATION}/ROOT.20260720T0430 - - -
2026-08-08T23:30:32-0400 delete_target success /{TARGET_LOCATION}/ROOT.20260720T0430 - - -
2026-08-08T23:30:32-0400 delete_target starting /{TARGET_LOCATION}/ROOT.20260720T0500 - - -
2026-08-08T23:30:32-0400 delete_target success /{TARGET_LOCATION}/ROOT.20260720T0500 - - -
2026-08-08T23:30:32-0400 delete_target starting /{TARGET_LOCATION}/ROOT.20260720T0530 - - -
2026-08-08T23:30:32-0400 delete_target success /{TARGET_LOCATION}/ROOT.20260720T0530 - - -
2026-08-08T23:30:32-0400 delete_target starting /{TARGET_LOCATION}/ROOT.20260720T0600 - - -
2026-08-08T23:30:32-0400 delete_target success /{TARGET_LOCATION}/ROOT.20260720T0600 - - -
2026-08-08T23:30:32-0400 delete_target starting /{TARGET_LOCATION}/ROOT.20260720T0630 - - -
2026-08-08T23:30:32-0400 delete_target success /{TARGET_LOCATION}/ROOT.20260720T0630 - - -
2026-08-08T23:30:32-0400 delete_target starting /{TARGET_LOCATION}/ROOT.20260720T0700 - - -
2026-08-08T23:30:32-0400 delete_target success /{TARGET_LOCATION}/ROOT.20260720T0700 - - -
2026-08-08T23:30:32-0400 delete_target starting /{TARGET_LOCATION}/ROOT.20260720T0730 - - -
2026-08-08T23:30:32-0400 delete_target success /{TARGET_LOCATION}/ROOT.20260720T0730 - - -
2026-08-08T23:30:32-0400 delete_target starting /{TARGET_LOCATION}/ROOT.20260720T0800 - - -
2026-08-08T23:30:32-0400 delete_target success /{TARGET_LOCATION}/ROOT.20260720T0800 - - -
2026-08-08T23:30:32-0400 delete_target starting /{TARGET_LOCATION}/ROOT.20260720T0830 - - -
2026-08-08T23:30:32-0400 delete_target success /{TARGET_LOCATION}/ROOT.20260720T0830 - - -
2026-08-08T23:30:32-0400 delete_target starting /{TARGET_LOCATION}/ROOT.20260720T0900 - - -
2026-08-08T23:30:32-0400 delete_target success /{TARGET_LOCATION}/ROOT.20260720T0900 - - -
2026-08-08T23:30:32-0400 delete_target starting /{TARGET_LOCATION}/ROOT.20260720T0930 - - -
2026-08-08T23:30:32-0400 delete_target success /{TARGET_LOCATION}/ROOT.20260720T0930 - - -
2026-08-08T23:30:32-0400 delete_target starting /{TARGET_LOCATION}/ROOT.20260720T1000 - - -
2026-08-08T23:30:32-0400 delete_target success /{TARGET_LOCATION}/ROOT.20260720T1000 - - -
2026-08-08T23:30:32-0400 delete_target starting /{TARGET_LOCATION}/ROOT.20260720T1030 - - -
2026-08-08T23:30:32-0400 delete_target success /{TARGET_LOCATION}/ROOT.20260720T1030 - - -
2026-08-08T23:30:32-0400 delete_target starting /{TARGET_LOCATION}/ROOT.20260720T1100 - - -
2026-08-08T23:30:32-0400 delete_target success /{TARGET_LOCATION}/ROOT.20260720T1100 - - -
2026-08-08T23:30:32-0400 delete_target starting /{TARGET_LOCATION}/ROOT.20260720T1130 - - -
2026-08-08T23:30:32-0400 delete_target success /{TARGET_LOCATION}/ROOT.20260720T1130 - - -
2026-08-08T23:30:32-0400 delete_target starting /{TARGET_LOCATION}/ROOT.20260720T1200 - - -
2026-08-08T23:30:32-0400 delete_target success /{TARGET_LOCATION}/ROOT.20260720T1200 - - -
2026-08-08T23:30:32-0400 delete_target starting /{TARGET_LOCATION}/ROOT.20260720T1230 - - -
2026-08-08T23:30:32-0400 delete_target success /{TARGET_LOCATION}/ROOT.20260720T1230 - - -
2026-08-08T23:30:32-0400 delete_target starting /{TARGET_LOCATION}/ROOT.20260720T1300 - - -
2026-08-08T23:30:32-0400 delete_target success /{TARGET_LOCATION}/ROOT.20260720T1300 - - -
2026-08-08T23:30:32-0400 delete_target starting /{TARGET_LOCATION}/ROOT.20260720T1330 - - -
2026-08-08T23:30:32-0400 delete_target success /{TARGET_LOCATION}/ROOT.20260720T1330 - - -
2026-08-08T23:30:32-0400 delete_target starting /{TARGET_LOCATION}/ROOT.20260720T1400 - - -
2026-08-08T23:30:32-0400 delete_target success /{TARGET_LOCATION}/ROOT.20260720T1400 - - -
2026-08-08T23:30:32-0400 delete_target starting /{TARGET_LOCATION}/ROOT.20260720T1430 - - -
2026-08-08T23:30:32-0400 delete_target success /{TARGET_LOCATION}/ROOT.20260720T1430 - - -
2026-08-08T23:30:32-0400 delete_target starting /{TARGET_LOCATION}/ROOT.20260720T1500 - - -
2026-08-08T23:30:32-0400 delete_target success /{TARGET_LOCATION}/ROOT.20260720T1500 - - -
2026-08-08T23:30:32-0400 delete_target starting /{TARGET_LOCATION}/ROOT.20260720T1530 - - -
2026-08-08T23:30:32-0400 delete_target success /{TARGET_LOCATION}/ROOT.20260720T1530 - - -
2026-08-08T23:30:32-0400 delete_target starting /{TARGET_LOCATION}/ROOT.20260720T1600 - - -
2026-08-08T23:30:32-0400 delete_target success /{TARGET_LOCATION}/ROOT.20260720T1600 - - -
2026-08-08T23:30:32-0400 delete_target starting /{TARGET_LOCATION}/ROOT.20260720T1630 - - -
2026-08-08T23:30:32-0400 delete_target success /{TARGET_LOCATION}/ROOT.20260720T1630 - - -
2026-08-08T23:30:32-0400 delete_target starting /{TARGET_LOCATION}/ROOT.20260720T1700 - - -
2026-08-08T23:30:32-0400 delete_target success /{TARGET_LOCATION}/ROOT.20260720T1700 - - -
2026-08-08T23:30:32-0400 delete_target starting /{TARGET_LOCATION}/ROOT.20260720T1730 - - -
2026-08-08T23:30:32-0400 delete_target success /{TARGET_LOCATION}/ROOT.20260720T1730 - - -
2026-08-08T23:30:32-0400 delete_target starting /{TARGET_LOCATION}/ROOT.20260720T1800 - - -
2026-08-08T23:30:32-0400 delete_target success /{TARGET_LOCATION}/ROOT.20260720T1800 - - -
2026-08-08T23:30:32-0400 delete_target starting /{TARGET_LOCATION}/ROOT.20260720T1830 - - -
2026-08-08T23:30:32-0400 delete_target success /{TARGET_LOCATION}/ROOT.20260720T1830 - - -
2026-08-08T23:30:32-0400 delete_target starting /{TARGET_LOCATION}/ROOT.20260720T1900 - - -
2026-08-08T23:30:32-0400 delete_target success /{TARGET_LOCATION}/ROOT.20260720T1900 - - -
2026-08-08T23:30:32-0400 delete_target starting /{TARGET_LOCATION}/ROOT.20260720T1930 - - -
2026-08-08T23:30:32-0400 delete_target success /{TARGET_LOCATION}/ROOT.20260720T1930 - - -
2026-08-08T23:30:32-0400 delete_target starting /{TARGET_LOCATION}/ROOT.20260720T2000 - - -
2026-08-08T23:30:32-0400 delete_target success /{TARGET_LOCATION}/ROOT.20260720T2000 - - -
2026-08-08T23:30:32-0400 delete_target starting /{TARGET_LOCATION}/ROOT.20260720T2030 - - -
2026-08-08T23:30:32-0400 delete_target success /{TARGET_LOCATION}/ROOT.20260720T2030 - - -
2026-08-08T23:30:32-0400 delete_target starting /{TARGET_LOCATION}/ROOT.20260720T2100 - - -
2026-08-08T23:30:32-0400 delete_target success /{TARGET_LOCATION}/ROOT.20260720T2100 - - -
2026-08-08T23:30:32-0400 delete_target starting /{TARGET_LOCATION}/ROOT.20260720T2130 - - -
2026-08-08T23:30:32-0400 delete_target success /{TARGET_LOCATION}/ROOT.20260720T2130 - - -
2026-08-08T23:30:32-0400 delete_target starting /{TARGET_LOCATION}/ROOT.20260720T2200 - - -
2026-08-08T23:30:32-0400 delete_target success /{TARGET_LOCATION}/ROOT.20260720T2200 - - -
2026-08-08T23:30:32-0400 delete_target starting /{TARGET_LOCATION}/ROOT.20260720T2230 - - -
2026-08-08T23:30:32-0400 delete_target success /{TARGET_LOCATION}/ROOT.20260720T2230 - - -
2026-08-08T23:30:32-0400 delete_target starting /{TARGET_LOCATION}/ROOT.20260720T2300 - - -
2026-08-08T23:30:32-0400 delete_target success /{TARGET_LOCATION}/ROOT.20260720T2300 - - -
2026-08-08T23:30:32-0400 delete_target starting /{TARGET_LOCATION}/ROOT.20260720T2330 - - -
2026-08-08T23:30:32-0400 delete_target success /{TARGET_LOCATION}/ROOT.20260720T2330 - - -
2026-08-08T23:30:32-0400 delete_target starting /{TARGET_LOCATION}/ROOT.20260721T0000 - - -
2026-08-08T23:30:32-0400 delete_target success /{TARGET_LOCATION}/ROOT.20260721T0000 - - -
2026-08-08T23:30:32-0400 delete_target starting /{TARGET_LOCATION}/ROOT.20260721T0030 - - -
2026-08-08T23:30:32-0400 delete_target success /{TARGET_LOCATION}/ROOT.20260721T0030 - - -
2026-08-08T23:30:32-0400 delete_target starting /{TARGET_LOCATION}/ROOT.20260721T0100 - - -
2026-08-08T23:30:32-0400 delete_target success /{TARGET_LOCATION}/ROOT.20260721T0100 - - -
2026-08-08T23:30:32-0400 delete_target starting /{TARGET_LOCATION}/ROOT.20260721T0130 - - -
2026-08-08T23:30:32-0400 delete_target success /{TARGET_LOCATION}/ROOT.20260721T0130 - - -
2026-08-08T23:30:32-0400 delete_target starting /{TARGET_LOCATION}/ROOT.20260721T0200 - - -
2026-08-08T23:30:32-0400 delete_target success /{TARGET_LOCATION}/ROOT.20260721T0200 - - -
2026-08-08T23:30:32-0400 delete_target starting /{TARGET_LOCATION}/ROOT.20260721T0230 - - -
2026-08-08T23:30:32-0400 delete_target success /{TARGET_LOCATION}/ROOT.20260721T0230 - - -
2026-08-08T23:30:32-0400 delete_target starting /{TARGET_LOCATION}/ROOT.20260721T0300 - - -
2026-08-08T23:30:32-0400 delete_target success /{TARGET_LOCATION}/ROOT.20260721T0300 - - -
2026-08-08T23:30:32-0400 delete_target starting /{TARGET_LOCATION}/ROOT.20260721T0330 - - -
2026-08-08T23:30:32-0400 delete_target success /{TARGET_LOCATION}/ROOT.20260721T0330 - - -
2026-08-08T23:30:32-0400 delete_target starting /{TARGET_LOCATION}/ROOT.20260721T0400 - - -
2026-08-08T23:30:32-0400 delete_target success /{TARGET_LOCATION}/ROOT.20260721T0400 - - -
2026-08-08T23:30:32-0400 delete_target starting /{TARGET_LOCATION}/ROOT.20260721T0430 - - -
2026-08-08T23:30:32-0400 delete_target success /{TARGET_LOCATION}/ROOT.20260721T0430 - - -
2026-08-08T23:30:32-0400 delete_target starting /{TARGET_LOCATION}/ROOT.20260721T0500 - - -
2026-08-08T23:30:32-0400 delete_target success /{TARGET_LOCATION}/ROOT.20260721T0500 - - -
2026-08-08T23:30:32-0400 delete_target starting /{TARGET_LOCATION}/ROOT.20260721T0530 - - -
2026-08-08T23:30:32-0400 delete_target success /{TARGET_LOCATION}/ROOT.20260721T0530 - - -
2026-08-08T23:30:32-0400 delete_target starting /{TARGET_LOCATION}/ROOT.20260721T0600 - - -
2026-08-08T23:30:32-0400 delete_target success /{TARGET_LOCATION}/ROOT.20260721T0600 - - -
2026-08-08T23:30:32-0400 delete_target starting /{TARGET_LOCATION}/ROOT.20260721T0630 - - -
2026-08-08T23:30:32-0400 delete_target success /{TARGET_LOCATION}/ROOT.20260721T0630 - - -
2026-08-08T23:30:32-0400 delete_target starting /{TARGET_LOCATION}/ROOT.20260721T0700 - - -
2026-08-08T23:30:32-0400 delete_target success /{TARGET_LOCATION}/ROOT.20260721T0700 - - -
2026-08-08T23:30:32-0400 delete_target starting /{TARGET_LOCATION}/ROOT.20260721T0730 - - -
2026-08-08T23:30:32-0400 delete_target success /{TARGET_LOCATION}/ROOT.20260721T0730 - - -
2026-08-08T23:30:32-0400 delete_target starting /{TARGET_LOCATION}/ROOT.20260721T0800 - - -
2026-08-08T23:30:32-0400 delete_target success /{TARGET_LOCATION}/ROOT.20260721T0800 - - -
2026-08-08T23:30:32-0400 delete_target starting /{TARGET_LOCATION}/ROOT.20260721T0830 - - -
2026-08-08T23:30:32-0400 delete_target success /{TARGET_LOCATION}/ROOT.20260721T0830 - - -
2026-08-08T23:30:32-0400 delete_target starting /{TARGET_LOCATION}/ROOT.20260721T0900 - - -
2026-08-08T23:30:32-0400 delete_target success /{TARGET_LOCATION}/ROOT.20260721T0900 - - -
2026-08-08T23:30:32-0400 delete_target starting /{TARGET_LOCATION}/ROOT.20260721T0930 - - -
2026-08-08T23:30:32-0400 delete_target success /{TARGET_LOCATION}/ROOT.20260721T0930 - - -
2026-08-08T23:30:32-0400 delete_target starting /{TARGET_LOCATION}/ROOT.20260721T1000 - - -
2026-08-08T23:30:32-0400 delete_target success /{TARGET_LOCATION}/ROOT.20260721T1000 - - -
2026-08-08T23:30:32-0400 delete_target starting /{TARGET_LOCATION}/ROOT.20260721T1030 - - -
2026-08-08T23:30:32-0400 delete_target success /{TARGET_LOCATION}/ROOT.20260721T1030 - - -
2026-08-08T23:30:32-0400 delete_target starting /{TARGET_LOCATION}/ROOT.20260721T1100 - - -
2026-08-08T23:30:32-0400 delete_target success /{TARGET_LOCATION}/ROOT.20260721T1100 - - -
2026-08-08T23:30:32-0400 delete_target starting /{TARGET_LOCATION}/ROOT.20260721T1130 - - -
2026-08-08T23:30:32-0400 delete_target success /{TARGET_LOCATION}/ROOT.20260721T1130 - - -
2026-08-08T23:30:32-0400 delete_target starting /{TARGET_LOCATION}/ROOT.20260721T1200 - - -
2026-08-08T23:30:32-0400 delete_target success /{TARGET_LOCATION}/ROOT.20260721T1200 - - -
2026-08-08T23:30:32-0400 delete_target starting /{TARGET_LOCATION}/ROOT.20260721T1230 - - -
2026-08-08T23:30:32-0400 delete_target success /{TARGET_LOCATION}/ROOT.20260721T1230 - - -
2026-08-08T23:30:32-0400 delete_target starting /{TARGET_LOCATION}/ROOT.20260721T1300 - - -
2026-08-08T23:30:32-0400 delete_target success /{TARGET_LOCATION}/ROOT.20260721T1300 - - -
2026-08-08T23:30:32-0400 delete_target starting /{TARGET_LOCATION}/ROOT.20260721T1330 - - -
2026-08-08T23:30:32-0400 delete_target success /{TARGET_LOCATION}/ROOT.20260721T1330 - - -
2026-08-08T23:30:32-0400 delete_target starting /{TARGET_LOCATION}/ROOT.20260721T1400 - - -
2026-08-08T23:30:32-0400 delete_target success /{TARGET_LOCATION}/ROOT.20260721T1400 - - -
2026-08-08T23:30:32-0400 delete_target starting /{TARGET_LOCATION}/ROOT.20260721T1430 - - -
2026-08-08T23:30:32-0400 delete_target success /{TARGET_LOCATION}/ROOT.20260721T1430 - - -
2026-08-08T23:30:32-0400 delete_target starting /{TARGET_LOCATION}/ROOT.20260721T1500 - - -
2026-08-08T23:30:32-0400 delete_target success /{TARGET_LOCATION}/ROOT.20260721T1500 - - -
2026-08-08T23:30:32-0400 delete_target starting /{TARGET_LOCATION}/ROOT.20260721T1530 - - -
2026-08-08T23:30:32-0400 delete_target success /{TARGET_LOCATION}/ROOT.20260721T1530 - - -
2026-08-08T23:30:32-0400 delete_target starting /{TARGET_LOCATION}/ROOT.20260721T1600 - - -
2026-08-08T23:30:32-0400 delete_target success /{TARGET_LOCATION}/ROOT.20260721T1600 - - -
2026-08-08T23:30:32-0400 delete_target starting /{TARGET_LOCATION}/ROOT.20260721T1630 - - -
2026-08-08T23:30:32-0400 delete_target success /{TARGET_LOCATION}/ROOT.20260721T1630 - - -
2026-08-08T23:30:32-0400 delete_target starting /{TARGET_LOCATION}/ROOT.20260721T1700 - - -
2026-08-08T23:30:32-0400 delete_target success /{TARGET_LOCATION}/ROOT.20260721T1700 - - -
2026-08-08T23:30:32-0400 delete_target starting /{TARGET_LOCATION}/ROOT.20260721T1730 - - -
2026-08-08T23:30:32-0400 delete_target success /{TARGET_LOCATION}/ROOT.20260721T1730 - - -
2026-08-08T23:30:32-0400 delete_target starting /{TARGET_LOCATION}/ROOT.20260721T1800 - - -
2026-08-08T23:30:32-0400 delete_target success /{TARGET_LOCATION}/ROOT.20260721T1800 - - -
2026-08-08T23:30:32-0400 delete_target starting /{TARGET_LOCATION}/ROOT.20260721T1830 - - -
2026-08-08T23:30:32-0400 delete_target success /{TARGET_LOCATION}/ROOT.20260721T1830 - - -
2026-08-08T23:30:32-0400 delete_target starting /{TARGET_LOCATION}/ROOT.20260721T1900 - - -
2026-08-08T23:30:32-0400 delete_target success /{TARGET_LOCATION}/ROOT.20260721T1900 - - -
2026-08-08T23:30:32-0400 delete_target starting /{TARGET_LOCATION}/ROOT.20260721T1930 - - -
2026-08-08T23:30:32-0400 delete_target success /{TARGET_LOCATION}/ROOT.20260721T1930 - - -
2026-08-08T23:30:32-0400 delete_target starting /{TARGET_LOCATION}/ROOT.20260721T2000 - - -
2026-08-08T23:30:32-0400 delete_target success /{TARGET_LOCATION}/ROOT.20260721T2000 - - -
2026-08-08T23:30:32-0400 delete_target starting /{TARGET_LOCATION}/ROOT.20260721T2030 - - -
2026-08-08T23:30:32-0400 delete_target success /{TARGET_LOCATION}/ROOT.20260721T2030 - - -
2026-08-08T23:30:32-0400 delete_target starting /{TARGET_LOCATION}/ROOT.20260721T2100 - - -
2026-08-08T23:30:32-0400 delete_target success /{TARGET_LOCATION}/ROOT.20260721T2100 - - -
2026-08-08T23:30:32-0400 delete_target starting /{TARGET_LOCATION}/ROOT.20260721T2130 - - -
2026-08-08T23:30:32-0400 delete_target success /{TARGET_LOCATION}/ROOT.20260721T2130 - - -
2026-08-08T23:30:32-0400 delete_target starting /{TARGET_LOCATION}/ROOT.20260721T2200 - - -
2026-08-08T23:30:32-0400 delete_target success /{TARGET_LOCATION}/ROOT.20260721T2200 - - -
2026-08-08T23:30:32-0400 delete_target starting /{TARGET_LOCATION}/ROOT.20260721T2230 - - -
2026-08-08T23:30:32-0400 delete_target success /{TARGET_LOCATION}/ROOT.20260721T2230 - - -
2026-08-08T23:30:32-0400 delete_target starting /{TARGET_LOCATION}/ROOT.20260721T2300 - - -
2026-08-08T23:30:32-0400 delete_target success /{TARGET_LOCATION}/ROOT.20260721T2300 - - -
2026-08-08T23:30:32-0400 delete_target starting /{TARGET_LOCATION}/ROOT.20260721T2330 - - -
2026-08-08T23:30:32-0400 delete_target success /{TARGET_LOCATION}/ROOT.20260721T2330 - - -
2026-08-08T23:30:32-0400 delete_target starting /{TARGET_LOCATION}/ROOT.20260722T0000 - - -
2026-08-08T23:30:32-0400 delete_target success /{TARGET_LOCATION}/ROOT.20260722T0000 - - -
2026-08-08T23:30:32-0400 delete_target starting /{TARGET_LOCATION}/ROOT.20260722T0030 - - -
2026-08-08T23:30:32-0400 delete_target success /{TARGET_LOCATION}/ROOT.20260722T0030 - - -
2026-08-08T23:30:32-0400 delete_target starting /{TARGET_LOCATION}/ROOT.20260722T0100 - - -
2026-08-08T23:30:32-0400 delete_target success /{TARGET_LOCATION}/ROOT.20260722T0100 - - -
2026-08-08T23:30:32-0400 delete_target starting /{TARGET_LOCATION}/ROOT.20260722T0130 - - -
2026-08-08T23:30:33-0400 delete_target success /{TARGET_LOCATION}/ROOT.20260722T0130 - - -
2026-08-08T23:30:33-0400 delete_target starting /{TARGET_LOCATION}/ROOT.20260722T0200 - - -
2026-08-08T23:30:33-0400 delete_target success /{TARGET_LOCATION}/ROOT.20260722T0200 - - -
2026-08-08T23:30:33-0400 delete_target starting /{TARGET_LOCATION}/ROOT.20260722T0230 - - -
2026-08-08T23:30:33-0400 delete_target success /{TARGET_LOCATION}/ROOT.20260722T0230 - - -
2026-08-08T23:30:33-0400 delete_target starting /{TARGET_LOCATION}/ROOT.20260722T0300 - - -
2026-08-08T23:30:33-0400 delete_target success /{TARGET_LOCATION}/ROOT.20260722T0300 - - -
2026-08-08T23:30:33-0400 delete_target starting /{TARGET_LOCATION}/ROOT.20260722T0330 - - -
2026-08-08T23:30:33-0400 delete_target success /{TARGET_LOCATION}/ROOT.20260722T0330 - - -
2026-08-08T23:30:33-0400 delete_target starting /{TARGET_LOCATION}/ROOT.20260722T0400 - - -
2026-08-08T23:30:33-0400 delete_target success /{TARGET_LOCATION}/ROOT.20260722T0400 - - -
2026-08-08T23:30:33-0400 delete_target starting /{TARGET_LOCATION}/ROOT.20260722T0430 - - -
2026-08-08T23:30:33-0400 delete_target success /{TARGET_LOCATION}/ROOT.20260722T0430 - - -
2026-08-08T23:30:33-0400 delete_target starting /{TARGET_LOCATION}/ROOT.20260722T0500 - - -
2026-08-08T23:30:33-0400 delete_target success /{TARGET_LOCATION}/ROOT.20260722T0500 - - -
2026-08-08T23:30:33-0400 delete_target starting /{TARGET_LOCATION}/ROOT.20260722T0530 - - -
2026-08-08T23:30:33-0400 delete_target success /{TARGET_LOCATION}/ROOT.20260722T0530 - - -
2026-08-08T23:30:33-0400 delete_target starting /{TARGET_LOCATION}/ROOT.20260722T0600 - - -
2026-08-08T23:30:33-0400 delete_target success /{TARGET_LOCATION}/ROOT.20260722T0600 - - -
2026-08-08T23:30:33-0400 delete_target starting /{TARGET_LOCATION}/ROOT.20260722T0630 - - -
2026-08-08T23:30:33-0400 delete_target success /{TARGET_LOCATION}/ROOT.20260722T0630 - - -
2026-08-08T23:30:33-0400 delete_target starting /{TARGET_LOCATION}/ROOT.20260722T0700 - - -
2026-08-08T23:30:33-0400 delete_target success /{TARGET_LOCATION}/ROOT.20260722T0700 - - -
2026-08-08T23:30:33-0400 delete_target starting /{TARGET_LOCATION}/ROOT.20260722T0730 - - -
2026-08-08T23:30:33-0400 delete_target success /{TARGET_LOCATION}/ROOT.20260722T0730 - - -
2026-08-08T23:30:33-0400 delete_target starting /{TARGET_LOCATION}/ROOT.20260722T0800 - - -
2026-08-08T23:30:33-0400 delete_target success /{TARGET_LOCATION}/ROOT.20260722T0800 - - -
2026-08-08T23:30:33-0400 delete_target starting /{TARGET_LOCATION}/ROOT.20260722T0830 - - -
2026-08-08T23:30:33-0400 delete_target success /{TARGET_LOCATION}/ROOT.20260722T0830 - - -
2026-08-08T23:30:33-0400 delete_target starting /{TARGET_LOCATION}/ROOT.20260722T0900 - - -
2026-08-08T23:30:33-0400 delete_target success /{TARGET_LOCATION}/ROOT.20260722T0900 - - -
2026-08-08T23:30:33-0400 delete_target starting /{TARGET_LOCATION}/ROOT.20260722T0930 - - -
2026-08-08T23:30:33-0400 delete_target success /{TARGET_LOCATION}/ROOT.20260722T0930 - - -
2026-08-08T23:30:33-0400 delete_target starting /{TARGET_LOCATION}/ROOT.20260722T1000 - - -
2026-08-08T23:30:33-0400 delete_target success /{TARGET_LOCATION}/ROOT.20260722T1000 - - -
2026-08-08T23:30:33-0400 delete_target starting /{TARGET_LOCATION}/ROOT.20260722T1030 - - -
2026-08-08T23:30:33-0400 delete_target success /{TARGET_LOCATION}/ROOT.20260722T1030 - - -
2026-08-08T23:30:33-0400 delete_target starting /{TARGET_LOCATION}/ROOT.20260722T1100 - - -
2026-08-08T23:30:33-0400 delete_target success /{TARGET_LOCATION}/ROOT.20260722T1100 - - -
2026-08-08T23:30:33-0400 delete_target starting /{TARGET_LOCATION}/ROOT.20260722T1130 - - -
2026-08-08T23:30:33-0400 delete_target success /{TARGET_LOCATION}/ROOT.20260722T1130 - - -
2026-08-08T23:30:33-0400 delete_target starting /{TARGET_LOCATION}/ROOT.20260722T1200 - - -
2026-08-08T23:30:33-0400 delete_target success /{TARGET_LOCATION}/ROOT.20260722T1200 - - -
2026-08-08T23:30:33-0400 delete_target starting /{TARGET_LOCATION}/ROOT.20260722T1230 - - -
2026-08-08T23:30:33-0400 delete_target success /{TARGET_LOCATION}/ROOT.20260722T1230 - - -
2026-08-08T23:30:33-0400 delete_target starting /{TARGET_LOCATION}/ROOT.20260722T1300 - - -
2026-08-08T23:30:33-0400 delete_target success /{TARGET_LOCATION}/ROOT.20260722T1300 - - -
2026-08-08T23:30:33-0400 delete_target starting /{TARGET_LOCATION}/ROOT.20260722T1330 - - -
2026-08-08T23:30:33-0400 delete_target success /{TARGET_LOCATION}/ROOT.20260722T1330 - - -
2026-08-08T23:30:33-0400 delete_target starting /{TARGET_LOCATION}/ROOT.20260722T1400 - - -
2026-08-08T23:30:33-0400 delete_target success /{TARGET_LOCATION}/ROOT.20260722T1400 - - -
2026-08-08T23:30:33-0400 delete_target starting /{TARGET_LOCATION}/ROOT.20260722T1430 - - -
2026-08-08T23:30:33-0400 delete_target success /{TARGET_LOCATION}/ROOT.20260722T1430 - - -
2026-08-08T23:30:33-0400 delete_target starting /{TARGET_LOCATION}/ROOT.20260722T1500 - - -
2026-08-08T23:30:33-0400 delete_target success /{TARGET_LOCATION}/ROOT.20260722T1500 - - -
2026-08-08T23:30:33-0400 delete_target starting /{TARGET_LOCATION}/ROOT.20260722T1530 - - -
2026-08-08T23:30:33-0400 delete_target success /{TARGET_LOCATION}/ROOT.20260722T1530 - - -
2026-08-08T23:30:33-0400 delete_target starting /{TARGET_LOCATION}/ROOT.20260722T1600 - - -
2026-08-08T23:30:33-0400 delete_target success /{TARGET_LOCATION}/ROOT.20260722T1600 - - -
2026-08-08T23:30:33-0400 delete_target starting /{TARGET_LOCATION}/ROOT.20260722T1630 - - -
2026-08-08T23:30:33-0400 delete_target success /{TARGET_LOCATION}/ROOT.20260722T1630 - - -
2026-08-08T23:30:33-0400 delete_target starting /{TARGET_LOCATION}/ROOT.20260722T1700 - - -
2026-08-08T23:30:33-0400 delete_target success /{TARGET_LOCATION}/ROOT.20260722T1700 - - -
2026-08-08T23:30:33-0400 delete_target starting /{TARGET_LOCATION}/ROOT.20260722T1730 - - -
2026-08-08T23:30:33-0400 delete_target success /{TARGET_LOCATION}/ROOT.20260722T1730 - - -
2026-08-08T23:30:33-0400 delete_target starting /{TARGET_LOCATION}/ROOT.20260722T1800 - - -
2026-08-08T23:30:33-0400 delete_target success /{TARGET_LOCATION}/ROOT.20260722T1800 - - -
2026-08-08T23:30:33-0400 delete_target starting /{TARGET_LOCATION}/ROOT.20260722T1830 - - -
2026-08-08T23:30:33-0400 delete_target success /{TARGET_LOCATION}/ROOT.20260722T1830 - - -
2026-08-08T23:30:33-0400 delete_target starting /{TARGET_LOCATION}/ROOT.20260722T1900 - - -
2026-08-08T23:30:33-0400 delete_target success /{TARGET_LOCATION}/ROOT.20260722T1900 - - -
2026-08-08T23:30:33-0400 delete_target starting /{TARGET_LOCATION}/ROOT.20260722T1930 - - -
2026-08-08T23:30:33-0400 delete_target success /{TARGET_LOCATION}/ROOT.20260722T1930 - - -
2026-08-08T23:30:33-0400 delete_target starting /{TARGET_LOCATION}/ROOT.20260722T2000 - - -
2026-08-08T23:30:33-0400 delete_target success /{TARGET_LOCATION}/ROOT.20260722T2000 - - -
2026-08-08T23:30:33-0400 delete_target starting /{TARGET_LOCATION}/ROOT.20260722T2030 - - -
2026-08-08T23:30:33-0400 delete_target success /{TARGET_LOCATION}/ROOT.20260722T2030 - - -
2026-08-08T23:30:33-0400 delete_target starting /{TARGET_LOCATION}/ROOT.20260722T2100 - - -
2026-08-08T23:30:33-0400 delete_target success /{TARGET_LOCATION}/ROOT.20260722T2100 - - -
2026-08-08T23:30:33-0400 delete_target starting /{TARGET_LOCATION}/ROOT.20260722T2130 - - -
2026-08-08T23:30:33-0400 delete_target success /{TARGET_LOCATION}/ROOT.20260722T2130 - - -
2026-08-08T23:30:33-0400 delete_target starting /{TARGET_LOCATION}/ROOT.20260722T2200 - - -
2026-08-08T23:30:33-0400 delete_target success /{TARGET_LOCATION}/ROOT.20260722T2200 - - -
2026-08-08T23:30:33-0400 delete_target starting /{TARGET_LOCATION}/ROOT.20260722T2230 - - -
2026-08-08T23:30:33-0400 delete_target success /{TARGET_LOCATION}/ROOT.20260722T2230 - - -
2026-08-08T23:30:33-0400 delete_target starting /{TARGET_LOCATION}/ROOT.20260722T2300 - - -
2026-08-08T23:30:33-0400 delete_target success /{TARGET_LOCATION}/ROOT.20260722T2300 - - -
2026-08-08T23:30:33-0400 delete_target starting /{TARGET_LOCATION}/ROOT.20260722T2330 - - -
2026-08-08T23:30:33-0400 delete_target success /{TARGET_LOCATION}/ROOT.20260722T2330 - - -
2026-08-08T23:30:33-0400 delete_target starting /{TARGET_LOCATION}/ROOT.20260723T0000 - - -
2026-08-08T23:30:33-0400 delete_target success /{TARGET_LOCATION}/ROOT.20260723T0000 - - -
2026-08-08T23:30:33-0400 delete_target starting /{TARGET_LOCATION}/ROOT.20260723T0030 - - -
2026-08-08T23:30:33-0400 delete_target success /{TARGET_LOCATION}/ROOT.20260723T0030 - - -
2026-08-08T23:30:33-0400 delete_target starting /{TARGET_LOCATION}/ROOT.20260723T0100 - - -
2026-08-08T23:30:33-0400 delete_target success /{TARGET_LOCATION}/ROOT.20260723T0100 - - -
2026-08-08T23:30:33-0400 delete_target starting /{TARGET_LOCATION}/ROOT.20260723T0130 - - -
2026-08-08T23:30:33-0400 delete_target success /{TARGET_LOCATION}/ROOT.20260723T0130 - - -
2026-08-08T23:30:33-0400 delete_target starting /{TARGET_LOCATION}/ROOT.20260723T0200 - - -
2026-08-08T23:30:33-0400 delete_target success /{TARGET_LOCATION}/ROOT.20260723T0200 - - -
2026-08-08T23:30:33-0400 delete_target starting /{TARGET_LOCATION}/ROOT.20260723T0230 - - -
2026-08-08T23:30:33-0400 delete_target success /{TARGET_LOCATION}/ROOT.20260723T0230 - - -
2026-08-08T23:30:33-0400 delete_target starting /{TARGET_LOCATION}/ROOT.20260723T0300 - - -
2026-08-08T23:30:33-0400 delete_target success /{TARGET_LOCATION}/ROOT.20260723T0300 - - -
2026-08-08T23:30:33-0400 delete_target starting /{TARGET_LOCATION}/ROOT.20260723T0330 - - -
2026-08-08T23:30:33-0400 delete_target success /{TARGET_LOCATION}/ROOT.20260723T0330 - - -
2026-08-08T23:30:33-0400 delete_target starting /{TARGET_LOCATION}/ROOT.20260723T0400 - - -
2026-08-08T23:30:33-0400 delete_target success /{TARGET_LOCATION}/ROOT.20260723T0400 - - -
2026-08-08T23:30:33-0400 delete_target starting /{TARGET_LOCATION}/ROOT.20260723T0430 - - -
2026-08-08T23:30:33-0400 delete_target success /{TARGET_LOCATION}/ROOT.20260723T0430 - - -
2026-08-08T23:30:33-0400 delete_target starting /{TARGET_LOCATION}/ROOT.20260723T0500 - - -
2026-08-08T23:30:33-0400 delete_target success /{TARGET_LOCATION}/ROOT.20260723T0500 - - -
2026-08-08T23:30:33-0400 delete_target starting /{TARGET_LOCATION}/ROOT.20260723T0530 - - -
2026-08-08T23:30:33-0400 delete_target success /{TARGET_LOCATION}/ROOT.20260723T0530 - - -
2026-08-08T23:30:33-0400 delete_target starting /{TARGET_LOCATION}/ROOT.20260723T0600 - - -
2026-08-08T23:30:33-0400 delete_target success /{TARGET_LOCATION}/ROOT.20260723T0600 - - -
2026-08-08T23:30:33-0400 delete_target starting /{TARGET_LOCATION}/ROOT.20260723T0630 - - -
2026-08-08T23:30:33-0400 delete_target success /{TARGET_LOCATION}/ROOT.20260723T0630 - - -
2026-08-08T23:30:33-0400 delete_target starting /{TARGET_LOCATION}/ROOT.20260723T0700 - - -
2026-08-08T23:30:33-0400 delete_target success /{TARGET_LOCATION}/ROOT.20260723T0700 - - -
2026-08-08T23:30:33-0400 delete_target starting /{TARGET_LOCATION}/ROOT.20260723T0730 - - -
2026-08-08T23:30:33-0400 delete_target success /{TARGET_LOCATION}/ROOT.20260723T0730 - - -
2026-08-08T23:30:33-0400 delete_target starting /{TARGET_LOCATION}/ROOT.20260723T0800 - - -
2026-08-08T23:30:33-0400 delete_target success /{TARGET_LOCATION}/ROOT.20260723T0800 - - -
2026-08-08T23:30:33-0400 delete_target starting /{TARGET_LOCATION}/ROOT.20260723T0830 - - -
2026-08-08T23:30:33-0400 delete_target success /{TARGET_LOCATION}/ROOT.20260723T0830 - - -
2026-08-08T23:30:33-0400 delete_target starting /{TARGET_LOCATION}/ROOT.20260723T0900 - - -
2026-08-08T23:30:33-0400 delete_target success /{TARGET_LOCATION}/ROOT.20260723T0900 - - -
2026-08-08T23:30:33-0400 delete_target starting /{TARGET_LOCATION}/ROOT.20260723T0930 - - -
2026-08-08T23:30:33-0400 delete_target success /{TARGET_LOCATION}/ROOT.20260723T0930 - - -
2026-08-08T23:30:33-0400 delete_target starting /{TARGET_LOCATION}/ROOT.20260723T1000 - - -
2026-08-08T23:30:33-0400 delete_target success /{TARGET_LOCATION}/ROOT.20260723T1000 - - -
2026-08-08T23:30:33-0400 delete_target starting /{TARGET_LOCATION}/ROOT.20260723T1030 - - -
2026-08-08T23:30:33-0400 delete_target success /{TARGET_LOCATION}/ROOT.20260723T1030 - - -
2026-08-08T23:30:33-0400 delete_target starting /{TARGET_LOCATION}/ROOT.20260723T1100 - - -
2026-08-08T23:30:33-0400 delete_target success /{TARGET_LOCATION}/ROOT.20260723T1100 - - -
2026-08-08T23:30:33-0400 delete_target starting /{TARGET_LOCATION}/ROOT.20260723T1130 - - -
2026-08-08T23:30:33-0400 delete_target success /{TARGET_LOCATION}/ROOT.20260723T1130 - - -
2026-08-08T23:30:33-0400 delete_target starting /{TARGET_LOCATION}/ROOT.20260723T1200 - - -
2026-08-08T23:30:33-0400 delete_target success /{TARGET_LOCATION}/ROOT.20260723T1200 - - -
2026-08-08T23:30:33-0400 delete_target starting /{TARGET_LOCATION}/ROOT.20260723T1230 - - -
2026-08-08T23:30:33-0400 delete_target success /{TARGET_LOCATION}/ROOT.20260723T1230 - - -
2026-08-08T23:30:33-0400 delete_target starting /{TARGET_LOCATION}/ROOT.20260723T1300 - - -
2026-08-08T23:30:33-0400 delete_target success /{TARGET_LOCATION}/ROOT.20260723T1300 - - -
2026-08-08T23:30:33-0400 delete_target starting /{TARGET_LOCATION}/ROOT.20260723T1330 - - -
2026-08-08T23:30:33-0400 delete_target success /{TARGET_LOCATION}/ROOT.20260723T1330 - - -
2026-08-08T23:30:33-0400 delete_target starting /{TARGET_LOCATION}/ROOT.20260723T1400 - - -
2026-08-08T23:30:33-0400 delete_target success /{TARGET_LOCATION}/ROOT.20260723T1400 - - -
2026-08-08T23:30:33-0400 delete_target starting /{TARGET_LOCATION}/ROOT.20260723T1430 - - -
2026-08-08T23:30:33-0400 delete_target success /{TARGET_LOCATION}/ROOT.20260723T1430 - - -
2026-08-08T23:30:33-0400 delete_target starting /{TARGET_LOCATION}/ROOT.20260723T1500 - - -
2026-08-08T23:30:33-0400 delete_target success /{TARGET_LOCATION}/ROOT.20260723T1500 - - -
2026-08-08T23:30:33-0400 delete_target starting /{TARGET_LOCATION}/ROOT.20260723T1530 - - -
2026-08-08T23:30:33-0400 delete_target success /{TARGET_LOCATION}/ROOT.20260723T1530 - - -
2026-08-08T23:30:33-0400 delete_target starting /{TARGET_LOCATION}/ROOT.20260723T1600 - - -
2026-08-08T23:30:33-0400 delete_target success /{TARGET_LOCATION}/ROOT.20260723T1600 - - -
2026-08-08T23:30:33-0400 delete_target starting /{TARGET_LOCATION}/ROOT.20260723T1630 - - -
2026-08-08T23:30:33-0400 delete_target success /{TARGET_LOCATION}/ROOT.20260723T1630 - - -
2026-08-08T23:30:33-0400 delete_target starting /{TARGET_LOCATION}/ROOT.20260723T1700 - - -
2026-08-08T23:30:33-0400 delete_target success /{TARGET_LOCATION}/ROOT.20260723T1700 - - -
2026-08-08T23:30:33-0400 delete_target starting /{TARGET_LOCATION}/ROOT.20260723T1730 - - -
2026-08-08T23:30:33-0400 delete_target success /{TARGET_LOCATION}/ROOT.20260723T1730 - - -
2026-08-08T23:30:33-0400 delete_target starting /{TARGET_LOCATION}/ROOT.20260723T1800 - - -
2026-08-08T23:30:33-0400 delete_target success /{TARGET_LOCATION}/ROOT.20260723T1800 - - -
2026-08-08T23:30:33-0400 delete_target starting /{TARGET_LOCATION}/ROOT.20260723T1830 - - -
2026-08-08T23:30:33-0400 delete_target success /{TARGET_LOCATION}/ROOT.20260723T1830 - - -
2026-08-08T23:30:33-0400 delete_target starting /{TARGET_LOCATION}/ROOT.20260723T1900 - - -
2026-08-08T23:30:33-0400 delete_target success /{TARGET_LOCATION}/ROOT.20260723T1900 - - -
2026-08-08T23:30:33-0400 delete_target starting /{TARGET_LOCATION}/ROOT.20260723T1930 - - -
2026-08-08T23:30:33-0400 delete_target success /{TARGET_LOCATION}/ROOT.20260723T1930 - - -
2026-08-08T23:30:33-0400 delete_target starting /{TARGET_LOCATION}/ROOT.20260723T2000 - - -
2026-08-08T23:30:33-0400 delete_target success /{TARGET_LOCATION}/ROOT.20260723T2000 - - -
2026-08-08T23:30:33-0400 delete_target starting /{TARGET_LOCATION}/ROOT.20260723T2030 - - -
2026-08-08T23:30:33-0400 delete_target success /{TARGET_LOCATION}/ROOT.20260723T2030 - - -
2026-08-08T23:30:33-0400 delete_target starting /{TARGET_LOCATION}/ROOT.20260723T2100 - - -
2026-08-08T23:30:33-0400 delete_target success /{TARGET_LOCATION}/ROOT.20260723T2100 - - -
2026-08-08T23:30:33-0400 delete_target starting /{TARGET_LOCATION}/ROOT.20260723T2130 - - -
2026-08-08T23:30:33-0400 delete_target success /{TARGET_LOCATION}/ROOT.20260723T2130 - - -
2026-08-08T23:30:33-0400 delete_target starting /{TARGET_LOCATION}/ROOT.20260723T2200 - - -
2026-08-08T23:30:33-0400 delete_target success /{TARGET_LOCATION}/ROOT.20260723T2200 - - -
2026-08-08T23:30:33-0400 delete_target starting /{TARGET_LOCATION}/ROOT.20260723T2230 - - -
2026-08-08T23:30:33-0400 delete_target success /{TARGET_LOCATION}/ROOT.20260723T2230 - - -
2026-08-08T23:30:33-0400 delete_target starting /{TARGET_LOCATION}/ROOT.20260723T2300 - - -
2026-08-08T23:30:33-0400 delete_target success /{TARGET_LOCATION}/ROOT.20260723T2300 - - -
2026-08-08T23:30:33-0400 delete_target starting /{TARGET_LOCATION}/ROOT.20260723T2330 - - -
2026-08-08T23:30:33-0400 delete_target success /{TARGET_LOCATION}/ROOT.20260723T2330 - - -
2026-08-08T23:30:33-0400 delete_target starting /{TARGET_LOCATION}/ROOT.20260724T0000 - - -
2026-08-08T23:30:33-0400 delete_target success /{TARGET_LOCATION}/ROOT.20260724T0000 - - -
2026-08-08T23:30:33-0400 delete_target starting /{TARGET_LOCATION}/ROOT.20260724T0030 - - -
2026-08-08T23:30:33-0400 delete_target success /{TARGET_LOCATION}/ROOT.20260724T0030 - - -
2026-08-08T23:30:33-0400 delete_target starting /{TARGET_LOCATION}/ROOT.20260724T0100 - - -
2026-08-08T23:30:33-0400 delete_target success /{TARGET_LOCATION}/ROOT.20260724T0100 - - -
2026-08-08T23:30:33-0400 delete_target starting /{TARGET_LOCATION}/ROOT.20260724T0130 - - -
2026-08-08T23:30:33-0400 delete_target success /{TARGET_LOCATION}/ROOT.20260724T0130 - - -
2026-08-08T23:30:33-0400 delete_target starting /{TARGET_LOCATION}/ROOT.20260724T0200 - - -
2026-08-08T23:30:33-0400 delete_target success /{TARGET_LOCATION}/ROOT.20260724T0200 - - -
2026-08-08T23:30:33-0400 delete_target starting /{TARGET_LOCATION}/ROOT.20260724T0230 - - -
2026-08-08T23:30:33-0400 delete_target success /{TARGET_LOCATION}/ROOT.20260724T0230 - - -
2026-08-08T23:30:33-0400 delete_target starting /{TARGET_LOCATION}/ROOT.20260724T0300 - - -
2026-08-08T23:30:33-0400 delete_target success /{TARGET_LOCATION}/ROOT.20260724T0300 - - -
2026-08-08T23:30:33-0400 delete_target starting /{TARGET_LOCATION}/ROOT.20260724T0330 - - -
2026-08-08T23:30:33-0400 delete_target success /{TARGET_LOCATION}/ROOT.20260724T0330 - - -
2026-08-08T23:30:33-0400 delete_target starting /{TARGET_LOCATION}/ROOT.20260724T0400 - - -
2026-08-08T23:30:33-0400 delete_target success /{TARGET_LOCATION}/ROOT.20260724T0400 - - -
2026-08-08T23:30:33-0400 delete_target starting /{TARGET_LOCATION}/ROOT.20260724T0430 - - -
2026-08-08T23:30:33-0400 delete_target success /{TARGET_LOCATION}/ROOT.20260724T0430 - - -
2026-08-08T23:30:33-0400 delete_target starting /{TARGET_LOCATION}/ROOT.20260724T0500 - - -
2026-08-08T23:30:33-0400 delete_target success /{TARGET_LOCATION}/ROOT.20260724T0500 - - -
2026-08-08T23:30:33-0400 delete_target starting /{TARGET_LOCATION}/ROOT.20260724T0530 - - -
2026-08-08T23:30:33-0400 delete_target success /{TARGET_LOCATION}/ROOT.20260724T0530 - - -
2026-08-08T23:30:33-0400 delete_target starting /{TARGET_LOCATION}/ROOT.20260724T0600 - - -
2026-08-08T23:30:33-0400 delete_target success /{TARGET_LOCATION}/ROOT.20260724T0600 - - -
2026-08-08T23:30:33-0400 delete_target starting /{TARGET_LOCATION}/ROOT.20260724T0630 - - -
2026-08-08T23:30:33-0400 delete_target success /{TARGET_LOCATION}/ROOT.20260724T0630 - - -
2026-08-08T23:30:33-0400 delete_target starting /{TARGET_LOCATION}/ROOT.20260724T0700 - - -
2026-08-08T23:30:33-0400 delete_target success /{TARGET_LOCATION}/ROOT.20260724T0700 - - -
2026-08-08T23:30:33-0400 delete_target starting /{TARGET_LOCATION}/ROOT.20260724T0730 - - -
2026-08-08T23:30:33-0400 delete_target success /{TARGET_LOCATION}/ROOT.20260724T0730 - - -
2026-08-08T23:30:33-0400 delete_target starting /{TARGET_LOCATION}/ROOT.20260724T0800 - - -
2026-08-08T23:30:33-0400 delete_target success /{TARGET_LOCATION}/ROOT.20260724T0800 - - -
2026-08-08T23:30:33-0400 delete_target starting /{TARGET_LOCATION}/ROOT.20260724T0830 - - -
2026-08-08T23:30:33-0400 delete_target success /{TARGET_LOCATION}/ROOT.20260724T0830 - - -
2026-08-08T23:30:33-0400 delete_target starting /{TARGET_LOCATION}/ROOT.20260724T0900 - - -
2026-08-08T23:30:33-0400 delete_target success /{TARGET_LOCATION}/ROOT.20260724T0900 - - -
2026-08-08T23:30:33-0400 delete_target starting /{TARGET_LOCATION}/ROOT.20260724T0930 - - -
2026-08-08T23:30:33-0400 delete_target success /{TARGET_LOCATION}/ROOT.20260724T0930 - - -
2026-08-08T23:30:33-0400 delete_target starting /{TARGET_LOCATION}/ROOT.20260724T1000 - - -
2026-08-08T23:30:33-0400 delete_target success /{TARGET_LOCATION}/ROOT.20260724T1000 - - -
2026-08-08T23:30:33-0400 delete_target starting /{TARGET_LOCATION}/ROOT.20260724T1030 - - -
2026-08-08T23:30:33-0400 delete_target success /{TARGET_LOCATION}/ROOT.20260724T1030 - - -
2026-08-08T23:30:33-0400 delete_target starting /{TARGET_LOCATION}/ROOT.20260724T1100 - - -
2026-08-08T23:30:33-0400 delete_target success /{TARGET_LOCATION}/ROOT.20260724T1100 - - -
2026-08-08T23:30:33-0400 delete_target starting /{TARGET_LOCATION}/ROOT.20260724T1130 - - -
2026-08-08T23:30:33-0400 delete_target success /{TARGET_LOCATION}/ROOT.20260724T1130 - - -
2026-08-08T23:30:33-0400 delete_target starting /{TARGET_LOCATION}/ROOT.20260724T1200 - - -
2026-08-08T23:30:33-0400 delete_target success /{TARGET_LOCATION}/ROOT.20260724T1200 - - -
2026-08-08T23:30:33-0400 delete_target starting /{TARGET_LOCATION}/ROOT.20260724T1230 - - -
2026-08-08T23:30:33-0400 delete_target success /{TARGET_LOCATION}/ROOT.20260724T1230 - - -
2026-08-08T23:30:33-0400 delete_target starting /{TARGET_LOCATION}/ROOT.20260724T1300 - - -
2026-08-08T23:30:33-0400 delete_target success /{TARGET_LOCATION}/ROOT.20260724T1300 - - -
2026-08-08T23:30:33-0400 delete_target starting /{TARGET_LOCATION}/ROOT.20260724T1330 - - -
2026-08-08T23:30:33-0400 delete_target success /{TARGET_LOCATION}/ROOT.20260724T1330 - - -
2026-08-08T23:30:33-0400 delete_target starting /{TARGET_LOCATION}/ROOT.20260724T1400 - - -
2026-08-08T23:30:33-0400 delete_target success /{TARGET_LOCATION}/ROOT.20260724T1400 - - -
2026-08-08T23:30:33-0400 delete_target starting /{TARGET_LOCATION}/ROOT.20260724T1430 - - -
2026-08-08T23:30:34-0400 delete_target success /{TARGET_LOCATION}/ROOT.20260724T1430 - - -
2026-08-08T23:30:34-0400 delete_target starting /{TARGET_LOCATION}/ROOT.20260724T1500 - - -
2026-08-08T23:30:34-0400 delete_target success /{TARGET_LOCATION}/ROOT.20260724T1500 - - -
2026-08-08T23:30:34-0400 delete_target starting /{TARGET_LOCATION}/ROOT.20260724T1530 - - -
2026-08-08T23:30:34-0400 delete_target success /{TARGET_LOCATION}/ROOT.20260724T1530 - - -
2026-08-08T23:30:34-0400 delete_target starting /{TARGET_LOCATION}/ROOT.20260724T1600 - - -
2026-08-08T23:30:34-0400 delete_target success /{TARGET_LOCATION}/ROOT.20260724T1600 - - -
2026-08-08T23:30:34-0400 delete_target starting /{TARGET_LOCATION}/ROOT.20260724T1630 - - -
2026-08-08T23:30:34-0400 delete_target success /{TARGET_LOCATION}/ROOT.20260724T1630 - - -
2026-08-08T23:30:34-0400 delete_target starting /{TARGET_LOCATION}/ROOT.20260724T1700 - - -
2026-08-08T23:30:34-0400 delete_target success /{TARGET_LOCATION}/ROOT.20260724T1700 - - -
2026-08-08T23:30:34-0400 delete_target starting /{TARGET_LOCATION}/ROOT.20260724T1730 - - -
2026-08-08T23:30:34-0400 delete_target success /{TARGET_LOCATION}/ROOT.20260724T1730 - - -
2026-08-08T23:30:34-0400 delete_target starting /{TARGET_LOCATION}/ROOT.20260724T1800 - - -
2026-08-08T23:30:34-0400 delete_target success /{TARGET_LOCATION}/ROOT.20260724T1800 - - -
2026-08-08T23:30:34-0400 delete_target starting /{TARGET_LOCATION}/ROOT.20260724T1830 - - -
2026-08-08T23:30:34-0400 delete_target success /{TARGET_LOCATION}/ROOT.20260724T1830 - - -
2026-08-08T23:30:34-0400 delete_target starting /{TARGET_LOCATION}/ROOT.20260724T1900 - - -
2026-08-08T23:30:34-0400 delete_target success /{TARGET_LOCATION}/ROOT.20260724T1900 - - -
2026-08-08T23:30:34-0400 delete_target starting /{TARGET_LOCATION}/ROOT.20260724T1930 - - -
2026-08-08T23:30:34-0400 delete_target success /{TARGET_LOCATION}/ROOT.20260724T1930 - - -
2026-08-08T23:30:34-0400 delete_target starting /{TARGET_LOCATION}/ROOT.20260724T2000 - - -
2026-08-08T23:30:34-0400 delete_target success /{TARGET_LOCATION}/ROOT.20260724T2000 - - -
2026-08-08T23:30:34-0400 delete_target starting /{TARGET_LOCATION}/ROOT.20260724T2030 - - -
2026-08-08T23:30:34-0400 delete_target success /{TARGET_LOCATION}/ROOT.20260724T2030 - - -
2026-08-08T23:30:34-0400 delete_target starting /{TARGET_LOCATION}/ROOT.20260724T2100 - - -
2026-08-08T23:30:34-0400 delete_target success /{TARGET_LOCATION}/ROOT.20260724T2100 - - -
2026-08-08T23:30:34-0400 delete_target starting /{TARGET_LOCATION}/ROOT.20260724T2130 - - -
2026-08-08T23:30:34-0400 delete_target success /{TARGET_LOCATION}/ROOT.20260724T2130 - - -
2026-08-08T23:30:34-0400 delete_target starting /{TARGET_LOCATION}/ROOT.20260724T2200 - - -
2026-08-08T23:30:34-0400 delete_target success /{TARGET_LOCATION}/ROOT.20260724T2200 - - -
2026-08-08T23:30:34-0400 delete_target starting /{TARGET_LOCATION}/ROOT.20260724T2230 - - -
2026-08-08T23:30:34-0400 delete_target success /{TARGET_LOCATION}/ROOT.20260724T2230 - - -
2026-08-08T23:30:34-0400 delete_target starting /{TARGET_LOCATION}/ROOT.20260724T2300 - - -
2026-08-08T23:30:34-0400 delete_target success /{TARGET_LOCATION}/ROOT.20260724T2300 - - -
2026-08-08T23:30:34-0400 delete_target starting /{TARGET_LOCATION}/ROOT.20260724T2330 - - -
2026-08-08T23:30:34-0400 delete_target success /{TARGET_LOCATION}/ROOT.20260724T2330 - - -
2026-08-08T23:30:34-0400 delete_target starting /{TARGET_LOCATION}/ROOT.20260725T0000 - - -
2026-08-08T23:30:34-0400 delete_target success /{TARGET_LOCATION}/ROOT.20260725T0000 - - -
2026-08-08T23:30:34-0400 delete_target starting /{TARGET_LOCATION}/ROOT.20260725T0030 - - -
2026-08-08T23:30:34-0400 delete_target success /{TARGET_LOCATION}/ROOT.20260725T0030 - - -
2026-08-08T23:30:34-0400 delete_target starting /{TARGET_LOCATION}/ROOT.20260725T0100 - - -
2026-08-08T23:30:34-0400 delete_target success /{TARGET_LOCATION}/ROOT.20260725T0100 - - -
2026-08-08T23:30:34-0400 delete_target starting /{TARGET_LOCATION}/ROOT.20260725T0130 - - -
2026-08-08T23:30:34-0400 delete_target success /{TARGET_LOCATION}/ROOT.20260725T0130 - - -
2026-08-08T23:30:34-0400 delete_target starting /{TARGET_LOCATION}/ROOT.20260725T0200 - - -
2026-08-08T23:30:34-0400 delete_target success /{TARGET_LOCATION}/ROOT.20260725T0200 - - -
2026-08-08T23:30:34-0400 delete_target starting /{TARGET_LOCATION}/ROOT.20260725T0230 - - -
2026-08-08T23:30:34-0400 delete_target success /{TARGET_LOCATION}/ROOT.20260725T0230 - - -
2026-08-08T23:30:34-0400 delete_target starting /{TARGET_LOCATION}/ROOT.20260725T0300 - - -
2026-08-08T23:30:34-0400 delete_target success /{TARGET_LOCATION}/ROOT.20260725T0300 - - -
2026-08-08T23:30:34-0400 delete_target starting /{TARGET_LOCATION}/ROOT.20260725T0330 - - -
2026-08-08T23:30:34-0400 delete_target success /{TARGET_LOCATION}/ROOT.20260725T0330 - - -
2026-08-08T23:30:34-0400 delete_target starting /{TARGET_LOCATION}/ROOT.20260725T0400 - - -
2026-08-08T23:30:34-0400 delete_target success /{TARGET_LOCATION}/ROOT.20260725T0400 - - -
2026-08-08T23:30:34-0400 delete_target starting /{TARGET_LOCATION}/ROOT.20260725T0430 - - -
2026-08-08T23:30:34-0400 delete_target success /{TARGET_LOCATION}/ROOT.20260725T0430 - - -
2026-08-08T23:30:34-0400 delete_target starting /{TARGET_LOCATION}/ROOT.20260725T0500 - - -
2026-08-08T23:30:34-0400 delete_target success /{TARGET_LOCATION}/ROOT.20260725T0500 - - -
2026-08-08T23:30:34-0400 delete_target starting /{TARGET_LOCATION}/ROOT.20260725T0530 - - -
2026-08-08T23:30:34-0400 delete_target success /{TARGET_LOCATION}/ROOT.20260725T0530 - - -
2026-08-08T23:30:34-0400 delete_target starting /{TARGET_LOCATION}/ROOT.20260725T0600 - - -
2026-08-08T23:30:34-0400 delete_target success /{TARGET_LOCATION}/ROOT.20260725T0600 - - -
2026-08-08T23:30:34-0400 delete_target starting /{TARGET_LOCATION}/ROOT.20260725T0630 - - -
2026-08-08T23:30:34-0400 delete_target success /{TARGET_LOCATION}/ROOT.20260725T0630 - - -
2026-08-08T23:30:34-0400 delete_target starting /{TARGET_LOCATION}/ROOT.20260725T0700 - - -
2026-08-08T23:30:34-0400 delete_target success /{TARGET_LOCATION}/ROOT.20260725T0700 - - -
2026-08-08T23:30:34-0400 delete_target starting /{TARGET_LOCATION}/ROOT.20260725T0730 - - -
2026-08-08T23:30:34-0400 delete_target success /{TARGET_LOCATION}/ROOT.20260725T0730 - - -
2026-08-08T23:30:34-0400 delete_target starting /{TARGET_LOCATION}/ROOT.20260725T0800 - - -
2026-08-08T23:30:34-0400 delete_target success /{TARGET_LOCATION}/ROOT.20260725T0800 - - -
2026-08-08T23:30:34-0400 delete_target starting /{TARGET_LOCATION}/ROOT.20260725T0830 - - -
2026-08-08T23:30:34-0400 delete_target success /{TARGET_LOCATION}/ROOT.20260725T0830 - - -
2026-08-08T23:30:34-0400 delete_target starting /{TARGET_LOCATION}/ROOT.20260725T0900 - - -
2026-08-08T23:30:34-0400 delete_target success /{TARGET_LOCATION}/ROOT.20260725T0900 - - -
2026-08-08T23:30:34-0400 delete_target starting /{TARGET_LOCATION}/ROOT.20260725T0930 - - -
2026-08-08T23:30:34-0400 delete_target success /{TARGET_LOCATION}/ROOT.20260725T0930 - - -
2026-08-08T23:30:34-0400 delete_target starting /{TARGET_LOCATION}/ROOT.20260725T1000 - - -
2026-08-08T23:30:34-0400 delete_target success /{TARGET_LOCATION}/ROOT.20260725T1000 - - -
2026-08-08T23:30:34-0400 delete_target starting /{TARGET_LOCATION}/ROOT.20260725T1030 - - -
2026-08-08T23:30:34-0400 delete_target success /{TARGET_LOCATION}/ROOT.20260725T1030 - - -
2026-08-08T23:30:34-0400 delete_target starting /{TARGET_LOCATION}/ROOT.20260725T1100 - - -
2026-08-08T23:30:34-0400 delete_target success /{TARGET_LOCATION}/ROOT.20260725T1100 - - -
2026-08-08T23:30:34-0400 delete_target starting /{TARGET_LOCATION}/ROOT.20260725T1130 - - -
2026-08-08T23:30:34-0400 delete_target success /{TARGET_LOCATION}/ROOT.20260725T1130 - - -
2026-08-08T23:30:34-0400 delete_target starting /{TARGET_LOCATION}/ROOT.20260725T1200 - - -
2026-08-08T23:30:34-0400 delete_target success /{TARGET_LOCATION}/ROOT.20260725T1200 - - -
2026-08-08T23:30:34-0400 delete_target starting /{TARGET_LOCATION}/ROOT.20260725T1230 - - -
2026-08-08T23:30:34-0400 delete_target success /{TARGET_LOCATION}/ROOT.20260725T1230 - - -
2026-08-08T23:30:34-0400 delete_target starting /{TARGET_LOCATION}/ROOT.20260725T1300 - - -
2026-08-08T23:30:34-0400 delete_target success /{TARGET_LOCATION}/ROOT.20260725T1300 - - -
2026-08-08T23:30:34-0400 delete_target starting /{TARGET_LOCATION}/ROOT.20260725T1330 - - -
2026-08-08T23:30:34-0400 delete_target success /{TARGET_LOCATION}/ROOT.20260725T1330 - - -
2026-08-08T23:30:34-0400 delete_target starting /{TARGET_LOCATION}/ROOT.20260725T1400 - - -
2026-08-08T23:30:34-0400 delete_target success /{TARGET_LOCATION}/ROOT.20260725T1400 - - -
2026-08-08T23:30:34-0400 delete_target starting /{TARGET_LOCATION}/ROOT.20260725T1430 - - -
2026-08-08T23:30:34-0400 delete_target success /{TARGET_LOCATION}/ROOT.20260725T1430 - - -
2026-08-08T23:30:34-0400 delete_target starting /{TARGET_LOCATION}/ROOT.20260725T1500 - - -
2026-08-08T23:30:34-0400 delete_target success /{TARGET_LOCATION}/ROOT.20260725T1500 - - -
2026-08-08T23:30:34-0400 delete_target starting /{TARGET_LOCATION}/ROOT.20260725T1530 - - -
2026-08-08T23:30:34-0400 delete_target success /{TARGET_LOCATION}/ROOT.20260725T1530 - - -
2026-08-08T23:30:34-0400 delete_target starting /{TARGET_LOCATION}/ROOT.20260725T1600 - - -
2026-08-08T23:30:34-0400 delete_target success /{TARGET_LOCATION}/ROOT.20260725T1600 - - -
2026-08-08T23:30:34-0400 delete_target starting /{TARGET_LOCATION}/ROOT.20260725T1630 - - -
2026-08-08T23:30:34-0400 delete_target success /{TARGET_LOCATION}/ROOT.20260725T1630 - - -
2026-08-08T23:30:34-0400 delete_target starting /{TARGET_LOCATION}/ROOT.20260725T1700 - - -
2026-08-08T23:30:34-0400 delete_target success /{TARGET_LOCATION}/ROOT.20260725T1700 - - -
2026-08-08T23:30:34-0400 delete_target starting /{TARGET_LOCATION}/ROOT.20260725T1730 - - -
2026-08-08T23:30:34-0400 delete_target success /{TARGET_LOCATION}/ROOT.20260725T1730 - - -
2026-08-08T23:30:34-0400 delete_target starting /{TARGET_LOCATION}/ROOT.20260725T1800 - - -
2026-08-08T23:30:34-0400 delete_target success /{TARGET_LOCATION}/ROOT.20260725T1800 - - -
2026-08-08T23:30:34-0400 delete_target starting /{TARGET_LOCATION}/ROOT.20260725T1830 - - -
2026-08-08T23:30:34-0400 delete_target success /{TARGET_LOCATION}/ROOT.20260725T1830 - - -
2026-08-08T23:30:34-0400 delete_target starting /{TARGET_LOCATION}/ROOT.20260725T1900 - - -
2026-08-08T23:30:34-0400 delete_target success /{TARGET_LOCATION}/ROOT.20260725T1900 - - -
2026-08-08T23:30:34-0400 delete_target starting /{TARGET_LOCATION}/ROOT.20260725T1930 - - -
2026-08-08T23:30:34-0400 delete_target success /{TARGET_LOCATION}/ROOT.20260725T1930 - - -
2026-08-08T23:30:34-0400 delete_target starting /{TARGET_LOCATION}/ROOT.20260725T2000 - - -
2026-08-08T23:30:34-0400 delete_target success /{TARGET_LOCATION}/ROOT.20260725T2000 - - -
2026-08-08T23:30:34-0400 delete_target starting /{TARGET_LOCATION}/ROOT.20260725T2030 - - -
2026-08-08T23:30:34-0400 delete_target success /{TARGET_LOCATION}/ROOT.20260725T2030 - - -
2026-08-08T23:30:34-0400 delete_target starting /{TARGET_LOCATION}/ROOT.20260725T2100 - - -
2026-08-08T23:30:34-0400 delete_target success /{TARGET_LOCATION}/ROOT.20260725T2100 - - -
2026-08-08T23:30:34-0400 delete_target starting /{TARGET_LOCATION}/ROOT.20260725T2130 - - -
2026-08-08T23:30:34-0400 delete_target success /{TARGET_LOCATION}/ROOT.20260725T2130 - - -
2026-08-08T23:30:34-0400 delete_target starting /{TARGET_LOCATION}/ROOT.20260725T2200 - - -
2026-08-08T23:30:34-0400 delete_target success /{TARGET_LOCATION}/ROOT.20260725T2200 - - -
2026-08-08T23:30:34-0400 delete_target starting /{TARGET_LOCATION}/ROOT.20260725T2230 - - -
2026-08-08T23:30:34-0400 delete_target success /{TARGET_LOCATION}/ROOT.20260725T2230 - - -
2026-08-08T23:30:34-0400 delete_target starting /{TARGET_LOCATION}/ROOT.20260725T2300 - - -
2026-08-08T23:30:34-0400 delete_target success /{TARGET_LOCATION}/ROOT.20260725T2300 - - -
2026-08-08T23:30:34-0400 delete_target starting /{TARGET_LOCATION}/ROOT.20260725T2330 - - -
2026-08-08T23:30:34-0400 delete_target success /{TARGET_LOCATION}/ROOT.20260725T2330 - - -
2026-08-08T23:30:34-0400 delete_target starting /{TARGET_LOCATION}/ROOT.20260726T0030 - - -
2026-08-08T23:30:34-0400 delete_target success /{TARGET_LOCATION}/ROOT.20260726T0030 - - -
2026-08-08T23:30:34-0400 delete_target starting /{TARGET_LOCATION}/ROOT.20260726T0100 - - -
2026-08-08T23:30:34-0400 delete_target success /{TARGET_LOCATION}/ROOT.20260726T0100 - - -
2026-08-08T23:30:34-0400 delete_target starting /{TARGET_LOCATION}/ROOT.20260726T0130 - - -
2026-08-08T23:30:34-0400 delete_target success /{TARGET_LOCATION}/ROOT.20260726T0130 - - -
2026-08-08T23:30:34-0400 delete_target starting /{TARGET_LOCATION}/ROOT.20260726T0200 - - -
2026-08-08T23:30:34-0400 delete_target success /{TARGET_LOCATION}/ROOT.20260726T0200 - - -
2026-08-08T23:30:34-0400 delete_target starting /{TARGET_LOCATION}/ROOT.20260726T0230 - - -
2026-08-08T23:30:34-0400 delete_target success /{TARGET_LOCATION}/ROOT.20260726T0230 - - -
2026-08-08T23:30:34-0400 delete_target starting /{TARGET_LOCATION}/ROOT.20260726T0300 - - -
2026-08-08T23:30:34-0400 delete_target success /{TARGET_LOCATION}/ROOT.20260726T0300 - - -
2026-08-08T23:30:34-0400 delete_target starting /{TARGET_LOCATION}/ROOT.20260726T0330 - - -
2026-08-08T23:30:34-0400 delete_target success /{TARGET_LOCATION}/ROOT.20260726T0330 - - -
2026-08-08T23:30:34-0400 delete_target starting /{TARGET_LOCATION}/ROOT.20260726T0400 - - -
2026-08-08T23:30:34-0400 delete_target success /{TARGET_LOCATION}/ROOT.20260726T0400 - - -
2026-08-08T23:30:34-0400 delete_target starting /{TARGET_LOCATION}/ROOT.20260726T0430 - - -
2026-08-08T23:30:34-0400 delete_target success /{TARGET_LOCATION}/ROOT.20260726T0430 - - -
2026-08-08T23:30:34-0400 delete_target starting /{TARGET_LOCATION}/ROOT.20260726T0500 - - -
2026-08-08T23:30:34-0400 delete_target success /{TARGET_LOCATION}/ROOT.20260726T0500 - - -
2026-08-08T23:30:34-0400 delete_target starting /{TARGET_LOCATION}/ROOT.20260726T0530 - - -
2026-08-08T23:30:34-0400 delete_target success /{TARGET_LOCATION}/ROOT.20260726T0530 - - -
2026-08-08T23:30:34-0400 delete_target starting /{TARGET_LOCATION}/ROOT.20260726T0600 - - -
2026-08-08T23:30:34-0400 delete_target success /{TARGET_LOCATION}/ROOT.20260726T0600 - - -
2026-08-08T23:30:34-0400 delete_target starting /{TARGET_LOCATION}/ROOT.20260726T0630 - - -
2026-08-08T23:30:34-0400 delete_target success /{TARGET_LOCATION}/ROOT.20260726T0630 - - -
2026-08-08T23:30:34-0400 delete_target starting /{TARGET_LOCATION}/ROOT.20260726T0700 - - -
2026-08-08T23:30:34-0400 delete_target success /{TARGET_LOCATION}/ROOT.20260726T0700 - - -
2026-08-08T23:30:34-0400 delete_target starting /{TARGET_LOCATION}/ROOT.20260726T0730 - - -
2026-08-08T23:30:34-0400 delete_target success /{TARGET_LOCATION}/ROOT.20260726T0730 - - -
2026-08-08T23:30:34-0400 delete_target starting /{TARGET_LOCATION}/ROOT.20260726T0800 - - -
2026-08-08T23:30:34-0400 delete_target success /{TARGET_LOCATION}/ROOT.20260726T0800 - - -
2026-08-08T23:30:34-0400 delete_target starting /{TARGET_LOCATION}/ROOT.20260726T0830 - - -
2026-08-08T23:30:34-0400 delete_target success /{TARGET_LOCATION}/ROOT.20260726T0830 - - -
2026-08-08T23:30:34-0400 delete_target starting /{TARGET_LOCATION}/ROOT.20260726T0900 - - -
2026-08-08T23:30:34-0400 delete_target success /{TARGET_LOCATION}/ROOT.20260726T0900 - - -
2026-08-08T23:30:34-0400 delete_target starting /{TARGET_LOCATION}/ROOT.20260726T0930 - - -
2026-08-08T23:30:34-0400 delete_target success /{TARGET_LOCATION}/ROOT.20260726T0930 - - -
2026-08-08T23:30:34-0400 delete_target starting /{TARGET_LOCATION}/ROOT.20260726T1000 - - -
2026-08-08T23:30:34-0400 delete_target success /{TARGET_LOCATION}/ROOT.20260726T1000 - - -
2026-08-08T23:30:34-0400 delete_target starting /{TARGET_LOCATION}/ROOT.20260726T1030 - - -
2026-08-08T23:30:34-0400 delete_target success /{TARGET_LOCATION}/ROOT.20260726T1030 - - -
2026-08-08T23:30:34-0400 delete_target starting /{TARGET_LOCATION}/ROOT.20260726T1100 - - -
2026-08-08T23:30:34-0400 delete_target success /{TARGET_LOCATION}/ROOT.20260726T1100 - - -
2026-08-08T23:30:34-0400 delete_target starting /{TARGET_LOCATION}/ROOT.20260726T1130 - - -
2026-08-08T23:30:34-0400 delete_target success /{TARGET_LOCATION}/ROOT.20260726T1130 - - -
2026-08-08T23:30:34-0400 delete_target starting /{TARGET_LOCATION}/ROOT.20260726T1200 - - -
2026-08-08T23:30:34-0400 delete_target success /{TARGET_LOCATION}/ROOT.20260726T1200 - - -
2026-08-08T23:30:34-0400 delete_target starting /{TARGET_LOCATION}/ROOT.20260726T1230 - - -
2026-08-08T23:30:34-0400 delete_target success /{TARGET_LOCATION}/ROOT.20260726T1230 - - -
2026-08-08T23:30:34-0400 delete_target starting /{TARGET_LOCATION}/ROOT.20260726T1300 - - -
2026-08-08T23:30:34-0400 delete_target success /{TARGET_LOCATION}/ROOT.20260726T1300 - - -
2026-08-08T23:30:34-0400 delete_target starting /{TARGET_LOCATION}/ROOT.20260726T1330 - - -
2026-08-08T23:30:34-0400 delete_target success /{TARGET_LOCATION}/ROOT.20260726T1330 - - -
2026-08-08T23:30:34-0400 delete_target starting /{TARGET_LOCATION}/ROOT.20260726T1400 - - -
2026-08-08T23:30:34-0400 delete_target success /{TARGET_LOCATION}/ROOT.20260726T1400 - - -
2026-08-08T23:30:34-0400 delete_target starting /{TARGET_LOCATION}/ROOT.20260726T1430 - - -
2026-08-08T23:30:34-0400 delete_target success /{TARGET_LOCATION}/ROOT.20260726T1430 - - -
2026-08-08T23:30:34-0400 delete_target starting /{TARGET_LOCATION}/ROOT.20260726T1500 - - -
2026-08-08T23:30:34-0400 delete_target success /{TARGET_LOCATION}/ROOT.20260726T1500 - - -
2026-08-08T23:30:34-0400 delete_target starting /{TARGET_LOCATION}/ROOT.20260726T1530 - - -
2026-08-08T23:30:34-0400 delete_target success /{TARGET_LOCATION}/ROOT.20260726T1530 - - -
2026-08-08T23:30:34-0400 delete_target starting /{TARGET_LOCATION}/ROOT.20260726T1600 - - -
2026-08-08T23:30:34-0400 delete_target success /{TARGET_LOCATION}/ROOT.20260726T1600 - - -
2026-08-08T23:30:34-0400 delete_target starting /{TARGET_LOCATION}/ROOT.20260726T1630 - - -
2026-08-08T23:30:34-0400 delete_target success /{TARGET_LOCATION}/ROOT.20260726T1630 - - -
2026-08-08T23:30:34-0400 delete_target starting /{TARGET_LOCATION}/ROOT.20260726T1700 - - -
2026-08-08T23:30:34-0400 delete_target success /{TARGET_LOCATION}/ROOT.20260726T1700 - - -
2026-08-08T23:30:34-0400 delete_target starting /{TARGET_LOCATION}/ROOT.20260726T1730 - - -
2026-08-08T23:30:34-0400 delete_target success /{TARGET_LOCATION}/ROOT.20260726T1730 - - -
2026-08-08T23:30:34-0400 delete_target starting /{TARGET_LOCATION}/ROOT.20260726T1800 - - -
2026-08-08T23:30:34-0400 delete_target success /{TARGET_LOCATION}/ROOT.20260726T1800 - - -
2026-08-08T23:30:34-0400 delete_target starting /{TARGET_LOCATION}/ROOT.20260726T1830 - - -
2026-08-08T23:30:34-0400 delete_target success /{TARGET_LOCATION}/ROOT.20260726T1830 - - -
2026-08-08T23:30:34-0400 delete_target starting /{TARGET_LOCATION}/ROOT.20260726T1900 - - -
2026-08-08T23:30:34-0400 delete_target success /{TARGET_LOCATION}/ROOT.20260726T1900 - - -
2026-08-08T23:30:34-0400 delete_target starting /{TARGET_LOCATION}/ROOT.20260726T1930 - - -
2026-08-08T23:30:34-0400 delete_target success /{TARGET_LOCATION}/ROOT.20260726T1930 - - -
2026-08-08T23:30:34-0400 delete_target starting /{TARGET_LOCATION}/ROOT.20260726T2000 - - -
2026-08-08T23:30:34-0400 delete_target success /{TARGET_LOCATION}/ROOT.20260726T2000 - - -
2026-08-08T23:30:34-0400 delete_target starting /{TARGET_LOCATION}/ROOT.20260726T2030 - - -
2026-08-08T23:30:34-0400 delete_target success /{TARGET_LOCATION}/ROOT.20260726T2030 - - -
2026-08-08T23:30:34-0400 delete_target starting /{TARGET_LOCATION}/ROOT.20260726T2100 - - -
2026-08-08T23:30:34-0400 delete_target success /{TARGET_LOCATION}/ROOT.20260726T2100 - - -
2026-08-08T23:30:34-0400 delete_target starting /{TARGET_LOCATION}/ROOT.20260726T2130 - - -
2026-08-08T23:30:34-0400 delete_target success /{TARGET_LOCATION}/ROOT.20260726T2130 - - -
2026-08-08T23:30:34-0400 delete_target starting /{TARGET_LOCATION}/ROOT.20260726T2200 - - -
2026-08-08T23:30:34-0400 delete_target success /{TARGET_LOCATION}/ROOT.20260726T2200 - - -
2026-08-08T23:30:34-0400 delete_target starting /{TARGET_LOCATION}/ROOT.20260726T2230 - - -
2026-08-08T23:30:34-0400 delete_target success /{TARGET_LOCATION}/ROOT.20260726T2230 - - -
2026-08-08T23:30:34-0400 delete_target starting /{TARGET_LOCATION}/ROOT.20260726T2300 - - -
2026-08-08T23:30:34-0400 delete_target success /{TARGET_LOCATION}/ROOT.20260726T2300 - - -
2026-08-08T23:30:34-0400 delete_target starting /{TARGET_LOCATION}/ROOT.20260726T2330 - - -
2026-08-08T23:30:34-0400 delete_target success /{TARGET_LOCATION}/ROOT.20260726T2330 - - -
2026-08-08T23:30:34-0400 delete_target starting /{TARGET_LOCATION}/ROOT.20260727T0000 - - -
2026-08-08T23:30:34-0400 delete_target success /{TARGET_LOCATION}/ROOT.20260727T0000 - - -
2026-08-08T23:30:34-0400 delete_target starting /{TARGET_LOCATION}/ROOT.20260727T0030 - - -
2026-08-08T23:30:35-0400 delete_target success /{TARGET_LOCATION}/ROOT.20260727T0030 - - -
2026-08-08T23:30:35-0400 delete_target starting /{TARGET_LOCATION}/ROOT.20260727T0100 - - -
2026-08-08T23:30:35-0400 delete_target success /{TARGET_LOCATION}/ROOT.20260727T0100 - - -
2026-08-08T23:30:35-0400 delete_target starting /{TARGET_LOCATION}/ROOT.20260727T0130 - - -
2026-08-08T23:30:35-0400 delete_target success /{TARGET_LOCATION}/ROOT.20260727T0130 - - -
2026-08-08T23:30:35-0400 delete_target starting /{TARGET_LOCATION}/ROOT.20260727T0200 - - -
2026-08-08T23:30:35-0400 delete_target success /{TARGET_LOCATION}/ROOT.20260727T0200 - - -
2026-08-08T23:30:35-0400 delete_target starting /{TARGET_LOCATION}/ROOT.20260727T0230 - - -
2026-08-08T23:30:35-0400 delete_target success /{TARGET_LOCATION}/ROOT.20260727T0230 - - -
2026-08-08T23:30:35-0400 delete_target starting /{TARGET_LOCATION}/ROOT.20260727T0300 - - -
2026-08-08T23:30:35-0400 delete_target success /{TARGET_LOCATION}/ROOT.20260727T0300 - - -
2026-08-08T23:30:35-0400 delete_target starting /{TARGET_LOCATION}/ROOT.20260727T0330 - - -
2026-08-08T23:30:35-0400 delete_target success /{TARGET_LOCATION}/ROOT.20260727T0330 - - -
2026-08-08T23:30:35-0400 delete_target starting /{TARGET_LOCATION}/ROOT.20260727T0400 - - -
2026-08-08T23:30:35-0400 delete_target success /{TARGET_LOCATION}/ROOT.20260727T0400 - - -
2026-08-08T23:30:35-0400 delete_target starting /{TARGET_LOCATION}/ROOT.20260727T0430 - - -
2026-08-08T23:30:35-0400 delete_target success /{TARGET_LOCATION}/ROOT.20260727T0430 - - -
2026-08-08T23:30:35-0400 delete_target starting /{TARGET_LOCATION}/ROOT.20260727T0500 - - -
2026-08-08T23:30:35-0400 delete_target success /{TARGET_LOCATION}/ROOT.20260727T0500 - - -
2026-08-08T23:30:35-0400 delete_target starting /{TARGET_LOCATION}/ROOT.20260727T0530 - - -
2026-08-08T23:30:35-0400 delete_target success /{TARGET_LOCATION}/ROOT.20260727T0530 - - -
2026-08-08T23:30:35-0400 delete_target starting /{TARGET_LOCATION}/ROOT.20260727T0600 - - -
2026-08-08T23:30:35-0400 delete_target success /{TARGET_LOCATION}/ROOT.20260727T0600 - - -
2026-08-08T23:30:35-0400 delete_target starting /{TARGET_LOCATION}/ROOT.20260727T0630 - - -
2026-08-08T23:30:35-0400 delete_target success /{TARGET_LOCATION}/ROOT.20260727T0630 - - -
2026-08-08T23:30:35-0400 delete_target starting /{TARGET_LOCATION}/ROOT.20260727T0700 - - -
2026-08-08T23:30:35-0400 delete_target success /{TARGET_LOCATION}/ROOT.20260727T0700 - - -
2026-08-08T23:30:35-0400 delete_target starting /{TARGET_LOCATION}/ROOT.20260727T0730 - - -
2026-08-08T23:30:35-0400 delete_target success /{TARGET_LOCATION}/ROOT.20260727T0730 - - -
2026-08-08T23:30:35-0400 delete_target starting /{TARGET_LOCATION}/ROOT.20260727T0800 - - -
2026-08-08T23:30:35-0400 delete_target success /{TARGET_LOCATION}/ROOT.20260727T0800 - - -
2026-08-08T23:30:35-0400 delete_target starting /{TARGET_LOCATION}/ROOT.20260727T0830 - - -
2026-08-08T23:30:35-0400 delete_target success /{TARGET_LOCATION}/ROOT.20260727T0830 - - -
2026-08-08T23:30:35-0400 delete_target starting /{TARGET_LOCATION}/ROOT.20260727T0900 - - -
2026-08-08T23:30:35-0400 delete_target success /{TARGET_LOCATION}/ROOT.20260727T0900 - - -
2026-08-08T23:30:35-0400 delete_target starting /{TARGET_LOCATION}/ROOT.20260727T0930 - - -
2026-08-08T23:30:35-0400 delete_target success /{TARGET_LOCATION}/ROOT.20260727T0930 - - -
2026-08-08T23:30:35-0400 delete_target starting /{TARGET_LOCATION}/ROOT.20260727T1000 - - -
2026-08-08T23:30:35-0400 delete_target success /{TARGET_LOCATION}/ROOT.20260727T1000 - - -
2026-08-08T23:30:35-0400 delete_target starting /{TARGET_LOCATION}/ROOT.20260727T1030 - - -
2026-08-08T23:30:35-0400 delete_target success /{TARGET_LOCATION}/ROOT.20260727T1030 - - -
2026-08-08T23:30:35-0400 delete_target starting /{TARGET_LOCATION}/ROOT.20260727T1100 - - -
2026-08-08T23:30:35-0400 delete_target success /{TARGET_LOCATION}/ROOT.20260727T1100 - - -
2026-08-08T23:30:35-0400 delete_target starting /{TARGET_LOCATION}/ROOT.20260727T1130 - - -
2026-08-08T23:30:35-0400 delete_target success /{TARGET_LOCATION}/ROOT.20260727T1130 - - -
2026-08-08T23:30:35-0400 delete_target starting /{TARGET_LOCATION}/ROOT.20260727T1200 - - -
2026-08-08T23:30:35-0400 delete_target success /{TARGET_LOCATION}/ROOT.20260727T1200 - - -
2026-08-08T23:30:35-0400 delete_target starting /{TARGET_LOCATION}/ROOT.20260727T1230 - - -
2026-08-08T23:30:35-0400 delete_target success /{TARGET_LOCATION}/ROOT.20260727T1230 - - -
2026-08-08T23:30:35-0400 delete_target starting /{TARGET_LOCATION}/ROOT.20260727T1300 - - -
2026-08-08T23:30:35-0400 delete_target success /{TARGET_LOCATION}/ROOT.20260727T1300 - - -
2026-08-08T23:30:35-0400 delete_target starting /{TARGET_LOCATION}/ROOT.20260727T1330 - - -
2026-08-08T23:30:35-0400 delete_target success /{TARGET_LOCATION}/ROOT.20260727T1330 - - -
2026-08-08T23:30:35-0400 delete_target starting /{TARGET_LOCATION}/ROOT.20260727T1400 - - -
2026-08-08T23:30:35-0400 delete_target success /{TARGET_LOCATION}/ROOT.20260727T1400 - - -
2026-08-08T23:30:35-0400 delete_target starting /{TARGET_LOCATION}/ROOT.20260727T1430 - - -
2026-08-08T23:30:35-0400 delete_target success /{TARGET_LOCATION}/ROOT.20260727T1430 - - -
2026-08-08T23:30:35-0400 delete_target starting /{TARGET_LOCATION}/ROOT.20260727T1500 - - -
2026-08-08T23:30:35-0400 delete_target success /{TARGET_LOCATION}/ROOT.20260727T1500 - - -
2026-08-08T23:30:35-0400 delete_target starting /{TARGET_LOCATION}/ROOT.20260727T1530 - - -
2026-08-08T23:30:35-0400 delete_target success /{TARGET_LOCATION}/ROOT.20260727T1530 - - -
2026-08-08T23:30:35-0400 delete_target starting /{TARGET_LOCATION}/ROOT.20260727T1600 - - -
2026-08-08T23:30:35-0400 delete_target success /{TARGET_LOCATION}/ROOT.20260727T1600 - - -
2026-08-08T23:30:35-0400 delete_target starting /{TARGET_LOCATION}/ROOT.20260727T1630 - - -
2026-08-08T23:30:35-0400 delete_target success /{TARGET_LOCATION}/ROOT.20260727T1630 - - -
2026-08-08T23:30:35-0400 delete_target starting /{TARGET_LOCATION}/ROOT.20260727T1700 - - -
2026-08-08T23:30:35-0400 delete_target success /{TARGET_LOCATION}/ROOT.20260727T1700 - - -
2026-08-08T23:30:35-0400 delete_target starting /{TARGET_LOCATION}/ROOT.20260727T1730 - - -
2026-08-08T23:30:35-0400 delete_target success /{TARGET_LOCATION}/ROOT.20260727T1730 - - -
2026-08-08T23:30:35-0400 delete_target starting /{TARGET_LOCATION}/ROOT.20260727T1800 - - -
2026-08-08T23:30:35-0400 delete_target success /{TARGET_LOCATION}/ROOT.20260727T1800 - - -
2026-08-08T23:30:35-0400 delete_target starting /{TARGET_LOCATION}/ROOT.20260727T1830 - - -
2026-08-08T23:30:35-0400 delete_target success /{TARGET_LOCATION}/ROOT.20260727T1830 - - -
2026-08-08T23:30:35-0400 delete_target starting /{TARGET_LOCATION}/ROOT.20260727T1900 - - -
2026-08-08T23:30:35-0400 delete_target success /{TARGET_LOCATION}/ROOT.20260727T1900 - - -
2026-08-08T23:30:35-0400 delete_target starting /{TARGET_LOCATION}/ROOT.20260727T1930 - - -
2026-08-08T23:30:35-0400 delete_target success /{TARGET_LOCATION}/ROOT.20260727T1930 - - -
2026-08-08T23:30:35-0400 delete_target starting /{TARGET_LOCATION}/ROOT.20260727T2000 - - -
2026-08-08T23:30:35-0400 delete_target success /{TARGET_LOCATION}/ROOT.20260727T2000 - - -
2026-08-08T23:30:35-0400 delete_target starting /{TARGET_LOCATION}/ROOT.20260727T2030 - - -
2026-08-08T23:30:35-0400 delete_target success /{TARGET_LOCATION}/ROOT.20260727T2030 - - -
2026-08-08T23:30:35-0400 delete_target starting /{TARGET_LOCATION}/ROOT.20260727T2100 - - -
2026-08-08T23:30:35-0400 delete_target success /{TARGET_LOCATION}/ROOT.20260727T2100 - - -
2026-08-08T23:30:35-0400 delete_target starting /{TARGET_LOCATION}/ROOT.20260727T2130 - - -
2026-08-08T23:30:35-0400 delete_target success /{TARGET_LOCATION}/ROOT.20260727T2130 - - -
2026-08-08T23:30:35-0400 delete_target starting /{TARGET_LOCATION}/ROOT.20260727T2200 - - -
2026-08-08T23:30:35-0400 delete_target success /{TARGET_LOCATION}/ROOT.20260727T2200 - - -
2026-08-08T23:30:35-0400 delete_target starting /{TARGET_LOCATION}/ROOT.20260727T2230 - - -
2026-08-08T23:30:35-0400 delete_target success /{TARGET_LOCATION}/ROOT.20260727T2230 - - -
2026-08-08T23:30:35-0400 delete_target starting /{TARGET_LOCATION}/ROOT.20260727T2300 - - -
2026-08-08T23:30:35-0400 delete_target success /{TARGET_LOCATION}/ROOT.20260727T2300 - - -
2026-08-08T23:30:35-0400 delete_target starting /{TARGET_LOCATION}/ROOT.20260727T2330 - - -
2026-08-08T23:30:35-0400 delete_target success /{TARGET_LOCATION}/ROOT.20260727T2330 - - -
2026-08-08T23:30:35-0400 delete_target starting /{TARGET_LOCATION}/ROOT.20260728T0000 - - -
2026-08-08T23:30:35-0400 delete_target success /{TARGET_LOCATION}/ROOT.20260728T0000 - - -
2026-08-08T23:30:35-0400 delete_target starting /{TARGET_LOCATION}/ROOT.20260728T0030 - - -
2026-08-08T23:30:35-0400 delete_target success /{TARGET_LOCATION}/ROOT.20260728T0030 - - -
2026-08-08T23:30:35-0400 delete_target starting /{TARGET_LOCATION}/ROOT.20260728T0100 - - -
2026-08-08T23:30:35-0400 delete_target success /{TARGET_LOCATION}/ROOT.20260728T0100 - - -
2026-08-08T23:30:35-0400 delete_target starting /{TARGET_LOCATION}/ROOT.20260728T0130 - - -
2026-08-08T23:30:35-0400 delete_target success /{TARGET_LOCATION}/ROOT.20260728T0130 - - -
2026-08-08T23:30:35-0400 delete_target starting /{TARGET_LOCATION}/ROOT.20260728T0200 - - -
2026-08-08T23:30:35-0400 delete_target success /{TARGET_LOCATION}/ROOT.20260728T0200 - - -
2026-08-08T23:30:35-0400 delete_target starting /{TARGET_LOCATION}/ROOT.20260728T0230 - - -
2026-08-08T23:30:35-0400 delete_target success /{TARGET_LOCATION}/ROOT.20260728T0230 - - -
2026-08-08T23:30:35-0400 delete_target starting /{TARGET_LOCATION}/ROOT.20260728T0300 - - -
2026-08-08T23:30:35-0400 delete_target success /{TARGET_LOCATION}/ROOT.20260728T0300 - - -
2026-08-08T23:30:35-0400 delete_target starting /{TARGET_LOCATION}/ROOT.20260728T0330 - - -
2026-08-08T23:30:35-0400 delete_target success /{TARGET_LOCATION}/ROOT.20260728T0330 - - -
2026-08-08T23:30:35-0400 delete_target starting /{TARGET_LOCATION}/ROOT.20260728T0400 - - -
2026-08-08T23:30:35-0400 delete_target success /{TARGET_LOCATION}/ROOT.20260728T0400 - - -
2026-08-08T23:30:35-0400 delete_target starting /{TARGET_LOCATION}/ROOT.20260728T0430 - - -
2026-08-08T23:30:35-0400 delete_target success /{TARGET_LOCATION}/ROOT.20260728T0430 - - -
2026-08-08T23:30:35-0400 delete_target starting /{TARGET_LOCATION}/ROOT.20260728T0500 - - -
2026-08-08T23:30:35-0400 delete_target success /{TARGET_LOCATION}/ROOT.20260728T0500 - - -
2026-08-08T23:30:35-0400 delete_target starting /{TARGET_LOCATION}/ROOT.20260728T0530 - - -
2026-08-08T23:30:35-0400 delete_target success /{TARGET_LOCATION}/ROOT.20260728T0530 - - -
2026-08-08T23:30:35-0400 delete_target starting /{TARGET_LOCATION}/ROOT.20260728T0600 - - -
2026-08-08T23:30:35-0400 delete_target success /{TARGET_LOCATION}/ROOT.20260728T0600 - - -
2026-08-08T23:30:35-0400 delete_target starting /{TARGET_LOCATION}/ROOT.20260728T0630 - - -
2026-08-08T23:30:35-0400 delete_target success /{TARGET_LOCATION}/ROOT.20260728T0630 - - -
2026-08-08T23:30:35-0400 delete_target starting /{TARGET_LOCATION}/ROOT.20260728T0700 - - -
2026-08-08T23:30:35-0400 delete_target success /{TARGET_LOCATION}/ROOT.20260728T0700 - - -
2026-08-08T23:30:35-0400 delete_target starting /{TARGET_LOCATION}/ROOT.20260728T0730 - - -
2026-08-08T23:30:35-0400 delete_target success /{TARGET_LOCATION}/ROOT.20260728T0730 - - -
2026-08-08T23:30:35-0400 delete_target starting /{TARGET_LOCATION}/ROOT.20260728T0800 - - -
2026-08-08T23:30:35-0400 delete_target success /{TARGET_LOCATION}/ROOT.20260728T0800 - - -
2026-08-08T23:30:35-0400 delete_target starting /{TARGET_LOCATION}/ROOT.20260728T0830 - - -
2026-08-08T23:30:35-0400 delete_target success /{TARGET_LOCATION}/ROOT.20260728T0830 - - -
2026-08-08T23:30:35-0400 delete_target starting /{TARGET_LOCATION}/ROOT.20260728T0900 - - -
2026-08-08T23:30:35-0400 delete_target success /{TARGET_LOCATION}/ROOT.20260728T0900 - - -
2026-08-08T23:30:35-0400 delete_target starting /{TARGET_LOCATION}/ROOT.20260728T0930 - - -
2026-08-08T23:30:35-0400 delete_target success /{TARGET_LOCATION}/ROOT.20260728T0930 - - -
2026-08-08T23:30:35-0400 delete_target starting /{TARGET_LOCATION}/ROOT.20260728T1000 - - -
2026-08-08T23:30:35-0400 delete_target success /{TARGET_LOCATION}/ROOT.20260728T1000 - - -
2026-08-08T23:30:35-0400 delete_target starting /{TARGET_LOCATION}/ROOT.20260728T1030 - - -
2026-08-08T23:30:35-0400 delete_target success /{TARGET_LOCATION}/ROOT.20260728T1030 - - -
2026-08-08T23:30:35-0400 delete_target starting /{TARGET_LOCATION}/ROOT.20260728T1100 - - -
2026-08-08T23:30:35-0400 delete_target success /{TARGET_LOCATION}/ROOT.20260728T1100 - - -
2026-08-08T23:30:35-0400 delete_target starting /{TARGET_LOCATION}/ROOT.20260728T1130 - - -
2026-08-08T23:30:35-0400 delete_target success /{TARGET_LOCATION}/ROOT.20260728T1130 - - -
2026-08-08T23:30:35-0400 delete_target starting /{TARGET_LOCATION}/ROOT.20260728T1200 - - -
2026-08-08T23:30:35-0400 delete_target success /{TARGET_LOCATION}/ROOT.20260728T1200 - - -
2026-08-08T23:30:35-0400 delete_target starting /{TARGET_LOCATION}/ROOT.20260728T1230 - - -
2026-08-08T23:30:35-0400 delete_target success /{TARGET_LOCATION}/ROOT.20260728T1230 - - -
2026-08-08T23:30:35-0400 delete_target starting /{TARGET_LOCATION}/ROOT.20260728T1300 - - -
2026-08-08T23:30:35-0400 delete_target success /{TARGET_LOCATION}/ROOT.20260728T1300 - - -
2026-08-08T23:30:35-0400 delete_target starting /{TARGET_LOCATION}/ROOT.20260728T1330 - - -
2026-08-08T23:30:35-0400 delete_target success /{TARGET_LOCATION}/ROOT.20260728T1330 - - -
2026-08-08T23:30:35-0400 delete_target starting /{TARGET_LOCATION}/ROOT.20260728T1400 - - -
2026-08-08T23:30:35-0400 delete_target success /{TARGET_LOCATION}/ROOT.20260728T1400 - - -
2026-08-08T23:30:35-0400 delete_target starting /{TARGET_LOCATION}/ROOT.20260728T1430 - - -
2026-08-08T23:30:35-0400 delete_target success /{TARGET_LOCATION}/ROOT.20260728T1430 - - -
2026-08-08T23:30:35-0400 delete_target starting /{TARGET_LOCATION}/ROOT.20260728T1500 - - -
2026-08-08T23:30:35-0400 delete_target success /{TARGET_LOCATION}/ROOT.20260728T1500 - - -
2026-08-08T23:30:35-0400 delete_target starting /{TARGET_LOCATION}/ROOT.20260728T1530 - - -
2026-08-08T23:30:35-0400 delete_target success /{TARGET_LOCATION}/ROOT.20260728T1530 - - -
2026-08-08T23:30:35-0400 delete_target starting /{TARGET_LOCATION}/ROOT.20260728T1600 - - -
2026-08-08T23:30:35-0400 delete_target success /{TARGET_LOCATION}/ROOT.20260728T1600 - - -
2026-08-08T23:30:35-0400 delete_target starting /{TARGET_LOCATION}/ROOT.20260728T1630 - - -
2026-08-08T23:30:35-0400 delete_target success /{TARGET_LOCATION}/ROOT.20260728T1630 - - -
2026-08-08T23:30:35-0400 delete_target starting /{TARGET_LOCATION}/ROOT.20260728T1700 - - -
2026-08-08T23:30:35-0400 delete_target success /{TARGET_LOCATION}/ROOT.20260728T1700 - - -
2026-08-08T23:30:35-0400 delete_target starting /{TARGET_LOCATION}/ROOT.20260728T1730 - - -
2026-08-08T23:30:35-0400 delete_target success /{TARGET_LOCATION}/ROOT.20260728T1730 - - -
2026-08-08T23:30:35-0400 delete_target starting /{TARGET_LOCATION}/ROOT.20260728T1800 - - -
2026-08-08T23:30:35-0400 delete_target success /{TARGET_LOCATION}/ROOT.20260728T1800 - - -
2026-08-08T23:30:35-0400 delete_target starting /{TARGET_LOCATION}/ROOT.20260728T1830 - - -
2026-08-08T23:30:35-0400 delete_target success /{TARGET_LOCATION}/ROOT.20260728T1830 - - -
2026-08-08T23:30:35-0400 delete_target starting /{TARGET_LOCATION}/ROOT.20260728T1900 - - -
2026-08-08T23:30:35-0400 delete_target success /{TARGET_LOCATION}/ROOT.20260728T1900 - - -
2026-08-08T23:30:35-0400 delete_target starting /{TARGET_LOCATION}/ROOT.20260728T1930 - - -
2026-08-08T23:30:35-0400 delete_target success /{TARGET_LOCATION}/ROOT.20260728T1930 - - -
2026-08-08T23:30:35-0400 delete_target starting /{TARGET_LOCATION}/ROOT.20260728T2000 - - -
2026-08-08T23:30:35-0400 delete_target success /{TARGET_LOCATION}/ROOT.20260728T2000 - - -
2026-08-08T23:30:35-0400 delete_target starting /{TARGET_LOCATION}/ROOT.20260728T2030 - - -
2026-08-08T23:30:35-0400 delete_target success /{TARGET_LOCATION}/ROOT.20260728T2030 - - -
2026-08-08T23:30:35-0400 delete_target starting /{TARGET_LOCATION}/ROOT.20260728T2100 - - -
2026-08-08T23:30:35-0400 delete_target success /{TARGET_LOCATION}/ROOT.20260728T2100 - - -
2026-08-08T23:30:35-0400 delete_target starting /{TARGET_LOCATION}/ROOT.20260728T2130 - - -
2026-08-08T23:30:35-0400 delete_target success /{TARGET_LOCATION}/ROOT.20260728T2130 - - -
2026-08-08T23:30:35-0400 delete_target starting /{TARGET_LOCATION}/ROOT.20260728T2200 - - -
2026-08-08T23:30:35-0400 delete_target success /{TARGET_LOCATION}/ROOT.20260728T2200 - - -
2026-08-08T23:30:35-0400 delete_target starting /{TARGET_LOCATION}/ROOT.20260728T2230 - - -
2026-08-08T23:30:35-0400 delete_target success /{TARGET_LOCATION}/ROOT.20260728T2230 - - -
2026-08-08T23:30:35-0400 delete_target starting /{TARGET_LOCATION}/ROOT.20260728T2300 - - -
2026-08-08T23:30:35-0400 delete_target success /{TARGET_LOCATION}/ROOT.20260728T2300 - - -
2026-08-08T23:30:35-0400 delete_target starting /{TARGET_LOCATION}/ROOT.20260728T2330 - - -
2026-08-08T23:30:35-0400 delete_target success /{TARGET_LOCATION}/ROOT.20260728T2330 - - -
2026-08-08T23:30:35-0400 delete_target starting /{TARGET_LOCATION}/ROOT.20260729T0030 - - -
2026-08-08T23:30:35-0400 delete_target success /{TARGET_LOCATION}/ROOT.20260729T0030 - - -
2026-08-08T23:30:35-0400 delete_target starting /{TARGET_LOCATION}/ROOT.20260729T0100 - - -
2026-08-08T23:30:35-0400 delete_target success /{TARGET_LOCATION}/ROOT.20260729T0100 - - -
2026-08-08T23:30:35-0400 delete_target starting /{TARGET_LOCATION}/ROOT.20260729T0130 - - -
2026-08-08T23:30:35-0400 delete_target success /{TARGET_LOCATION}/ROOT.20260729T0130 - - -
2026-08-08T23:30:35-0400 delete_target starting /{TARGET_LOCATION}/ROOT.20260729T0200 - - -
2026-08-08T23:30:35-0400 delete_target success /{TARGET_LOCATION}/ROOT.20260729T0200 - - -
2026-08-08T23:30:35-0400 delete_target starting /{TARGET_LOCATION}/ROOT.20260729T0230 - - -
2026-08-08T23:30:35-0400 delete_target success /{TARGET_LOCATION}/ROOT.20260729T0230 - - -
2026-08-08T23:30:35-0400 delete_target starting /{TARGET_LOCATION}/ROOT.20260729T0300 - - -
2026-08-08T23:30:35-0400 delete_target success /{TARGET_LOCATION}/ROOT.20260729T0300 - - -
2026-08-08T23:30:35-0400 delete_target starting /{TARGET_LOCATION}/ROOT.20260729T0330 - - -
2026-08-08T23:30:35-0400 delete_target success /{TARGET_LOCATION}/ROOT.20260729T0330 - - -
2026-08-08T23:30:35-0400 delete_target starting /{TARGET_LOCATION}/ROOT.20260729T0400 - - -
2026-08-08T23:30:35-0400 delete_target success /{TARGET_LOCATION}/ROOT.20260729T0400 - - -
2026-08-08T23:30:35-0400 delete_target starting /{TARGET_LOCATION}/ROOT.20260729T0430 - - -
2026-08-08T23:30:35-0400 delete_target success /{TARGET_LOCATION}/ROOT.20260729T0430 - - -
2026-08-08T23:30:35-0400 delete_target starting /{TARGET_LOCATION}/ROOT.20260729T0500 - - -
2026-08-08T23:30:35-0400 delete_target success /{TARGET_LOCATION}/ROOT.20260729T0500 - - -
2026-08-08T23:30:35-0400 delete_target starting /{TARGET_LOCATION}/ROOT.20260729T0530 - - -
2026-08-08T23:30:35-0400 delete_target success /{TARGET_LOCATION}/ROOT.20260729T0530 - - -
2026-08-08T23:30:35-0400 delete_target starting /{TARGET_LOCATION}/ROOT.20260729T0600 - - -
2026-08-08T23:30:35-0400 delete_target success /{TARGET_LOCATION}/ROOT.20260729T0600 - - -
2026-08-08T23:30:35-0400 delete_target starting /{TARGET_LOCATION}/ROOT.20260729T0630 - - -
2026-08-08T23:30:35-0400 delete_target success /{TARGET_LOCATION}/ROOT.20260729T0630 - - -
2026-08-08T23:30:35-0400 delete_target starting /{TARGET_LOCATION}/ROOT.20260729T0700 - - -
2026-08-08T23:30:35-0400 delete_target success /{TARGET_LOCATION}/ROOT.20260729T0700 - - -
2026-08-08T23:30:35-0400 delete_target starting /{TARGET_LOCATION}/ROOT.20260729T0730 - - -
2026-08-08T23:30:35-0400 delete_target success /{TARGET_LOCATION}/ROOT.20260729T0730 - - -
2026-08-08T23:30:35-0400 delete_target starting /{TARGET_LOCATION}/ROOT.20260729T0800 - - -
2026-08-08T23:30:35-0400 delete_target success /{TARGET_LOCATION}/ROOT.20260729T0800 - - -
2026-08-08T23:30:35-0400 delete_target starting /{TARGET_LOCATION}/ROOT.20260729T0830 - - -
2026-08-08T23:30:35-0400 delete_target success /{TARGET_LOCATION}/ROOT.20260729T0830 - - -
2026-08-08T23:30:35-0400 delete_target starting /{TARGET_LOCATION}/ROOT.20260729T0900 - - -
2026-08-08T23:30:36-0400 delete_target success /{TARGET_LOCATION}/ROOT.20260729T0900 - - -
2026-08-08T23:30:36-0400 delete_target starting /{TARGET_LOCATION}/ROOT.20260729T0930 - - -
2026-08-08T23:30:36-0400 delete_target success /{TARGET_LOCATION}/ROOT.20260729T0930 - - -
2026-08-08T23:30:36-0400 delete_target starting /{TARGET_LOCATION}/ROOT.20260729T1000 - - -
2026-08-08T23:30:36-0400 delete_target success /{TARGET_LOCATION}/ROOT.20260729T1000 - - -
2026-08-08T23:30:36-0400 delete_target starting /{TARGET_LOCATION}/ROOT.20260729T1030 - - -
2026-08-08T23:30:36-0400 delete_target success /{TARGET_LOCATION}/ROOT.20260729T1030 - - -
2026-08-08T23:30:36-0400 delete_target starting /{TARGET_LOCATION}/ROOT.20260729T1100 - - -
2026-08-08T23:30:36-0400 delete_target success /{TARGET_LOCATION}/ROOT.20260729T1100 - - -
2026-08-08T23:30:36-0400 delete_target starting /{TARGET_LOCATION}/ROOT.20260729T1130 - - -
2026-08-08T23:30:36-0400 delete_target success /{TARGET_LOCATION}/ROOT.20260729T1130 - - -
2026-08-08T23:30:36-0400 delete_target starting /{TARGET_LOCATION}/ROOT.20260729T1200 - - -
2026-08-08T23:30:36-0400 delete_target success /{TARGET_LOCATION}/ROOT.20260729T1200 - - -
2026-08-08T23:30:36-0400 delete_target starting /{TARGET_LOCATION}/ROOT.20260729T1230 - - -
2026-08-08T23:30:36-0400 delete_target success /{TARGET_LOCATION}/ROOT.20260729T1230 - - -
2026-08-08T23:30:36-0400 delete_target starting /{TARGET_LOCATION}/ROOT.20260729T1300 - - -
2026-08-08T23:30:36-0400 delete_target success /{TARGET_LOCATION}/ROOT.20260729T1300 - - -
2026-08-08T23:30:36-0400 delete_target starting /{TARGET_LOCATION}/ROOT.20260729T1330 - - -
2026-08-08T23:30:36-0400 delete_target success /{TARGET_LOCATION}/ROOT.20260729T1330 - - -
2026-08-08T23:30:36-0400 delete_target starting /{TARGET_LOCATION}/ROOT.20260729T1400 - - -
2026-08-08T23:30:36-0400 delete_target success /{TARGET_LOCATION}/ROOT.20260729T1400 - - -
2026-08-08T23:30:36-0400 delete_target starting /{TARGET_LOCATION}/ROOT.20260729T1430 - - -
2026-08-08T23:30:36-0400 delete_target success /{TARGET_LOCATION}/ROOT.20260729T1430 - - -
2026-08-08T23:30:36-0400 delete_target starting /{TARGET_LOCATION}/ROOT.20260729T1500 - - -
2026-08-08T23:30:36-0400 delete_target success /{TARGET_LOCATION}/ROOT.20260729T1500 - - -
2026-08-08T23:30:36-0400 delete_target starting /{TARGET_LOCATION}/ROOT.20260729T1530 - - -
2026-08-08T23:30:36-0400 delete_target success /{TARGET_LOCATION}/ROOT.20260729T1530 - - -
2026-08-08T23:30:36-0400 delete_target starting /{TARGET_LOCATION}/ROOT.20260729T1600 - - -
2026-08-08T23:30:36-0400 delete_target success /{TARGET_LOCATION}/ROOT.20260729T1600 - - -
2026-08-08T23:30:36-0400 delete_target starting /{TARGET_LOCATION}/ROOT.20260729T1630 - - -
2026-08-08T23:30:36-0400 delete_target success /{TARGET_LOCATION}/ROOT.20260729T1630 - - -
2026-08-08T23:30:36-0400 delete_target starting /{TARGET_LOCATION}/ROOT.20260729T1700 - - -
2026-08-08T23:30:36-0400 delete_target success /{TARGET_LOCATION}/ROOT.20260729T1700 - - -
2026-08-08T23:30:36-0400 delete_target starting /{TARGET_LOCATION}/ROOT.20260729T1730 - - -
2026-08-08T23:30:36-0400 delete_target success /{TARGET_LOCATION}/ROOT.20260729T1730 - - -
2026-08-08T23:30:36-0400 delete_target starting /{TARGET_LOCATION}/ROOT.20260729T1800 - - -
2026-08-08T23:30:36-0400 delete_target success /{TARGET_LOCATION}/ROOT.20260729T1800 - - -
2026-08-08T23:30:36-0400 delete_target starting /{TARGET_LOCATION}/ROOT.20260729T1830 - - -
2026-08-08T23:30:36-0400 delete_target success /{TARGET_LOCATION}/ROOT.20260729T1830 - - -
2026-08-08T23:30:36-0400 delete_target starting /{TARGET_LOCATION}/ROOT.20260729T1900 - - -
2026-08-08T23:30:36-0400 delete_target success /{TARGET_LOCATION}/ROOT.20260729T1900 - - -
2026-08-08T23:30:36-0400 delete_target starting /{TARGET_LOCATION}/ROOT.20260729T1930 - - -
2026-08-08T23:30:36-0400 delete_target success /{TARGET_LOCATION}/ROOT.20260729T1930 - - -
2026-08-08T23:30:36-0400 delete_target starting /{TARGET_LOCATION}/ROOT.20260729T2000 - - -
2026-08-08T23:30:36-0400 delete_target success /{TARGET_LOCATION}/ROOT.20260729T2000 - - -
2026-08-08T23:30:36-0400 delete_target starting /{TARGET_LOCATION}/ROOT.20260729T2030 - - -
2026-08-08T23:30:36-0400 delete_target success /{TARGET_LOCATION}/ROOT.20260729T2030 - - -
2026-08-08T23:30:36-0400 delete_target starting /{TARGET_LOCATION}/ROOT.20260729T2100 - - -
2026-08-08T23:30:36-0400 delete_target success /{TARGET_LOCATION}/ROOT.20260729T2100 - - -
2026-08-08T23:30:36-0400 delete_target starting /{TARGET_LOCATION}/ROOT.20260729T2130 - - -
2026-08-08T23:30:36-0400 delete_target success /{TARGET_LOCATION}/ROOT.20260729T2130 - - -
2026-08-08T23:30:36-0400 delete_target starting /{TARGET_LOCATION}/ROOT.20260729T2200 - - -
2026-08-08T23:30:36-0400 delete_target success /{TARGET_LOCATION}/ROOT.20260729T2200 - - -
2026-08-08T23:30:36-0400 delete_target starting /{TARGET_LOCATION}/ROOT.20260729T2230 - - -
2026-08-08T23:30:36-0400 delete_target success /{TARGET_LOCATION}/ROOT.20260729T2230 - - -
2026-08-08T23:30:36-0400 delete_target starting /{TARGET_LOCATION}/ROOT.20260729T2300 - - -
2026-08-08T23:30:36-0400 delete_target success /{TARGET_LOCATION}/ROOT.20260729T2300 - - -
2026-08-08T23:30:36-0400 delete_target starting /{TARGET_LOCATION}/ROOT.20260729T2330 - - -
2026-08-08T23:30:36-0400 delete_target success /{TARGET_LOCATION}/ROOT.20260729T2330 - - -
2026-08-08T23:30:36-0400 delete_target starting /{TARGET_LOCATION}/ROOT.20260730T0030 - - -
2026-08-08T23:30:36-0400 delete_target success /{TARGET_LOCATION}/ROOT.20260730T0030 - - -
2026-08-08T23:30:36-0400 delete_target starting /{TARGET_LOCATION}/ROOT.20260730T0100 - - -
2026-08-08T23:30:36-0400 delete_target success /{TARGET_LOCATION}/ROOT.20260730T0100 - - -
2026-08-08T23:30:36-0400 delete_target starting /{TARGET_LOCATION}/ROOT.20260730T0130 - - -
2026-08-08T23:30:36-0400 delete_target success /{TARGET_LOCATION}/ROOT.20260730T0130 - - -
2026-08-08T23:30:36-0400 delete_target starting /{TARGET_LOCATION}/ROOT.20260730T0200 - - -
2026-08-08T23:30:36-0400 delete_target success /{TARGET_LOCATION}/ROOT.20260730T0200 - - -
2026-08-08T23:30:36-0400 delete_target starting /{TARGET_LOCATION}/ROOT.20260730T0230 - - -
2026-08-08T23:30:36-0400 delete_target success /{TARGET_LOCATION}/ROOT.20260730T0230 - - -
2026-08-08T23:30:36-0400 delete_target starting /{TARGET_LOCATION}/ROOT.20260730T0300 - - -
2026-08-08T23:30:36-0400 delete_target success /{TARGET_LOCATION}/ROOT.20260730T0300 - - -
2026-08-08T23:30:36-0400 delete_target starting /{TARGET_LOCATION}/ROOT.20260730T0330 - - -
2026-08-08T23:30:36-0400 delete_target success /{TARGET_LOCATION}/ROOT.20260730T0330 - - -
2026-08-08T23:30:36-0400 delete_target starting /{TARGET_LOCATION}/ROOT.20260730T0400 - - -
2026-08-08T23:30:36-0400 delete_target success /{TARGET_LOCATION}/ROOT.20260730T0400 - - -
2026-08-08T23:30:36-0400 delete_target starting /{TARGET_LOCATION}/ROOT.20260730T0430 - - -
2026-08-08T23:30:36-0400 delete_target success /{TARGET_LOCATION}/ROOT.20260730T0430 - - -
2026-08-08T23:30:36-0400 delete_target starting /{TARGET_LOCATION}/ROOT.20260730T0500 - - -
2026-08-08T23:30:36-0400 delete_target success /{TARGET_LOCATION}/ROOT.20260730T0500 - - -
2026-08-08T23:30:36-0400 delete_target starting /{TARGET_LOCATION}/ROOT.20260730T0530 - - -
2026-08-08T23:30:36-0400 delete_target success /{TARGET_LOCATION}/ROOT.20260730T0530 - - -
2026-08-08T23:30:36-0400 delete_target starting /{TARGET_LOCATION}/ROOT.20260730T0600 - - -
2026-08-08T23:30:36-0400 delete_target success /{TARGET_LOCATION}/ROOT.20260730T0600 - - -
2026-08-08T23:30:36-0400 delete_target starting /{TARGET_LOCATION}/ROOT.20260730T0630 - - -
2026-08-08T23:30:36-0400 delete_target success /{TARGET_LOCATION}/ROOT.20260730T0630 - - -
2026-08-08T23:30:36-0400 delete_target starting /{TARGET_LOCATION}/ROOT.20260730T0700 - - -
2026-08-08T23:30:36-0400 delete_target success /{TARGET_LOCATION}/ROOT.20260730T0700 - - -
2026-08-08T23:30:36-0400 delete_target starting /{TARGET_LOCATION}/ROOT.20260730T0730 - - -
2026-08-08T23:30:36-0400 delete_target success /{TARGET_LOCATION}/ROOT.20260730T0730 - - -
2026-08-08T23:30:36-0400 delete_target starting /{TARGET_LOCATION}/ROOT.20260730T0800 - - -
2026-08-08T23:30:36-0400 delete_target success /{TARGET_LOCATION}/ROOT.20260730T0800 - - -
2026-08-08T23:30:36-0400 delete_target starting /{TARGET_LOCATION}/ROOT.20260730T0830 - - -
2026-08-08T23:30:36-0400 delete_target success /{TARGET_LOCATION}/ROOT.20260730T0830 - - -
2026-08-08T23:30:36-0400 delete_target starting /{TARGET_LOCATION}/ROOT.20260730T0900 - - -
2026-08-08T23:30:36-0400 delete_target success /{TARGET_LOCATION}/ROOT.20260730T0900 - - -
2026-08-08T23:30:36-0400 delete_target starting /{TARGET_LOCATION}/ROOT.20260730T0930 - - -
2026-08-08T23:30:36-0400 delete_target success /{TARGET_LOCATION}/ROOT.20260730T0930 - - -
2026-08-08T23:30:36-0400 delete_target starting /{TARGET_LOCATION}/ROOT.20260730T1000 - - -
2026-08-08T23:30:36-0400 delete_target success /{TARGET_LOCATION}/ROOT.20260730T1000 - - -
2026-08-08T23:30:36-0400 delete_target starting /{TARGET_LOCATION}/ROOT.20260730T1030 - - -
2026-08-08T23:30:36-0400 delete_target success /{TARGET_LOCATION}/ROOT.20260730T1030 - - -
2026-08-08T23:30:36-0400 delete_target starting /{TARGET_LOCATION}/ROOT.20260730T1100 - - -
2026-08-08T23:30:36-0400 delete_target success /{TARGET_LOCATION}/ROOT.20260730T1100 - - -
2026-08-08T23:30:36-0400 delete_target starting /{TARGET_LOCATION}/ROOT.20260730T1130 - - -
2026-08-08T23:30:36-0400 delete_target success /{TARGET_LOCATION}/ROOT.20260730T1130 - - -
2026-08-08T23:30:36-0400 delete_target starting /{TARGET_LOCATION}/ROOT.20260730T1200 - - -
2026-08-08T23:30:36-0400 delete_target success /{TARGET_LOCATION}/ROOT.20260730T1200 - - -
2026-08-08T23:30:36-0400 delete_target starting /{TARGET_LOCATION}/ROOT.20260730T1230 - - -
2026-08-08T23:30:36-0400 delete_target success /{TARGET_LOCATION}/ROOT.20260730T1230 - - -
2026-08-08T23:30:36-0400 delete_target starting /{TARGET_LOCATION}/ROOT.20260730T1300 - - -
2026-08-08T23:30:36-0400 delete_target success /{TARGET_LOCATION}/ROOT.20260730T1300 - - -
2026-08-08T23:30:36-0400 delete_target starting /{TARGET_LOCATION}/ROOT.20260730T1330 - - -
2026-08-08T23:30:36-0400 delete_target success /{TARGET_LOCATION}/ROOT.20260730T1330 - - -
2026-08-08T23:30:36-0400 delete_target starting /{TARGET_LOCATION}/ROOT.20260730T1400 - - -
2026-08-08T23:30:36-0400 delete_target success /{TARGET_LOCATION}/ROOT.20260730T1400 - - -
2026-08-08T23:30:36-0400 delete_target starting /{TARGET_LOCATION}/ROOT.20260730T1430 - - -
2026-08-08T23:30:36-0400 delete_target success /{TARGET_LOCATION}/ROOT.20260730T1430 - - -
2026-08-08T23:30:36-0400 delete_target starting /{TARGET_LOCATION}/ROOT.20260730T1500 - - -
2026-08-08T23:30:36-0400 delete_target success /{TARGET_LOCATION}/ROOT.20260730T1500 - - -
2026-08-08T23:30:36-0400 delete_target starting /{TARGET_LOCATION}/ROOT.20260730T1530 - - -
2026-08-08T23:30:36-0400 delete_target success /{TARGET_LOCATION}/ROOT.20260730T1530 - - -
2026-08-08T23:30:36-0400 delete_target starting /{TARGET_LOCATION}/ROOT.20260730T1600 - - -
2026-08-08T23:30:36-0400 delete_target success /{TARGET_LOCATION}/ROOT.20260730T1600 - - -
2026-08-08T23:30:36-0400 delete_target starting /{TARGET_LOCATION}/ROOT.20260730T1630 - - -
2026-08-08T23:30:36-0400 delete_target success /{TARGET_LOCATION}/ROOT.20260730T1630 - - -
2026-08-08T23:30:36-0400 delete_target starting /{TARGET_LOCATION}/ROOT.20260730T1700 - - -
2026-08-08T23:30:36-0400 delete_target success /{TARGET_LOCATION}/ROOT.20260730T1700 - - -
2026-08-08T23:30:36-0400 delete_target starting /{TARGET_LOCATION}/ROOT.20260730T1730 - - -
2026-08-08T23:30:36-0400 delete_target success /{TARGET_LOCATION}/ROOT.20260730T1730 - - -
2026-08-08T23:30:36-0400 delete_target starting /{TARGET_LOCATION}/ROOT.20260730T1800 - - -
2026-08-08T23:30:36-0400 delete_target success /{TARGET_LOCATION}/ROOT.20260730T1800 - - -
2026-08-08T23:30:36-0400 delete_target starting /{TARGET_LOCATION}/ROOT.20260730T1830 - - -
2026-08-08T23:30:36-0400 delete_target success /{TARGET_LOCATION}/ROOT.20260730T1830 - - -
2026-08-08T23:30:36-0400 delete_target starting /{TARGET_LOCATION}/ROOT.20260730T1900 - - -
2026-08-08T23:30:36-0400 delete_target success /{TARGET_LOCATION}/ROOT.20260730T1900 - - -
2026-08-08T23:30:36-0400 delete_target starting /{TARGET_LOCATION}/ROOT.20260730T1930 - - -
2026-08-08T23:30:36-0400 delete_target success /{TARGET_LOCATION}/ROOT.20260730T1930 - - -
2026-08-08T23:30:36-0400 delete_target starting /{TARGET_LOCATION}/ROOT.20260730T2000 - - -
2026-08-08T23:30:36-0400 delete_target success /{TARGET_LOCATION}/ROOT.20260730T2000 - - -
2026-08-08T23:30:36-0400 delete_target starting /{TARGET_LOCATION}/ROOT.20260730T2030 - - -
2026-08-08T23:30:36-0400 delete_target success /{TARGET_LOCATION}/ROOT.20260730T2030 - - -
2026-08-08T23:30:36-0400 delete_target starting /{TARGET_LOCATION}/ROOT.20260730T2100 - - -
2026-08-08T23:30:36-0400 delete_target success /{TARGET_LOCATION}/ROOT.20260730T2100 - - -
2026-08-08T23:30:36-0400 delete_target starting /{TARGET_LOCATION}/ROOT.20260730T2130 - - -
2026-08-08T23:30:36-0400 delete_target success /{TARGET_LOCATION}/ROOT.20260730T2130 - - -
2026-08-08T23:30:36-0400 delete_target starting /{TARGET_LOCATION}/ROOT.20260730T2200 - - -
2026-08-08T23:30:36-0400 delete_target success /{TARGET_LOCATION}/ROOT.20260730T2200 - - -
2026-08-08T23:30:36-0400 delete_target starting /{TARGET_LOCATION}/ROOT.20260730T2230 - - -
2026-08-08T23:30:36-0400 delete_target success /{TARGET_LOCATION}/ROOT.20260730T2230 - - -
2026-08-08T23:30:36-0400 delete_target starting /{TARGET_LOCATION}/ROOT.20260730T2300 - - -
2026-08-08T23:30:36-0400 delete_target success /{TARGET_LOCATION}/ROOT.20260730T2300 - - -
2026-08-08T23:30:36-0400 delete_target starting /{TARGET_LOCATION}/ROOT.20260730T2330 - - -
2026-08-08T23:30:36-0400 delete_target success /{TARGET_LOCATION}/ROOT.20260730T2330 - - -
2026-08-08T23:30:36-0400 delete_target starting /{TARGET_LOCATION}/ROOT.20260731T0030 - - -
2026-08-08T23:30:36-0400 delete_target success /{TARGET_LOCATION}/ROOT.20260731T0030 - - -
2026-08-08T23:30:36-0400 delete_target starting /{TARGET_LOCATION}/ROOT.20260731T0100 - - -
2026-08-08T23:30:36-0400 delete_target success /{TARGET_LOCATION}/ROOT.20260731T0100 - - -
2026-08-08T23:30:36-0400 delete_target starting /{TARGET_LOCATION}/ROOT.20260731T0130 - - -
2026-08-08T23:30:36-0400 delete_target success /{TARGET_LOCATION}/ROOT.20260731T0130 - - -
2026-08-08T23:30:36-0400 delete_target starting /{TARGET_LOCATION}/ROOT.20260731T0200 - - -
2026-08-08T23:30:36-0400 delete_target success /{TARGET_LOCATION}/ROOT.20260731T0200 - - -
2026-08-08T23:30:36-0400 delete_target starting /{TARGET_LOCATION}/ROOT.20260731T0230 - - -
2026-08-08T23:30:36-0400 delete_target success /{TARGET_LOCATION}/ROOT.20260731T0230 - - -
2026-08-08T23:30:36-0400 delete_target starting /{TARGET_LOCATION}/ROOT.20260731T0300 - - -
2026-08-08T23:30:36-0400 delete_target success /{TARGET_LOCATION}/ROOT.20260731T0300 - - -
2026-08-08T23:30:36-0400 delete_target starting /{TARGET_LOCATION}/ROOT.20260731T0330 - - -
2026-08-08T23:30:36-0400 delete_target success /{TARGET_LOCATION}/ROOT.20260731T0330 - - -
2026-08-08T23:30:36-0400 delete_target starting /{TARGET_LOCATION}/ROOT.20260731T0400 - - -
2026-08-08T23:30:36-0400 delete_target success /{TARGET_LOCATION}/ROOT.20260731T0400 - - -
2026-08-08T23:30:36-0400 delete_target starting /{TARGET_LOCATION}/ROOT.20260731T0430 - - -
2026-08-08T23:30:36-0400 delete_target success /{TARGET_LOCATION}/ROOT.20260731T0430 - - -
2026-08-08T23:30:36-0400 delete_target starting /{TARGET_LOCATION}/ROOT.20260731T0500 - - -
2026-08-08T23:30:36-0400 delete_target success /{TARGET_LOCATION}/ROOT.20260731T0500 - - -
2026-08-08T23:30:36-0400 delete_target starting /{TARGET_LOCATION}/ROOT.20260731T0530 - - -
2026-08-08T23:30:36-0400 delete_target success /{TARGET_LOCATION}/ROOT.20260731T0530 - - -
2026-08-08T23:30:36-0400 delete_target starting /{TARGET_LOCATION}/ROOT.20260731T0600 - - -
2026-08-08T23:30:36-0400 delete_target success /{TARGET_LOCATION}/ROOT.20260731T0600 - - -
2026-08-08T23:30:36-0400 delete_target starting /{TARGET_LOCATION}/ROOT.20260731T0630 - - -
2026-08-08T23:30:36-0400 delete_target success /{TARGET_LOCATION}/ROOT.20260731T0630 - - -
2026-08-08T23:30:36-0400 delete_target starting /{TARGET_LOCATION}/ROOT.20260731T0700 - - -
2026-08-08T23:30:36-0400 delete_target success /{TARGET_LOCATION}/ROOT.20260731T0700 - - -
2026-08-08T23:30:36-0400 delete_target starting /{TARGET_LOCATION}/ROOT.20260731T0730 - - -
2026-08-08T23:30:36-0400 delete_target success /{TARGET_LOCATION}/ROOT.20260731T0730 - - -
2026-08-08T23:30:36-0400 delete_target starting /{TARGET_LOCATION}/ROOT.20260731T0800 - - -
2026-08-08T23:30:36-0400 delete_target success /{TARGET_LOCATION}/ROOT.20260731T0800 - - -
2026-08-08T23:30:36-0400 delete_target starting /{TARGET_LOCATION}/ROOT.20260731T0830 - - -
2026-08-08T23:30:36-0400 delete_target success /{TARGET_LOCATION}/ROOT.20260731T0830 - - -
2026-08-08T23:30:36-0400 delete_target starting /{TARGET_LOCATION}/ROOT.20260731T0900 - - -
2026-08-08T23:30:36-0400 delete_target success /{TARGET_LOCATION}/ROOT.20260731T0900 - - -
2026-08-08T23:30:36-0400 delete_target starting /{TARGET_LOCATION}/ROOT.20260731T0930 - - -
2026-08-08T23:30:36-0400 delete_target success /{TARGET_LOCATION}/ROOT.20260731T0930 - - -
2026-08-08T23:30:36-0400 delete_target starting /{TARGET_LOCATION}/ROOT.20260731T1000 - - -
2026-08-08T23:30:36-0400 delete_target success /{TARGET_LOCATION}/ROOT.20260731T1000 - - -
2026-08-08T23:30:36-0400 delete_target starting /{TARGET_LOCATION}/ROOT.20260731T1030 - - -
2026-08-08T23:30:36-0400 delete_target success /{TARGET_LOCATION}/ROOT.20260731T1030 - - -
2026-08-08T23:30:36-0400 delete_target starting /{TARGET_LOCATION}/ROOT.20260731T1100 - - -
2026-08-08T23:30:36-0400 delete_target success /{TARGET_LOCATION}/ROOT.20260731T1100 - - -
2026-08-08T23:30:36-0400 delete_target starting /{TARGET_LOCATION}/ROOT.20260731T1130 - - -
2026-08-08T23:30:36-0400 delete_target success /{TARGET_LOCATION}/ROOT.20260731T1130 - - -
2026-08-08T23:30:36-0400 delete_target starting /{TARGET_LOCATION}/ROOT.20260731T1200 - - -
2026-08-08T23:30:36-0400 delete_target success /{TARGET_LOCATION}/ROOT.20260731T1200 - - -
2026-08-08T23:30:36-0400 delete_target starting /{TARGET_LOCATION}/ROOT.20260731T1230 - - -
2026-08-08T23:30:36-0400 delete_target success /{TARGET_LOCATION}/ROOT.20260731T1230 - - -
2026-08-08T23:30:36-0400 delete_target starting /{TARGET_LOCATION}/ROOT.20260731T1300 - - -
2026-08-08T23:30:36-0400 delete_target success /{TARGET_LOCATION}/ROOT.20260731T1300 - - -
2026-08-08T23:30:36-0400 delete_target starting /{TARGET_LOCATION}/ROOT.20260731T1330 - - -
2026-08-08T23:30:36-0400 delete_target success /{TARGET_LOCATION}/ROOT.20260731T1330 - - -
2026-08-08T23:30:36-0400 delete_target starting /{TARGET_LOCATION}/ROOT.20260731T1400 - - -
2026-08-08T23:30:36-0400 delete_target success /{TARGET_LOCATION}/ROOT.20260731T1400 - - -
2026-08-08T23:30:36-0400 delete_target starting /{TARGET_LOCATION}/ROOT.20260731T1430 - - -
2026-08-08T23:30:36-0400 delete_target success /{TARGET_LOCATION}/ROOT.20260731T1430 - - -
2026-08-08T23:30:36-0400 delete_target starting /{TARGET_LOCATION}/ROOT.20260731T1500 - - -
2026-08-08T23:30:36-0400 delete_target success /{TARGET_LOCATION}/ROOT.20260731T1500 - - -
2026-08-08T23:30:36-0400 delete_target starting /{TARGET_LOCATION}/ROOT.20260731T1530 - - -
2026-08-08T23:30:37-0400 delete_target success /{TARGET_LOCATION}/ROOT.20260731T1530 - - -
2026-08-08T23:30:37-0400 delete_target starting /{TARGET_LOCATION}/ROOT.20260731T1600 - - -
2026-08-08T23:30:37-0400 delete_target success /{TARGET_LOCATION}/ROOT.20260731T1600 - - -
2026-08-08T23:30:37-0400 delete_target starting /{TARGET_LOCATION}/ROOT.20260731T1630 - - -
2026-08-08T23:30:37-0400 delete_target success /{TARGET_LOCATION}/ROOT.20260731T1630 - - -
2026-08-08T23:30:37-0400 delete_target starting /{TARGET_LOCATION}/ROOT.20260731T1700 - - -
2026-08-08T23:30:37-0400 delete_target success /{TARGET_LOCATION}/ROOT.20260731T1700 - - -
2026-08-08T23:30:37-0400 delete_target starting /{TARGET_LOCATION}/ROOT.20260731T1730 - - -
2026-08-08T23:30:37-0400 delete_target success /{TARGET_LOCATION}/ROOT.20260731T1730 - - -
2026-08-08T23:30:37-0400 delete_target starting /{TARGET_LOCATION}/ROOT.20260731T1800 - - -
2026-08-08T23:30:37-0400 delete_target success /{TARGET_LOCATION}/ROOT.20260731T1800 - - -
2026-08-08T23:30:37-0400 delete_target starting /{TARGET_LOCATION}/ROOT.20260731T1830 - - -
2026-08-08T23:30:37-0400 delete_target success /{TARGET_LOCATION}/ROOT.20260731T1830 - - -
2026-08-08T23:30:37-0400 delete_target starting /{TARGET_LOCATION}/ROOT.20260731T1900 - - -
2026-08-08T23:30:37-0400 delete_target success /{TARGET_LOCATION}/ROOT.20260731T1900 - - -
2026-08-08T23:30:37-0400 delete_target starting /{TARGET_LOCATION}/ROOT.20260731T1930 - - -
2026-08-08T23:30:37-0400 delete_target success /{TARGET_LOCATION}/ROOT.20260731T1930 - - -
2026-08-08T23:30:37-0400 delete_target starting /{TARGET_LOCATION}/ROOT.20260731T2000 - - -
2026-08-08T23:30:37-0400 delete_target success /{TARGET_LOCATION}/ROOT.20260731T2000 - - -
2026-08-08T23:30:37-0400 delete_target starting /{TARGET_LOCATION}/ROOT.20260731T2030 - - -
2026-08-08T23:30:37-0400 delete_target success /{TARGET_LOCATION}/ROOT.20260731T2030 - - -
2026-08-08T23:30:37-0400 delete_target starting /{TARGET_LOCATION}/ROOT.20260731T2100 - - -
2026-08-08T23:30:37-0400 delete_target success /{TARGET_LOCATION}/ROOT.20260731T2100 - - -
2026-08-08T23:30:37-0400 delete_target starting /{TARGET_LOCATION}/ROOT.20260731T2130 - - -
2026-08-08T23:30:37-0400 delete_target success /{TARGET_LOCATION}/ROOT.20260731T2130 - - -
2026-08-08T23:30:37-0400 delete_target starting /{TARGET_LOCATION}/ROOT.20260731T2200 - - -
2026-08-08T23:30:37-0400 delete_target success /{TARGET_LOCATION}/ROOT.20260731T2200 - - -
2026-08-08T23:30:37-0400 delete_target starting /{TARGET_LOCATION}/ROOT.20260731T2230 - - -
2026-08-08T23:30:37-0400 delete_target success /{TARGET_LOCATION}/ROOT.20260731T2230 - - -
2026-08-08T23:30:37-0400 delete_target starting /{TARGET_LOCATION}/ROOT.20260731T2300 - - -
2026-08-08T23:30:37-0400 delete_target success /{TARGET_LOCATION}/ROOT.20260731T2300 - - -
2026-08-08T23:30:37-0400 delete_target starting /{TARGET_LOCATION}/ROOT.20260731T2330 - - -
2026-08-08T23:30:37-0400 delete_target success /{TARGET_LOCATION}/ROOT.20260731T2330 - - -
2026-08-08T23:30:37-0400 delete_target starting /{TARGET_LOCATION}/ROOT.20260801T0030 - - -
2026-08-08T23:30:37-0400 delete_target success /{TARGET_LOCATION}/ROOT.20260801T0030 - - -
2026-08-08T23:30:37-0400 delete_target starting /{TARGET_LOCATION}/ROOT.20260801T0100 - - -
2026-08-08T23:30:37-0400 delete_target success /{TARGET_LOCATION}/ROOT.20260801T0100 - - -
2026-08-08T23:30:37-0400 delete_target starting /{TARGET_LOCATION}/ROOT.20260801T0130 - - -
2026-08-08T23:30:37-0400 delete_target success /{TARGET_LOCATION}/ROOT.20260801T0130 - - -
2026-08-08T23:30:37-0400 delete_target starting /{TARGET_LOCATION}/ROOT.20260801T0200 - - -
2026-08-08T23:30:37-0400 delete_target success /{TARGET_LOCATION}/ROOT.20260801T0200 - - -
2026-08-08T23:30:37-0400 delete_target starting /{TARGET_LOCATION}/ROOT.20260801T0230 - - -
2026-08-08T23:30:37-0400 delete_target success /{TARGET_LOCATION}/ROOT.20260801T0230 - - -
2026-08-08T23:30:37-0400 delete_target starting /{TARGET_LOCATION}/ROOT.20260801T0300 - - -
2026-08-08T23:30:37-0400 delete_target success /{TARGET_LOCATION}/ROOT.20260801T0300 - - -
2026-08-08T23:30:37-0400 delete_target starting /{TARGET_LOCATION}/ROOT.20260801T0330 - - -
2026-08-08T23:30:37-0400 delete_target success /{TARGET_LOCATION}/ROOT.20260801T0330 - - -
2026-08-08T23:30:37-0400 delete_target starting /{TARGET_LOCATION}/ROOT.20260801T0400 - - -
2026-08-08T23:30:37-0400 delete_target success /{TARGET_LOCATION}/ROOT.20260801T0400 - - -
2026-08-08T23:30:37-0400 delete_target starting /{TARGET_LOCATION}/ROOT.20260801T0430 - - -
2026-08-08T23:30:37-0400 delete_target success /{TARGET_LOCATION}/ROOT.20260801T0430 - - -
2026-08-08T23:30:37-0400 delete_target starting /{TARGET_LOCATION}/ROOT.20260801T0500 - - -
2026-08-08T23:30:37-0400 delete_target success /{TARGET_LOCATION}/ROOT.20260801T0500 - - -
2026-08-08T23:30:37-0400 delete_target starting /{TARGET_LOCATION}/ROOT.20260801T0530 - - -
2026-08-08T23:30:37-0400 delete_target success /{TARGET_LOCATION}/ROOT.20260801T0530 - - -
2026-08-08T23:30:37-0400 delete_target starting /{TARGET_LOCATION}/ROOT.20260801T0600 - - -
2026-08-08T23:30:37-0400 delete_target success /{TARGET_LOCATION}/ROOT.20260801T0600 - - -
2026-08-08T23:30:37-0400 delete_target starting /{TARGET_LOCATION}/ROOT.20260801T0630 - - -
2026-08-08T23:30:37-0400 delete_target success /{TARGET_LOCATION}/ROOT.20260801T0630 - - -
2026-08-08T23:30:37-0400 delete_target starting /{TARGET_LOCATION}/ROOT.20260801T0700 - - -
2026-08-08T23:30:37-0400 delete_target success /{TARGET_LOCATION}/ROOT.20260801T0700 - - -
2026-08-08T23:30:37-0400 delete_target starting /{TARGET_LOCATION}/ROOT.20260801T0730 - - -
2026-08-08T23:30:37-0400 delete_target success /{TARGET_LOCATION}/ROOT.20260801T0730 - - -
2026-08-08T23:30:37-0400 delete_target starting /{TARGET_LOCATION}/ROOT.20260801T0800 - - -
2026-08-08T23:30:37-0400 delete_target success /{TARGET_LOCATION}/ROOT.20260801T0800 - - -
2026-08-08T23:30:37-0400 delete_target starting /{TARGET_LOCATION}/ROOT.20260801T0830 - - -
2026-08-08T23:30:37-0400 delete_target success /{TARGET_LOCATION}/ROOT.20260801T0830 - - -
2026-08-08T23:30:37-0400 delete_target starting /{TARGET_LOCATION}/ROOT.20260801T0900 - - -
2026-08-08T23:30:37-0400 delete_target success /{TARGET_LOCATION}/ROOT.20260801T0900 - - -
2026-08-08T23:30:37-0400 delete_target starting /{TARGET_LOCATION}/ROOT.20260801T0930 - - -
2026-08-08T23:30:37-0400 delete_target success /{TARGET_LOCATION}/ROOT.20260801T0930 - - -
2026-08-08T23:30:37-0400 delete_target starting /{TARGET_LOCATION}/ROOT.20260801T1000 - - -
2026-08-08T23:30:37-0400 delete_target success /{TARGET_LOCATION}/ROOT.20260801T1000 - - -
2026-08-08T23:30:37-0400 delete_target starting /{TARGET_LOCATION}/ROOT.20260801T1030 - - -
2026-08-08T23:30:37-0400 delete_target success /{TARGET_LOCATION}/ROOT.20260801T1030 - - -
2026-08-08T23:30:37-0400 delete_target starting /{TARGET_LOCATION}/ROOT.20260801T1100 - - -
2026-08-08T23:30:37-0400 delete_target success /{TARGET_LOCATION}/ROOT.20260801T1100 - - -
2026-08-08T23:30:37-0400 delete_target starting /{TARGET_LOCATION}/ROOT.20260801T1130 - - -
2026-08-08T23:30:37-0400 delete_target success /{TARGET_LOCATION}/ROOT.20260801T1130 - - -
2026-08-08T23:30:37-0400 delete_target starting /{TARGET_LOCATION}/ROOT.20260801T1200 - - -
2026-08-08T23:30:37-0400 delete_target success /{TARGET_LOCATION}/ROOT.20260801T1200 - - -
2026-08-08T23:30:37-0400 delete_target starting /{TARGET_LOCATION}/ROOT.20260801T1230 - - -
2026-08-08T23:30:37-0400 delete_target success /{TARGET_LOCATION}/ROOT.20260801T1230 - - -
2026-08-08T23:30:37-0400 delete_target starting /{TARGET_LOCATION}/ROOT.20260801T1300 - - -
2026-08-08T23:30:37-0400 delete_target success /{TARGET_LOCATION}/ROOT.20260801T1300 - - -
2026-08-08T23:30:37-0400 delete_target starting /{TARGET_LOCATION}/ROOT.20260801T1330 - - -
2026-08-08T23:30:37-0400 delete_target success /{TARGET_LOCATION}/ROOT.20260801T1330 - - -
2026-08-08T23:30:37-0400 delete_target starting /{TARGET_LOCATION}/ROOT.20260801T1400 - - -
2026-08-08T23:30:37-0400 delete_target success /{TARGET_LOCATION}/ROOT.20260801T1400 - - -
2026-08-08T23:30:37-0400 delete_target starting /{TARGET_LOCATION}/ROOT.20260801T1430 - - -
2026-08-08T23:30:37-0400 delete_target success /{TARGET_LOCATION}/ROOT.20260801T1430 - - -
2026-08-08T23:30:37-0400 delete_target starting /{TARGET_LOCATION}/ROOT.20260801T1500 - - -
2026-08-08T23:30:37-0400 delete_target success /{TARGET_LOCATION}/ROOT.20260801T1500 - - -
2026-08-08T23:30:37-0400 delete_target starting /{TARGET_LOCATION}/ROOT.20260801T1530 - - -
2026-08-08T23:30:37-0400 delete_target success /{TARGET_LOCATION}/ROOT.20260801T1530 - - -
2026-08-08T23:30:37-0400 delete_target starting /{TARGET_LOCATION}/ROOT.20260801T1600 - - -
2026-08-08T23:30:37-0400 delete_target success /{TARGET_LOCATION}/ROOT.20260801T1600 - - -
2026-08-08T23:30:37-0400 delete_target starting /{TARGET_LOCATION}/ROOT.20260801T1630 - - -
2026-08-08T23:30:37-0400 delete_target success /{TARGET_LOCATION}/ROOT.20260801T1630 - - -
2026-08-08T23:30:37-0400 delete_target starting /{TARGET_LOCATION}/ROOT.20260801T1700 - - -
2026-08-08T23:30:37-0400 delete_target success /{TARGET_LOCATION}/ROOT.20260801T1700 - - -
2026-08-08T23:30:37-0400 delete_target starting /{TARGET_LOCATION}/ROOT.20260801T1730 - - -
2026-08-08T23:30:37-0400 delete_target success /{TARGET_LOCATION}/ROOT.20260801T1730 - - -
2026-08-08T23:30:37-0400 delete_target starting /{TARGET_LOCATION}/ROOT.20260801T1800 - - -
2026-08-08T23:30:37-0400 delete_target success /{TARGET_LOCATION}/ROOT.20260801T1800 - - -
2026-08-08T23:30:37-0400 delete_target starting /{TARGET_LOCATION}/ROOT.20260801T1830 - - -
2026-08-08T23:30:37-0400 delete_target success /{TARGET_LOCATION}/ROOT.20260801T1830 - - -
2026-08-08T23:30:37-0400 delete_target starting /{TARGET_LOCATION}/ROOT.20260801T1900 - - -
2026-08-08T23:30:37-0400 delete_target success /{TARGET_LOCATION}/ROOT.20260801T1900 - - -
2026-08-08T23:30:37-0400 delete_target starting /{TARGET_LOCATION}/ROOT.20260801T1930 - - -
2026-08-08T23:30:37-0400 delete_target success /{TARGET_LOCATION}/ROOT.20260801T1930 - - -
2026-08-08T23:30:37-0400 delete_target starting /{TARGET_LOCATION}/ROOT.20260801T2000 - - -
2026-08-08T23:30:37-0400 delete_target success /{TARGET_LOCATION}/ROOT.20260801T2000 - - -
2026-08-08T23:30:37-0400 delete_target starting /{TARGET_LOCATION}/ROOT.20260801T2030 - - -
2026-08-08T23:30:37-0400 delete_target success /{TARGET_LOCATION}/ROOT.20260801T2030 - - -
2026-08-08T23:30:37-0400 delete_target starting /{TARGET_LOCATION}/ROOT.20260801T2100 - - -
2026-08-08T23:30:37-0400 delete_target success /{TARGET_LOCATION}/ROOT.20260801T2100 - - -
2026-08-08T23:30:37-0400 delete_target starting /{TARGET_LOCATION}/ROOT.20260801T2130 - - -
2026-08-08T23:30:37-0400 delete_target success /{TARGET_LOCATION}/ROOT.20260801T2130 - - -
2026-08-08T23:30:37-0400 delete_target starting /{TARGET_LOCATION}/ROOT.20260801T2200 - - -
2026-08-08T23:30:37-0400 delete_target success /{TARGET_LOCATION}/ROOT.20260801T2200 - - -
2026-08-08T23:30:37-0400 delete_target starting /{TARGET_LOCATION}/ROOT.20260801T2230 - - -
2026-08-08T23:30:37-0400 delete_target success /{TARGET_LOCATION}/ROOT.20260801T2230 - - -
2026-08-08T23:30:37-0400 delete_target starting /{TARGET_LOCATION}/ROOT.20260801T2300 - - -
2026-08-08T23:30:37-0400 delete_target success /{TARGET_LOCATION}/ROOT.20260801T2300 - - -
2026-08-08T23:30:37-0400 delete_target starting /{TARGET_LOCATION}/ROOT.20260801T2330 - - -
2026-08-08T23:30:37-0400 delete_target success /{TARGET_LOCATION}/ROOT.20260801T2330 - - -
2026-08-08T23:30:37-0400 delete_target starting /{TARGET_LOCATION}/ROOT.20260802T0030 - - -
2026-08-08T23:30:37-0400 delete_target success /{TARGET_LOCATION}/ROOT.20260802T0030 - - -
2026-08-08T23:30:37-0400 delete_target starting /{TARGET_LOCATION}/ROOT.20260802T0100 - - -
2026-08-08T23:30:37-0400 delete_target success /{TARGET_LOCATION}/ROOT.20260802T0100 - - -
2026-08-08T23:30:37-0400 delete_target starting /{TARGET_LOCATION}/ROOT.20260802T0130 - - -
2026-08-08T23:30:37-0400 delete_target success /{TARGET_LOCATION}/ROOT.20260802T0130 - - -
2026-08-08T23:30:37-0400 delete_target starting /{TARGET_LOCATION}/ROOT.20260802T0200 - - -
2026-08-08T23:30:37-0400 delete_target success /{TARGET_LOCATION}/ROOT.20260802T0200 - - -
2026-08-08T23:30:37-0400 delete_target starting /{TARGET_LOCATION}/ROOT.20260802T0230 - - -
2026-08-08T23:30:37-0400 delete_target success /{TARGET_LOCATION}/ROOT.20260802T0230 - - -
2026-08-08T23:30:37-0400 delete_target starting /{TARGET_LOCATION}/ROOT.20260802T0300 - - -
2026-08-08T23:30:37-0400 delete_target success /{TARGET_LOCATION}/ROOT.20260802T0300 - - -
2026-08-08T23:30:37-0400 delete_target starting /{TARGET_LOCATION}/ROOT.20260802T0330 - - -
2026-08-08T23:30:37-0400 delete_target success /{TARGET_LOCATION}/ROOT.20260802T0330 - - -
2026-08-08T23:30:37-0400 delete_target starting /{TARGET_LOCATION}/ROOT.20260802T0400 - - -
2026-08-08T23:30:37-0400 delete_target success /{TARGET_LOCATION}/ROOT.20260802T0400 - - -
2026-08-08T23:30:37-0400 delete_target starting /{TARGET_LOCATION}/ROOT.20260802T0430 - - -
2026-08-08T23:30:37-0400 delete_target success /{TARGET_LOCATION}/ROOT.20260802T0430 - - -
2026-08-08T23:30:37-0400 delete_target starting /{TARGET_LOCATION}/ROOT.20260802T0500 - - -
2026-08-08T23:30:37-0400 delete_target success /{TARGET_LOCATION}/ROOT.20260802T0500 - - -
2026-08-08T23:30:37-0400 delete_target starting /{TARGET_LOCATION}/ROOT.20260802T0530 - - -
2026-08-08T23:30:37-0400 delete_target success /{TARGET_LOCATION}/ROOT.20260802T0530 - - -
2026-08-08T23:30:37-0400 delete_target starting /{TARGET_LOCATION}/ROOT.20260802T0600 - - -
2026-08-08T23:30:37-0400 delete_target success /{TARGET_LOCATION}/ROOT.20260802T0600 - - -
2026-08-08T23:30:37-0400 delete_target starting /{TARGET_LOCATION}/ROOT.20260802T0630 - - -
2026-08-08T23:30:37-0400 delete_target success /{TARGET_LOCATION}/ROOT.20260802T0630 - - -
2026-08-08T23:30:37-0400 delete_target starting /{TARGET_LOCATION}/ROOT.20260802T0700 - - -
2026-08-08T23:30:37-0400 delete_target success /{TARGET_LOCATION}/ROOT.20260802T0700 - - -
2026-08-08T23:30:37-0400 delete_target starting /{TARGET_LOCATION}/ROOT.20260802T0730 - - -
2026-08-08T23:30:37-0400 delete_target success /{TARGET_LOCATION}/ROOT.20260802T0730 - - -
2026-08-08T23:30:37-0400 delete_target starting /{TARGET_LOCATION}/ROOT.20260802T0800 - - -
2026-08-08T23:30:37-0400 delete_target success /{TARGET_LOCATION}/ROOT.20260802T0800 - - -
2026-08-08T23:30:37-0400 delete_target starting /{TARGET_LOCATION}/ROOT.20260802T0830 - - -
2026-08-08T23:30:37-0400 delete_target success /{TARGET_LOCATION}/ROOT.20260802T0830 - - -
2026-08-08T23:30:37-0400 delete_target starting /{TARGET_LOCATION}/ROOT.20260802T0900 - - -
2026-08-08T23:30:37-0400 delete_target success /{TARGET_LOCATION}/ROOT.20260802T0900 - - -
2026-08-08T23:30:37-0400 delete_target starting /{TARGET_LOCATION}/ROOT.20260802T0930 - - -
2026-08-08T23:30:37-0400 delete_target success /{TARGET_LOCATION}/ROOT.20260802T0930 - - -
2026-08-08T23:30:37-0400 delete_target starting /{TARGET_LOCATION}/ROOT.20260802T1000 - - -
2026-08-08T23:30:37-0400 delete_target success /{TARGET_LOCATION}/ROOT.20260802T1000 - - -
2026-08-08T23:30:37-0400 delete_target starting /{TARGET_LOCATION}/ROOT.20260802T1030 - - -
2026-08-08T23:30:37-0400 delete_target success /{TARGET_LOCATION}/ROOT.20260802T1030 - - -
2026-08-08T23:30:37-0400 delete_target starting /{TARGET_LOCATION}/ROOT.20260802T1100 - - -
2026-08-08T23:30:37-0400 delete_target success /{TARGET_LOCATION}/ROOT.20260802T1100 - - -
2026-08-08T23:30:37-0400 delete_target starting /{TARGET_LOCATION}/ROOT.20260802T1130 - - -
2026-08-08T23:30:37-0400 delete_target success /{TARGET_LOCATION}/ROOT.20260802T1130 - - -
2026-08-08T23:30:37-0400 delete_target starting /{TARGET_LOCATION}/ROOT.20260802T1200 - - -
2026-08-08T23:30:37-0400 delete_target success /{TARGET_LOCATION}/ROOT.20260802T1200 - - -
2026-08-08T23:30:37-0400 delete_target starting /{TARGET_LOCATION}/ROOT.20260802T1230 - - -
2026-08-08T23:30:37-0400 delete_target success /{TARGET_LOCATION}/ROOT.20260802T1230 - - -
2026-08-08T23:30:37-0400 delete_target starting /{TARGET_LOCATION}/ROOT.20260802T1300 - - -
2026-08-08T23:30:37-0400 delete_target success /{TARGET_LOCATION}/ROOT.20260802T1300 - - -
2026-08-08T23:30:37-0400 delete_target starting /{TARGET_LOCATION}/ROOT.20260802T1330 - - -
2026-08-08T23:30:37-0400 delete_target success /{TARGET_LOCATION}/ROOT.20260802T1330 - - -
2026-08-08T23:30:37-0400 delete_target starting /{TARGET_LOCATION}/ROOT.20260802T1400 - - -
2026-08-08T23:30:37-0400 delete_target success /{TARGET_LOCATION}/ROOT.20260802T1400 - - -
2026-08-08T23:30:37-0400 delete_target starting /{TARGET_LOCATION}/ROOT.20260802T1430 - - -
2026-08-08T23:30:37-0400 delete_target success /{TARGET_LOCATION}/ROOT.20260802T1430 - - -
2026-08-08T23:30:37-0400 delete_target starting /{TARGET_LOCATION}/ROOT.20260802T1500 - - -
2026-08-08T23:30:37-0400 delete_target success /{TARGET_LOCATION}/ROOT.20260802T1500 - - -
2026-08-08T23:30:37-0400 delete_target starting /{TARGET_LOCATION}/ROOT.20260802T1530 - - -
2026-08-08T23:30:37-0400 delete_target success /{TARGET_LOCATION}/ROOT.20260802T1530 - - -
2026-08-08T23:30:37-0400 delete_target starting /{TARGET_LOCATION}/ROOT.20260802T1600 - - -
2026-08-08T23:30:37-0400 delete_target success /{TARGET_LOCATION}/ROOT.20260802T1600 - - -
2026-08-08T23:30:37-0400 delete_target starting /{TARGET_LOCATION}/ROOT.20260802T1630 - - -
2026-08-08T23:30:37-0400 delete_target success /{TARGET_LOCATION}/ROOT.20260802T1630 - - -
2026-08-08T23:30:37-0400 delete_target starting /{TARGET_LOCATION}/ROOT.20260802T1700 - - -
2026-08-08T23:30:37-0400 delete_target success /{TARGET_LOCATION}/ROOT.20260802T1700 - - -
2026-08-08T23:30:37-0400 delete_target starting /{TARGET_LOCATION}/ROOT.20260802T1730 - - -
2026-08-08T23:30:37-0400 delete_target success /{TARGET_LOCATION}/ROOT.20260802T1730 - - -
2026-08-08T23:30:37-0400 delete_target starting /{TARGET_LOCATION}/ROOT.20260802T1800 - - -
2026-08-08T23:30:37-0400 delete_target success /{TARGET_LOCATION}/ROOT.20260802T1800 - - -
2026-08-08T23:30:37-0400 delete_target starting /{TARGET_LOCATION}/ROOT.20260802T1830 - - -
2026-08-08T23:30:37-0400 delete_target success /{TARGET_LOCATION}/ROOT.20260802T1830 - - -
2026-08-08T23:30:37-0400 delete_target starting /{TARGET_LOCATION}/ROOT.20260802T1900 - - -
2026-08-08T23:30:37-0400 delete_target success /{TARGET_LOCATION}/ROOT.20260802T1900 - - -
2026-08-08T23:30:37-0400 delete_target starting /{TARGET_LOCATION}/ROOT.20260802T1930 - - -
2026-08-08T23:30:37-0400 delete_target success /{TARGET_LOCATION}/ROOT.20260802T1930 - - -
2026-08-08T23:30:37-0400 delete_target starting /{TARGET_LOCATION}/ROOT.20260802T2000 - - -
2026-08-08T23:30:37-0400 delete_target success /{TARGET_LOCATION}/ROOT.20260802T2000 - - -
2026-08-08T23:30:37-0400 delete_target starting /{TARGET_LOCATION}/ROOT.20260802T2030 - - -
2026-08-08T23:30:37-0400 delete_target success /{TARGET_LOCATION}/ROOT.20260802T2030 - - -
2026-08-08T23:30:37-0400 delete_target starting /{TARGET_LOCATION}/ROOT.20260802T2100 - - -
2026-08-08T23:30:37-0400 delete_target success /{TARGET_LOCATION}/ROOT.20260802T2100 - - -
2026-08-08T23:30:37-0400 delete_target starting /{TARGET_LOCATION}/ROOT.20260802T2130 - - -
2026-08-08T23:30:37-0400 delete_target success /{TARGET_LOCATION}/ROOT.20260802T2130 - - -
2026-08-08T23:30:37-0400 delete_target starting /{TARGET_LOCATION}/ROOT.20260802T2200 - - -
2026-08-08T23:30:37-0400 delete_target success /{TARGET_LOCATION}/ROOT.20260802T2200 - - -
2026-08-08T23:30:37-0400 delete_target starting /{TARGET_LOCATION}/ROOT.20260802T2230 - - -
2026-08-08T23:30:37-0400 delete_target success /{TARGET_LOCATION}/ROOT.20260802T2230 - - -
2026-08-08T23:30:37-0400 delete_target starting /{TARGET_LOCATION}/ROOT.20260802T2300 - - -
2026-08-08T23:30:38-0400 delete_target success /{TARGET_LOCATION}/ROOT.20260802T2300 - - -
2026-08-08T23:30:38-0400 delete_target starting /{TARGET_LOCATION}/ROOT.20260802T2330 - - -
2026-08-08T23:30:38-0400 delete_target success /{TARGET_LOCATION}/ROOT.20260802T2330 - - -
2026-08-08T23:30:38-0400 delete_target starting /{TARGET_LOCATION}/ROOT.20260803T0030 - - -
2026-08-08T23:30:38-0400 delete_target success /{TARGET_LOCATION}/ROOT.20260803T0030 - - -
2026-08-08T23:30:38-0400 delete_target starting /{TARGET_LOCATION}/ROOT.20260803T0100 - - -
2026-08-08T23:30:38-0400 delete_target success /{TARGET_LOCATION}/ROOT.20260803T0100 - - -
2026-08-08T23:30:38-0400 delete_target starting /{TARGET_LOCATION}/ROOT.20260803T0130 - - -
2026-08-08T23:30:38-0400 delete_target success /{TARGET_LOCATION}/ROOT.20260803T0130 - - -
2026-08-08T23:30:38-0400 delete_target starting /{TARGET_LOCATION}/ROOT.20260803T0200 - - -
2026-08-08T23:30:38-0400 delete_target success /{TARGET_LOCATION}/ROOT.20260803T0200 - - -
2026-08-08T23:30:38-0400 delete_target starting /{TARGET_LOCATION}/ROOT.20260803T0230 - - -
2026-08-08T23:30:38-0400 delete_target success /{TARGET_LOCATION}/ROOT.20260803T0230 - - -
2026-08-08T23:30:38-0400 delete_target starting /{TARGET_LOCATION}/ROOT.20260803T0300 - - -
2026-08-08T23:30:38-0400 delete_target success /{TARGET_LOCATION}/ROOT.20260803T0300 - - -
2026-08-08T23:30:38-0400 delete_target starting /{TARGET_LOCATION}/ROOT.20260803T0330 - - -
2026-08-08T23:30:38-0400 delete_target success /{TARGET_LOCATION}/ROOT.20260803T0330 - - -
2026-08-08T23:30:38-0400 delete_target starting /{TARGET_LOCATION}/ROOT.20260803T0400 - - -
2026-08-08T23:30:38-0400 delete_target success /{TARGET_LOCATION}/ROOT.20260803T0400 - - -
2026-08-08T23:30:38-0400 delete_target starting /{TARGET_LOCATION}/ROOT.20260803T0430 - - -
2026-08-08T23:30:38-0400 delete_target success /{TARGET_LOCATION}/ROOT.20260803T0430 - - -
2026-08-08T23:30:38-0400 delete_target starting /{TARGET_LOCATION}/ROOT.20260803T0500 - - -
2026-08-08T23:30:38-0400 delete_target success /{TARGET_LOCATION}/ROOT.20260803T0500 - - -
2026-08-08T23:30:38-0400 delete_target starting /{TARGET_LOCATION}/ROOT.20260803T0530 - - -
2026-08-08T23:30:38-0400 delete_target success /{TARGET_LOCATION}/ROOT.20260803T0530 - - -
2026-08-08T23:30:38-0400 delete_target starting /{TARGET_LOCATION}/ROOT.20260803T0600 - - -
2026-08-08T23:30:38-0400 delete_target success /{TARGET_LOCATION}/ROOT.20260803T0600 - - -
2026-08-08T23:30:38-0400 delete_target starting /{TARGET_LOCATION}/ROOT.20260803T0630 - - -
2026-08-08T23:30:38-0400 delete_target success /{TARGET_LOCATION}/ROOT.20260803T0630 - - -
2026-08-08T23:30:38-0400 delete_target starting /{TARGET_LOCATION}/ROOT.20260803T0700 - - -
2026-08-08T23:30:38-0400 delete_target success /{TARGET_LOCATION}/ROOT.20260803T0700 - - -
2026-08-08T23:30:38-0400 delete_target starting /{TARGET_LOCATION}/ROOT.20260803T0730 - - -
2026-08-08T23:30:38-0400 delete_target success /{TARGET_LOCATION}/ROOT.20260803T0730 - - -
2026-08-08T23:30:38-0400 delete_target starting /{TARGET_LOCATION}/ROOT.20260803T0800 - - -
2026-08-08T23:30:38-0400 delete_target success /{TARGET_LOCATION}/ROOT.20260803T0800 - - -
2026-08-08T23:30:38-0400 delete_target starting /{TARGET_LOCATION}/ROOT.20260803T0830 - - -
2026-08-08T23:30:38-0400 delete_target success /{TARGET_LOCATION}/ROOT.20260803T0830 - - -
2026-08-08T23:30:38-0400 delete_target starting /{TARGET_LOCATION}/ROOT.20260803T0900 - - -
2026-08-08T23:30:38-0400 delete_target success /{TARGET_LOCATION}/ROOT.20260803T0900 - - -
2026-08-08T23:30:38-0400 delete_target starting /{TARGET_LOCATION}/ROOT.20260803T0930 - - -
2026-08-08T23:30:38-0400 delete_target success /{TARGET_LOCATION}/ROOT.20260803T0930 - - -
2026-08-08T23:30:38-0400 delete_target starting /{TARGET_LOCATION}/ROOT.20260803T1000 - - -
2026-08-08T23:30:38-0400 delete_target success /{TARGET_LOCATION}/ROOT.20260803T1000 - - -
2026-08-08T23:30:38-0400 delete_target starting /{TARGET_LOCATION}/ROOT.20260803T1030 - - -
2026-08-08T23:30:38-0400 delete_target success /{TARGET_LOCATION}/ROOT.20260803T1030 - - -
2026-08-08T23:30:38-0400 delete_target starting /{TARGET_LOCATION}/ROOT.20260803T1100 - - -
2026-08-08T23:30:38-0400 delete_target success /{TARGET_LOCATION}/ROOT.20260803T1100 - - -
2026-08-08T23:30:38-0400 delete_target starting /{TARGET_LOCATION}/ROOT.20260803T1130 - - -
2026-08-08T23:30:38-0400 delete_target success /{TARGET_LOCATION}/ROOT.20260803T1130 - - -
2026-08-08T23:30:38-0400 delete_target starting /{TARGET_LOCATION}/ROOT.20260803T1200 - - -
2026-08-08T23:30:38-0400 delete_target success /{TARGET_LOCATION}/ROOT.20260803T1200 - - -
2026-08-08T23:30:38-0400 delete_target starting /{TARGET_LOCATION}/ROOT.20260803T1230 - - -
2026-08-08T23:30:38-0400 delete_target success /{TARGET_LOCATION}/ROOT.20260803T1230 - - -
2026-08-08T23:30:38-0400 delete_target starting /{TARGET_LOCATION}/ROOT.20260803T1300 - - -
2026-08-08T23:30:38-0400 delete_target success /{TARGET_LOCATION}/ROOT.20260803T1300 - - -
2026-08-08T23:30:38-0400 delete_target starting /{TARGET_LOCATION}/ROOT.20260803T1330 - - -
2026-08-08T23:30:38-0400 delete_target success /{TARGET_LOCATION}/ROOT.20260803T1330 - - -
2026-08-08T23:30:38-0400 delete_target starting /{TARGET_LOCATION}/ROOT.20260803T1400 - - -
2026-08-08T23:30:38-0400 delete_target success /{TARGET_LOCATION}/ROOT.20260803T1400 - - -
2026-08-08T23:30:38-0400 delete_target starting /{TARGET_LOCATION}/ROOT.20260803T1430 - - -
2026-08-08T23:30:38-0400 delete_target success /{TARGET_LOCATION}/ROOT.20260803T1430 - - -
2026-08-08T23:30:38-0400 delete_target starting /{TARGET_LOCATION}/ROOT.20260803T1500 - - -
2026-08-08T23:30:38-0400 delete_target success /{TARGET_LOCATION}/ROOT.20260803T1500 - - -
2026-08-08T23:30:38-0400 delete_target starting /{TARGET_LOCATION}/ROOT.20260803T1530 - - -
2026-08-08T23:30:38-0400 delete_target success /{TARGET_LOCATION}/ROOT.20260803T1530 - - -
2026-08-08T23:30:38-0400 delete_target starting /{TARGET_LOCATION}/ROOT.20260803T1600 - - -
2026-08-08T23:30:38-0400 delete_target success /{TARGET_LOCATION}/ROOT.20260803T1600 - - -
2026-08-08T23:30:38-0400 delete_target starting /{TARGET_LOCATION}/ROOT.20260803T1630 - - -
2026-08-08T23:30:38-0400 delete_target success /{TARGET_LOCATION}/ROOT.20260803T1630 - - -
2026-08-08T23:30:38-0400 delete_target starting /{TARGET_LOCATION}/ROOT.20260803T1700 - - -
2026-08-08T23:30:38-0400 delete_target success /{TARGET_LOCATION}/ROOT.20260803T1700 - - -
2026-08-08T23:30:38-0400 delete_target starting /{TARGET_LOCATION}/ROOT.20260803T1730 - - -
2026-08-08T23:30:38-0400 delete_target success /{TARGET_LOCATION}/ROOT.20260803T1730 - - -
2026-08-08T23:30:38-0400 delete_target starting /{TARGET_LOCATION}/ROOT.20260803T1800 - - -
2026-08-08T23:30:38-0400 delete_target success /{TARGET_LOCATION}/ROOT.20260803T1800 - - -
2026-08-08T23:30:38-0400 delete_target starting /{TARGET_LOCATION}/ROOT.20260803T1830 - - -
2026-08-08T23:30:38-0400 delete_target success /{TARGET_LOCATION}/ROOT.20260803T1830 - - -
2026-08-08T23:30:38-0400 delete_target starting /{TARGET_LOCATION}/ROOT.20260803T1900 - - -
2026-08-08T23:30:38-0400 delete_target success /{TARGET_LOCATION}/ROOT.20260803T1900 - - -
2026-08-08T23:30:38-0400 delete_target starting /{TARGET_LOCATION}/ROOT.20260803T1930 - - -
2026-08-08T23:30:38-0400 delete_target success /{TARGET_LOCATION}/ROOT.20260803T1930 - - -
2026-08-08T23:30:38-0400 delete_target starting /{TARGET_LOCATION}/ROOT.20260803T2000 - - -
2026-08-08T23:30:38-0400 delete_target success /{TARGET_LOCATION}/ROOT.20260803T2000 - - -
2026-08-08T23:30:38-0400 delete_target starting /{TARGET_LOCATION}/ROOT.20260803T2030 - - -
2026-08-08T23:30:38-0400 delete_target success /{TARGET_LOCATION}/ROOT.20260803T2030 - - -
2026-08-08T23:30:38-0400 delete_target starting /{TARGET_LOCATION}/ROOT.20260803T2100 - - -
2026-08-08T23:30:38-0400 delete_target success /{TARGET_LOCATION}/ROOT.20260803T2100 - - -
2026-08-08T23:30:38-0400 delete_target starting /{TARGET_LOCATION}/ROOT.20260803T2130 - - -
2026-08-08T23:30:39-0400 delete_target success /{TARGET_LOCATION}/ROOT.20260803T2130 - - -
2026-08-08T23:30:39-0400 delete_target starting /{TARGET_LOCATION}/ROOT.20260803T2200 - - -
2026-08-08T23:30:51-0400 delete_target success /{TARGET_LOCATION}/ROOT.20260803T2200 - - -
2026-08-08T23:30:51-0400 delete_target starting /{TARGET_LOCATION}/ROOT.20260803T2230 - - -
2026-08-08T23:30:51-0400 delete_target success /{TARGET_LOCATION}/ROOT.20260803T2230 - - -
2026-08-08T23:30:51-0400 delete_target starting /{TARGET_LOCATION}/ROOT.20260803T2300 - - -
2026-08-08T23:30:51-0400 delete_target success /{TARGET_LOCATION}/ROOT.20260803T2300 - - -
2026-08-08T23:30:51-0400 delete_target starting /{TARGET_LOCATION}/ROOT.20260803T2330 - - -
2026-08-08T23:30:51-0400 delete_target success /{TARGET_LOCATION}/ROOT.20260803T2330 - - -
2026-08-08T23:30:51-0400 delete_target starting /{TARGET_LOCATION}/ROOT.20260804T0030 - - -
2026-08-08T23:30:51-0400 delete_target success /{TARGET_LOCATION}/ROOT.20260804T0030 - - -
2026-08-08T23:30:51-0400 delete_target starting /{TARGET_LOCATION}/ROOT.20260804T0100 - - -
2026-08-08T23:30:51-0400 delete_target success /{TARGET_LOCATION}/ROOT.20260804T0100 - - -
2026-08-08T23:30:51-0400 delete_target starting /{TARGET_LOCATION}/ROOT.20260804T0130 - - -
2026-08-08T23:30:51-0400 delete_target success /{TARGET_LOCATION}/ROOT.20260804T0130 - - -
2026-08-08T23:30:51-0400 delete_target starting /{TARGET_LOCATION}/ROOT.20260804T0200 - - -
2026-08-08T23:30:51-0400 delete_target success /{TARGET_LOCATION}/ROOT.20260804T0200 - - -
2026-08-08T23:30:51-0400 delete_target starting /{TARGET_LOCATION}/ROOT.20260804T0230 - - -
2026-08-08T23:30:52-0400 delete_target success /{TARGET_LOCATION}/ROOT.20260804T0230 - - -
2026-08-08T23:30:52-0400 delete_target starting /{TARGET_LOCATION}/ROOT.20260804T0300 - - -
2026-08-08T23:30:52-0400 delete_target success /{TARGET_LOCATION}/ROOT.20260804T0300 - - -
2026-08-08T23:30:52-0400 delete_target starting /{TARGET_LOCATION}/ROOT.20260804T0330 - - -
2026-08-08T23:30:52-0400 delete_target success /{TARGET_LOCATION}/ROOT.20260804T0330 - - -
2026-08-08T23:30:52-0400 delete_target starting /{TARGET_LOCATION}/ROOT.20260804T0400 - - -
2026-08-08T23:30:52-0400 delete_target success /{TARGET_LOCATION}/ROOT.20260804T0400 - - -
2026-08-08T23:30:52-0400 delete_target starting /{TARGET_LOCATION}/ROOT.20260804T0430 - - -
2026-08-08T23:30:52-0400 delete_target success /{TARGET_LOCATION}/ROOT.20260804T0430 - - -
2026-08-08T23:30:52-0400 delete_target starting /{TARGET_LOCATION}/ROOT.20260804T0500 - - -
2026-08-08T23:30:52-0400 delete_target success /{TARGET_LOCATION}/ROOT.20260804T0500 - - -
2026-08-08T23:30:52-0400 delete_target starting /{TARGET_LOCATION}/ROOT.20260804T0530 - - -
2026-08-08T23:30:52-0400 delete_target success /{TARGET_LOCATION}/ROOT.20260804T0530 - - -
2026-08-08T23:30:52-0400 delete_target starting /{TARGET_LOCATION}/ROOT.20260804T0600 - - -
2026-08-08T23:30:52-0400 delete_target success /{TARGET_LOCATION}/ROOT.20260804T0600 - - -
2026-08-08T23:30:52-0400 delete_target starting /{TARGET_LOCATION}/ROOT.20260804T0630 - - -
2026-08-08T23:30:52-0400 delete_target success /{TARGET_LOCATION}/ROOT.20260804T0630 - - -
2026-08-08T23:30:52-0400 delete_target starting /{TARGET_LOCATION}/ROOT.20260804T0700 - - -
2026-08-08T23:30:52-0400 delete_target success /{TARGET_LOCATION}/ROOT.20260804T0700 - - -
2026-08-08T23:30:52-0400 delete_target starting /{TARGET_LOCATION}/ROOT.20260804T0730 - - -
2026-08-08T23:30:52-0400 delete_target success /{TARGET_LOCATION}/ROOT.20260804T0730 - - -
2026-08-08T23:30:52-0400 delete_target starting /{TARGET_LOCATION}/ROOT.20260804T0800 - - -
2026-08-08T23:30:52-0400 delete_target success /{TARGET_LOCATION}/ROOT.20260804T0800 - - -
2026-08-08T23:30:52-0400 delete_target starting /{TARGET_LOCATION}/ROOT.20260804T0830 - - -
2026-08-08T23:30:52-0400 delete_target success /{TARGET_LOCATION}/ROOT.20260804T0830 - - -
2026-08-08T23:30:52-0400 delete_target starting /{TARGET_LOCATION}/ROOT.20260804T0900 - - -
2026-08-08T23:30:52-0400 delete_target success /{TARGET_LOCATION}/ROOT.20260804T0900 - - -
2026-08-08T23:30:52-0400 delete_target starting /{TARGET_LOCATION}/ROOT.20260804T0930 - - -
2026-08-08T23:30:52-0400 delete_target success /{TARGET_LOCATION}/ROOT.20260804T0930 - - -
2026-08-08T23:30:52-0400 delete_target starting /{TARGET_LOCATION}/ROOT.20260804T1000 - - -
2026-08-08T23:30:52-0400 delete_target success /{TARGET_LOCATION}/ROOT.20260804T1000 - - -
2026-08-08T23:30:52-0400 delete_target starting /{TARGET_LOCATION}/ROOT.20260804T1030 - - -
2026-08-08T23:30:52-0400 delete_target success /{TARGET_LOCATION}/ROOT.20260804T1030 - - -
2026-08-08T23:30:52-0400 delete_target starting /{TARGET_LOCATION}/ROOT.20260804T1100 - - -
2026-08-08T23:30:52-0400 delete_target success /{TARGET_LOCATION}/ROOT.20260804T1100 - - -
2026-08-08T23:30:52-0400 delete_target starting /{TARGET_LOCATION}/ROOT.20260804T1130 - - -
2026-08-08T23:30:52-0400 delete_target success /{TARGET_LOCATION}/ROOT.20260804T1130 - - -
2026-08-08T23:30:52-0400 delete_target starting /{TARGET_LOCATION}/ROOT.20260804T1200 - - -
2026-08-08T23:30:52-0400 delete_target success /{TARGET_LOCATION}/ROOT.20260804T1200 - - -
2026-08-08T23:30:52-0400 delete_target starting /{TARGET_LOCATION}/ROOT.20260804T1230 - - -
2026-08-08T23:30:52-0400 delete_target success /{TARGET_LOCATION}/ROOT.20260804T1230 - - -
2026-08-08T23:30:52-0400 delete_target starting /{TARGET_LOCATION}/ROOT.20260804T1300 - - -
2026-08-08T23:30:52-0400 delete_target success /{TARGET_LOCATION}/ROOT.20260804T1300 - - -
2026-08-08T23:30:52-0400 delete_target starting /{TARGET_LOCATION}/ROOT.20260804T1330 - - -
2026-08-08T23:30:52-0400 delete_target success /{TARGET_LOCATION}/ROOT.20260804T1330 - - -
2026-08-08T23:30:52-0400 delete_target starting /{TARGET_LOCATION}/ROOT.20260804T1400 - - -
2026-08-08T23:30:52-0400 delete_target success /{TARGET_LOCATION}/ROOT.20260804T1400 - - -
2026-08-08T23:30:52-0400 delete_target starting /{TARGET_LOCATION}/ROOT.20260804T1430 - - -
2026-08-08T23:30:52-0400 delete_target success /{TARGET_LOCATION}/ROOT.20260804T1430 - - -
2026-08-08T23:30:52-0400 delete_target starting /{TARGET_LOCATION}/ROOT.20260804T1500 - - -
2026-08-08T23:30:52-0400 delete_target success /{TARGET_LOCATION}/ROOT.20260804T1500 - - -
2026-08-08T23:30:52-0400 delete_target starting /{TARGET_LOCATION}/ROOT.20260804T1530 - - -
2026-08-08T23:30:52-0400 delete_target success /{TARGET_LOCATION}/ROOT.20260804T1530 - - -
2026-08-08T23:30:52-0400 delete_target starting /{TARGET_LOCATION}/ROOT.20260804T1600 - - -
2026-08-08T23:30:52-0400 delete_target success /{TARGET_LOCATION}/ROOT.20260804T1600 - - -
2026-08-08T23:30:52-0400 delete_target starting /{TARGET_LOCATION}/ROOT.20260804T1630 - - -
2026-08-08T23:30:52-0400 delete_target success /{TARGET_LOCATION}/ROOT.20260804T1630 - - -
2026-08-08T23:30:52-0400 delete_target starting /{TARGET_LOCATION}/ROOT.20260804T1700 - - -
2026-08-08T23:30:52-0400 delete_target success /{TARGET_LOCATION}/ROOT.20260804T1700 - - -
2026-08-08T23:30:52-0400 delete_target starting /{TARGET_LOCATION}/ROOT.20260804T1730 - - -
2026-08-08T23:30:52-0400 delete_target success /{TARGET_LOCATION}/ROOT.20260804T1730 - - -
2026-08-08T23:30:52-0400 delete_target starting /{TARGET_LOCATION}/ROOT.20260804T1800 - - -
2026-08-08T23:30:52-0400 delete_target success /{TARGET_LOCATION}/ROOT.20260804T1800 - - -
2026-08-08T23:30:52-0400 delete_target starting /{TARGET_LOCATION}/ROOT.20260804T1830 - - -
2026-08-08T23:30:52-0400 delete_target success /{TARGET_LOCATION}/ROOT.20260804T1830 - - -
2026-08-08T23:30:52-0400 delete_target starting /{TARGET_LOCATION}/ROOT.20260804T1900 - - -
2026-08-08T23:30:52-0400 delete_target success /{TARGET_LOCATION}/ROOT.20260804T1900 - - -
2026-08-08T23:30:52-0400 delete_target starting /{TARGET_LOCATION}/ROOT.20260804T1930 - - -
2026-08-08T23:30:52-0400 delete_target success /{TARGET_LOCATION}/ROOT.20260804T1930 - - -
2026-08-08T23:30:52-0400 delete_target starting /{TARGET_LOCATION}/ROOT.20260804T2000 - - -
2026-08-08T23:30:52-0400 delete_target success /{TARGET_LOCATION}/ROOT.20260804T2000 - - -
2026-08-08T23:30:52-0400 delete_target starting /{TARGET_LOCATION}/ROOT.20260804T2030 - - -
2026-08-08T23:30:52-0400 delete_target success /{TARGET_LOCATION}/ROOT.20260804T2030 - - -
2026-08-08T23:30:52-0400 delete_target starting /{TARGET_LOCATION}/ROOT.20260804T2100 - - -
2026-08-08T23:30:53-0400 delete_target success /{TARGET_LOCATION}/ROOT.20260804T2100 - - -
2026-08-08T23:30:53-0400 delete_target starting /{TARGET_LOCATION}/ROOT.20260804T2130 - - -
2026-08-08T23:30:53-0400 delete_target success /{TARGET_LOCATION}/ROOT.20260804T2130 - - -
2026-08-08T23:30:53-0400 delete_target starting /{TARGET_LOCATION}/ROOT.20260804T2200 - - -
2026-08-08T23:30:53-0400 delete_target success /{TARGET_LOCATION}/ROOT.20260804T2200 - - -
2026-08-08T23:30:53-0400 delete_target starting /{TARGET_LOCATION}/ROOT.20260804T2230 - - -
2026-08-08T23:30:53-0400 delete_target success /{TARGET_LOCATION}/ROOT.20260804T2230 - - -
2026-08-08T23:30:53-0400 delete_target starting /{TARGET_LOCATION}/ROOT.20260804T2300 - - -
2026-08-08T23:30:53-0400 delete_target success /{TARGET_LOCATION}/ROOT.20260804T2300 - - -
2026-08-08T23:30:53-0400 delete_target starting /{TARGET_LOCATION}/ROOT.20260804T2330 - - -
2026-08-08T23:30:53-0400 delete_target success /{TARGET_LOCATION}/ROOT.20260804T2330 - - -
2026-08-08T23:30:53-0400 delete_target starting /{TARGET_LOCATION}/ROOT.20260805T0030 - - -
2026-08-08T23:30:53-0400 delete_target success /{TARGET_LOCATION}/ROOT.20260805T0030 - - -
2026-08-08T23:30:53-0400 delete_target starting /{TARGET_LOCATION}/ROOT.20260805T0100 - - -
2026-08-08T23:30:53-0400 delete_target success /{TARGET_LOCATION}/ROOT.20260805T0100 - - -
2026-08-08T23:30:53-0400 delete_target starting /{TARGET_LOCATION}/ROOT.20260805T0130 - - -
2026-08-08T23:30:53-0400 delete_target success /{TARGET_LOCATION}/ROOT.20260805T0130 - - -
2026-08-08T23:30:53-0400 delete_target starting /{TARGET_LOCATION}/ROOT.20260805T0200 - - -
2026-08-08T23:30:53-0400 delete_target success /{TARGET_LOCATION}/ROOT.20260805T0200 - - -
2026-08-08T23:30:53-0400 delete_target starting /{TARGET_LOCATION}/ROOT.20260805T0230 - - -
2026-08-08T23:30:53-0400 delete_target success /{TARGET_LOCATION}/ROOT.20260805T0230 - - -
2026-08-08T23:30:53-0400 delete_target starting /{TARGET_LOCATION}/ROOT.20260805T0300 - - -
2026-08-08T23:30:53-0400 delete_target success /{TARGET_LOCATION}/ROOT.20260805T0300 - - -
2026-08-08T23:30:53-0400 delete_target starting /{TARGET_LOCATION}/ROOT.20260805T0330 - - -
2026-08-08T23:30:53-0400 delete_target success /{TARGET_LOCATION}/ROOT.20260805T0330 - - -
2026-08-08T23:30:53-0400 delete_target starting /{TARGET_LOCATION}/ROOT.20260805T0400 - - -
2026-08-08T23:30:53-0400 delete_target success /{TARGET_LOCATION}/ROOT.20260805T0400 - - -
2026-08-08T23:30:53-0400 delete_target starting /{TARGET_LOCATION}/ROOT.20260805T0430 - - -
2026-08-08T23:30:53-0400 delete_target success /{TARGET_LOCATION}/ROOT.20260805T0430 - - -
2026-08-08T23:30:53-0400 delete_target starting /{TARGET_LOCATION}/ROOT.20260805T0500 - - -
2026-08-08T23:30:53-0400 delete_target success /{TARGET_LOCATION}/ROOT.20260805T0500 - - -
2026-08-08T23:30:53-0400 delete_target starting /{TARGET_LOCATION}/ROOT.20260805T0530 - - -
2026-08-08T23:30:53-0400 delete_target success /{TARGET_LOCATION}/ROOT.20260805T0530 - - -
2026-08-08T23:30:53-0400 delete_target starting /{TARGET_LOCATION}/ROOT.20260805T0600 - - -
2026-08-08T23:30:53-0400 delete_target success /{TARGET_LOCATION}/ROOT.20260805T0600 - - -
2026-08-08T23:30:53-0400 delete_target starting /{TARGET_LOCATION}/ROOT.20260805T0630 - - -
2026-08-08T23:30:53-0400 delete_target success /{TARGET_LOCATION}/ROOT.20260805T0630 - - -
2026-08-08T23:30:53-0400 delete_target starting /{TARGET_LOCATION}/ROOT.20260805T0700 - - -
2026-08-08T23:30:53-0400 delete_target success /{TARGET_LOCATION}/ROOT.20260805T0700 - - -
2026-08-08T23:30:53-0400 delete_target starting /{TARGET_LOCATION}/ROOT.20260805T0730 - - -
2026-08-08T23:30:53-0400 delete_target success /{TARGET_LOCATION}/ROOT.20260805T0730 - - -
2026-08-08T23:30:53-0400 delete_target starting /{TARGET_LOCATION}/ROOT.20260805T0800 - - -
2026-08-08T23:30:53-0400 delete_target success /{TARGET_LOCATION}/ROOT.20260805T0800 - - -
2026-08-08T23:30:53-0400 delete_target starting /{TARGET_LOCATION}/ROOT.20260805T0830 - - -
2026-08-08T23:30:53-0400 delete_target success /{TARGET_LOCATION}/ROOT.20260805T0830 - - -
2026-08-08T23:30:53-0400 delete_target starting /{TARGET_LOCATION}/ROOT.20260805T0900 - - -
2026-08-08T23:30:53-0400 delete_target success /{TARGET_LOCATION}/ROOT.20260805T0900 - - -
2026-08-08T23:30:53-0400 delete_target starting /{TARGET_LOCATION}/ROOT.20260805T0930 - - -
2026-08-08T23:30:53-0400 delete_target success /{TARGET_LOCATION}/ROOT.20260805T0930 - - -
2026-08-08T23:30:53-0400 delete_target starting /{TARGET_LOCATION}/ROOT.20260805T1000 - - -
2026-08-08T23:30:53-0400 delete_target success /{TARGET_LOCATION}/ROOT.20260805T1000 - - -
2026-08-08T23:30:53-0400 delete_target starting /{TARGET_LOCATION}/ROOT.20260805T1030 - - -
2026-08-08T23:30:53-0400 delete_target success /{TARGET_LOCATION}/ROOT.20260805T1030 - - -
2026-08-08T23:30:53-0400 delete_target starting /{TARGET_LOCATION}/ROOT.20260805T1100 - - -
2026-08-08T23:30:53-0400 delete_target success /{TARGET_LOCATION}/ROOT.20260805T1100 - - -
2026-08-08T23:30:53-0400 delete_target starting /{TARGET_LOCATION}/ROOT.20260805T1130 - - -
2026-08-08T23:30:53-0400 delete_target success /{TARGET_LOCATION}/ROOT.20260805T1130 - - -
2026-08-08T23:30:53-0400 delete_target starting /{TARGET_LOCATION}/ROOT.20260805T1200 - - -
2026-08-08T23:30:53-0400 delete_target success /{TARGET_LOCATION}/ROOT.20260805T1200 - - -
2026-08-08T23:30:53-0400 delete_target starting /{TARGET_LOCATION}/ROOT.20260805T1230 - - -
2026-08-08T23:30:53-0400 delete_target success /{TARGET_LOCATION}/ROOT.20260805T1230 - - -
2026-08-08T23:30:53-0400 delete_target starting /{TARGET_LOCATION}/ROOT.20260805T1300 - - -
2026-08-08T23:30:53-0400 delete_target success /{TARGET_LOCATION}/ROOT.20260805T1300 - - -
2026-08-08T23:30:53-0400 delete_target starting /{TARGET_LOCATION}/ROOT.20260805T1330 - - -
2026-08-08T23:30:53-0400 delete_target success /{TARGET_LOCATION}/ROOT.20260805T1330 - - -
2026-08-08T23:30:53-0400 delete_target starting /{TARGET_LOCATION}/ROOT.20260805T1400 - - -
2026-08-08T23:30:53-0400 delete_target success /{TARGET_LOCATION}/ROOT.20260805T1400 - - -
2026-08-08T23:30:53-0400 delete_target starting /{TARGET_LOCATION}/ROOT.20260805T1430 - - -
2026-08-08T23:30:53-0400 delete_target success /{TARGET_LOCATION}/ROOT.20260805T1430 - - -
2026-08-08T23:30:53-0400 delete_target starting /{TARGET_LOCATION}/ROOT.20260805T1500 - - -
2026-08-08T23:30:54-0400 delete_target success /{TARGET_LOCATION}/ROOT.20260805T1500 - - -
2026-08-08T23:30:54-0400 delete_target starting /{TARGET_LOCATION}/ROOT.20260805T1530 - - -
2026-08-08T23:30:54-0400 delete_target success /{TARGET_LOCATION}/ROOT.20260805T1530 - - -
2026-08-08T23:30:54-0400 delete_target starting /{TARGET_LOCATION}/ROOT.20260805T1600 - - -
2026-08-08T23:30:54-0400 delete_target success /{TARGET_LOCATION}/ROOT.20260805T1600 - - -
2026-08-08T23:30:54-0400 delete_target starting /{TARGET_LOCATION}/ROOT.20260805T1630 - - -
2026-08-08T23:30:54-0400 delete_target success /{TARGET_LOCATION}/ROOT.20260805T1630 - - -
2026-08-08T23:30:54-0400 delete_target starting /{TARGET_LOCATION}/ROOT.20260805T1700 - - -
2026-08-08T23:30:54-0400 delete_target success /{TARGET_LOCATION}/ROOT.20260805T1700 - - -
2026-08-08T23:30:54-0400 delete_target starting /{TARGET_LOCATION}/ROOT.20260805T1730 - - -
2026-08-08T23:30:54-0400 delete_target success /{TARGET_LOCATION}/ROOT.20260805T1730 - - -
2026-08-08T23:30:54-0400 delete_target starting /{TARGET_LOCATION}/ROOT.20260805T1800 - - -
2026-08-08T23:30:54-0400 delete_target success /{TARGET_LOCATION}/ROOT.20260805T1800 - - -
2026-08-08T23:30:54-0400 delete_target starting /{TARGET_LOCATION}/ROOT.20260805T1830 - - -
2026-08-08T23:30:54-0400 delete_target success /{TARGET_LOCATION}/ROOT.20260805T1830 - - -
2026-08-08T23:30:54-0400 delete_target starting /{TARGET_LOCATION}/ROOT.20260805T1900 - - -
2026-08-08T23:30:54-0400 delete_target success /{TARGET_LOCATION}/ROOT.20260805T1900 - - -
2026-08-08T23:30:54-0400 delete_target starting /{TARGET_LOCATION}/ROOT.20260805T1930 - - -
2026-08-08T23:30:54-0400 delete_target success /{TARGET_LOCATION}/ROOT.20260805T1930 - - -
2026-08-08T23:30:54-0400 delete_target starting /{TARGET_LOCATION}/ROOT.20260805T2000 - - -
2026-08-08T23:30:54-0400 delete_target success /{TARGET_LOCATION}/ROOT.20260805T2000 - - -
2026-08-08T23:30:54-0400 delete_target starting /{TARGET_LOCATION}/ROOT.20260805T2030 - - -
2026-08-08T23:30:54-0400 delete_target success /{TARGET_LOCATION}/ROOT.20260805T2030 - - -
2026-08-08T23:30:54-0400 delete_target starting /{TARGET_LOCATION}/ROOT.20260805T2100 - - -
2026-08-08T23:30:54-0400 delete_target success /{TARGET_LOCATION}/ROOT.20260805T2100 - - -
2026-08-08T23:30:54-0400 delete_target starting /{TARGET_LOCATION}/ROOT.20260805T2130 - - -
2026-08-08T23:30:54-0400 delete_target success /{TARGET_LOCATION}/ROOT.20260805T2130 - - -
2026-08-08T23:30:54-0400 delete_target starting /{TARGET_LOCATION}/ROOT.20260805T2200 - - -
2026-08-08T23:30:54-0400 delete_target success /{TARGET_LOCATION}/ROOT.20260805T2200 - - -
2026-08-08T23:30:54-0400 delete_target starting /{TARGET_LOCATION}/ROOT.20260805T2230 - - -
2026-08-08T23:30:54-0400 delete_target success /{TARGET_LOCATION}/ROOT.20260805T2230 - - -
2026-08-08T23:30:54-0400 delete_target starting /{TARGET_LOCATION}/ROOT.20260805T2300 - - -
2026-08-08T23:30:54-0400 delete_target success /{TARGET_LOCATION}/ROOT.20260805T2300 - - -
2026-08-08T23:30:54-0400 delete_target starting /{TARGET_LOCATION}/ROOT.20260805T2330 - - -
2026-08-08T23:30:54-0400 delete_target success /{TARGET_LOCATION}/ROOT.20260805T2330 - - -
2026-08-08T23:30:54-0400 delete_target starting /{TARGET_LOCATION}/ROOT.20260806T0030 - - -
2026-08-08T23:30:54-0400 delete_target success /{TARGET_LOCATION}/ROOT.20260806T0030 - - -
2026-08-08T23:30:54-0400 delete_target starting /{TARGET_LOCATION}/ROOT.20260806T0100 - - -
2026-08-08T23:30:54-0400 delete_target success /{TARGET_LOCATION}/ROOT.20260806T0100 - - -
2026-08-08T23:30:54-0400 delete_target starting /{TARGET_LOCATION}/ROOT.20260806T0130 - - -
2026-08-08T23:30:54-0400 delete_target success /{TARGET_LOCATION}/ROOT.20260806T0130 - - -
2026-08-08T23:30:54-0400 delete_target starting /{TARGET_LOCATION}/ROOT.20260806T0200 - - -
2026-08-08T23:30:54-0400 delete_target success /{TARGET_LOCATION}/ROOT.20260806T0200 - - -
2026-08-08T23:30:54-0400 delete_target starting /{TARGET_LOCATION}/ROOT.20260806T0230 - - -
2026-08-08T23:30:54-0400 delete_target success /{TARGET_LOCATION}/ROOT.20260806T0230 - - -
2026-08-08T23:30:54-0400 delete_target starting /{TARGET_LOCATION}/ROOT.20260806T0300 - - -
2026-08-08T23:30:54-0400 delete_target success /{TARGET_LOCATION}/ROOT.20260806T0300 - - -
2026-08-08T23:30:54-0400 delete_target starting /{TARGET_LOCATION}/ROOT.20260806T0330 - - -
2026-08-08T23:30:54-0400 delete_target success /{TARGET_LOCATION}/ROOT.20260806T0330 - - -
2026-08-08T23:30:54-0400 delete_target starting /{TARGET_LOCATION}/ROOT.20260806T0400 - - -
2026-08-08T23:30:54-0400 delete_target success /{TARGET_LOCATION}/ROOT.20260806T0400 - - -
2026-08-08T23:30:54-0400 delete_target starting /{TARGET_LOCATION}/ROOT.20260806T0430 - - -
2026-08-08T23:30:54-0400 delete_target success /{TARGET_LOCATION}/ROOT.20260806T0430 - - -
2026-08-08T23:30:54-0400 delete_target starting /{TARGET_LOCATION}/ROOT.20260806T0500 - - -
2026-08-08T23:30:54-0400 delete_target success /{TARGET_LOCATION}/ROOT.20260806T0500 - - -
2026-08-08T23:30:54-0400 delete_target starting /{TARGET_LOCATION}/ROOT.20260806T0530 - - -
2026-08-08T23:30:54-0400 delete_target success /{TARGET_LOCATION}/ROOT.20260806T0530 - - -
2026-08-08T23:30:54-0400 delete_target starting /{TARGET_LOCATION}/ROOT.20260806T0600 - - -
2026-08-08T23:30:54-0400 delete_target success /{TARGET_LOCATION}/ROOT.20260806T0600 - - -
2026-08-08T23:30:54-0400 delete_target starting /{TARGET_LOCATION}/ROOT.20260806T0630 - - -
2026-08-08T23:30:54-0400 delete_target success /{TARGET_LOCATION}/ROOT.20260806T0630 - - -
2026-08-08T23:30:54-0400 delete_target starting /{TARGET_LOCATION}/ROOT.20260806T0700 - - -
2026-08-08T23:30:54-0400 delete_target success /{TARGET_LOCATION}/ROOT.20260806T0700 - - -
2026-08-08T23:30:54-0400 delete_target starting /{TARGET_LOCATION}/ROOT.20260806T0730 - - -
2026-08-08T23:30:54-0400 delete_target success /{TARGET_LOCATION}/ROOT.20260806T0730 - - -
2026-08-08T23:30:54-0400 delete_target starting /{TARGET_LOCATION}/ROOT.20260806T0800 - - -
2026-08-08T23:30:54-0400 delete_target success /{TARGET_LOCATION}/ROOT.20260806T0800 - - -
2026-08-08T23:30:54-0400 delete_target starting /{TARGET_LOCATION}/ROOT.20260806T0830 - - -
2026-08-08T23:30:54-0400 delete_target success /{TARGET_LOCATION}/ROOT.20260806T0830 - - -
2026-08-08T23:30:54-0400 delete_target starting /{TARGET_LOCATION}/ROOT.20260806T0900 - - -
2026-08-08T23:30:54-0400 delete_target success /{TARGET_LOCATION}/ROOT.20260806T0900 - - -
2026-08-08T23:30:54-0400 delete_target starting /{TARGET_LOCATION}/ROOT.20260806T0930 - - -
2026-08-08T23:30:54-0400 delete_target success /{TARGET_LOCATION}/ROOT.20260806T0930 - - -
2026-08-08T23:30:54-0400 delete_target starting /{TARGET_LOCATION}/ROOT.20260806T1000 - - -
2026-08-08T23:30:54-0400 delete_target success /{TARGET_LOCATION}/ROOT.20260806T1000 - - -
2026-08-08T23:30:54-0400 delete_target starting /{TARGET_LOCATION}/ROOT.20260806T1030 - - -
2026-08-08T23:30:54-0400 delete_target success /{TARGET_LOCATION}/ROOT.20260806T1030 - - -
2026-08-08T23:30:54-0400 delete_target starting /{TARGET_LOCATION}/ROOT.20260806T1100 - - -
2026-08-08T23:30:54-0400 delete_target success /{TARGET_LOCATION}/ROOT.20260806T1100 - - -
2026-08-08T23:30:54-0400 delete_target starting /{TARGET_LOCATION}/ROOT.20260806T1130 - - -
2026-08-08T23:30:54-0400 delete_target success /{TARGET_LOCATION}/ROOT.20260806T1130 - - -
2026-08-08T23:30:54-0400 delete_target starting /{TARGET_LOCATION}/ROOT.20260806T1200 - - -
2026-08-08T23:30:54-0400 delete_target success /{TARGET_LOCATION}/ROOT.20260806T1200 - - -
2026-08-08T23:30:54-0400 delete_target starting /{TARGET_LOCATION}/ROOT.20260806T1230 - - -
2026-08-08T23:30:54-0400 delete_target success /{TARGET_LOCATION}/ROOT.20260806T1230 - - -
2026-08-08T23:30:54-0400 delete_target starting /{TARGET_LOCATION}/ROOT.20260806T1300 - - -
2026-08-08T23:30:54-0400 delete_target success /{TARGET_LOCATION}/ROOT.20260806T1300 - - -
2026-08-08T23:30:54-0400 delete_target starting /{TARGET_LOCATION}/ROOT.20260806T1330 - - -
2026-08-08T23:30:54-0400 delete_target success /{TARGET_LOCATION}/ROOT.20260806T1330 - - -
2026-08-08T23:30:54-0400 delete_target starting /{TARGET_LOCATION}/ROOT.20260806T1400 - - -
2026-08-08T23:30:54-0400 delete_target success /{TARGET_LOCATION}/ROOT.20260806T1400 - - -
2026-08-08T23:30:54-0400 delete_target starting /{TARGET_LOCATION}/ROOT.20260806T1430 - - -
2026-08-08T23:30:54-0400 delete_target success /{TARGET_LOCATION}/ROOT.20260806T1430 - - -
2026-08-08T23:30:54-0400 delete_target starting /{TARGET_LOCATION}/ROOT.20260806T1500 - - -
2026-08-08T23:30:54-0400 delete_target success /{TARGET_LOCATION}/ROOT.20260806T1500 - - -
2026-08-08T23:30:54-0400 delete_target starting /{TARGET_LOCATION}/ROOT.20260806T1530 - - -
2026-08-08T23:30:54-0400 delete_target success /{TARGET_LOCATION}/ROOT.20260806T1530 - - -
2026-08-08T23:30:54-0400 delete_target starting /{TARGET_LOCATION}/ROOT.20260806T1600 - - -
2026-08-08T23:30:54-0400 delete_target success /{TARGET_LOCATION}/ROOT.20260806T1600 - - -
2026-08-08T23:30:54-0400 delete_target starting /{TARGET_LOCATION}/ROOT.20260806T1630 - - -
2026-08-08T23:30:54-0400 delete_target success /{TARGET_LOCATION}/ROOT.20260806T1630 - - -
2026-08-08T23:30:54-0400 delete_target starting /{TARGET_LOCATION}/ROOT.20260806T1700 - - -
2026-08-08T23:30:54-0400 delete_target success /{TARGET_LOCATION}/ROOT.20260806T1700 - - -
2026-08-08T23:30:54-0400 delete_target starting /{TARGET_LOCATION}/ROOT.20260806T1730 - - -
2026-08-08T23:30:54-0400 delete_target success /{TARGET_LOCATION}/ROOT.20260806T1730 - - -
2026-08-08T23:30:54-0400 delete_target starting /{TARGET_LOCATION}/ROOT.20260806T1800 - - -
2026-08-08T23:30:54-0400 delete_target success /{TARGET_LOCATION}/ROOT.20260806T1800 - - -
2026-08-08T23:30:54-0400 delete_target starting /{TARGET_LOCATION}/ROOT.20260806T1830 - - -
2026-08-08T23:30:54-0400 delete_target success /{TARGET_LOCATION}/ROOT.20260806T1830 - - -
2026-08-08T23:30:54-0400 delete_target starting /{TARGET_LOCATION}/ROOT.20260806T1900 - - -
2026-08-08T23:30:54-0400 delete_target success /{TARGET_LOCATION}/ROOT.20260806T1900 - - -
2026-08-08T23:30:54-0400 delete_target starting /{TARGET_LOCATION}/ROOT.20260806T1930 - - -
2026-08-08T23:30:54-0400 delete_target success /{TARGET_LOCATION}/ROOT.20260806T1930 - - -
2026-08-08T23:30:54-0400 delete_target starting /{TARGET_LOCATION}/ROOT.20260806T2000 - - -
2026-08-08T23:30:54-0400 delete_target success /{TARGET_LOCATION}/ROOT.20260806T2000 - - -
2026-08-08T23:30:54-0400 delete_target starting /{TARGET_LOCATION}/ROOT.20260806T2030 - - -
2026-08-08T23:30:54-0400 delete_target success /{TARGET_LOCATION}/ROOT.20260806T2030 - - -
2026-08-08T23:30:54-0400 delete_target starting /{TARGET_LOCATION}/ROOT.20260806T2100 - - -
2026-08-08T23:30:54-0400 delete_target success /{TARGET_LOCATION}/ROOT.20260806T2100 - - -
2026-08-08T23:30:54-0400 delete_target starting /{TARGET_LOCATION}/ROOT.20260806T2130 - - -
2026-08-08T23:30:54-0400 delete_target success /{TARGET_LOCATION}/ROOT.20260806T2130 - - -
2026-08-08T23:30:54-0400 delete_target starting /{TARGET_LOCATION}/ROOT.20260806T2200 - - -
2026-08-08T23:30:54-0400 delete_target success /{TARGET_LOCATION}/ROOT.20260806T2200 - - -
2026-08-08T23:30:54-0400 delete_target starting /{TARGET_LOCATION}/ROOT.20260806T2230 - - -
2026-08-08T23:30:54-0400 delete_target success /{TARGET_LOCATION}/ROOT.20260806T2230 - - -
2026-08-08T23:30:54-0400 delete_target starting /{TARGET_LOCATION}/ROOT.20260806T2300 - - -
2026-08-08T23:30:54-0400 delete_target success /{TARGET_LOCATION}/ROOT.20260806T2300 - - -
2026-08-08T23:30:54-0400 delete_target starting /{TARGET_LOCATION}/ROOT.20260806T2330 - - -
2026-08-08T23:30:54-0400 delete_target success /{TARGET_LOCATION}/ROOT.20260806T2330 - - -
2026-08-08T23:30:54-0400 delete_target starting /{TARGET_LOCATION}/ROOT.20260807T0030 - - -
2026-08-08T23:30:54-0400 delete_target success /{TARGET_LOCATION}/ROOT.20260807T0030 - - -
2026-08-08T23:30:54-0400 delete_target starting /{TARGET_LOCATION}/ROOT.20260807T0100 - - -
2026-08-08T23:30:54-0400 delete_target success /{TARGET_LOCATION}/ROOT.20260807T0100 - - -
2026-08-08T23:30:54-0400 delete_target starting /{TARGET_LOCATION}/ROOT.20260807T0130 - - -
2026-08-08T23:30:54-0400 delete_target success /{TARGET_LOCATION}/ROOT.20260807T0130 - - -
2026-08-08T23:30:54-0400 delete_target starting /{TARGET_LOCATION}/ROOT.20260807T0200 - - -
2026-08-08T23:30:54-0400 delete_target success /{TARGET_LOCATION}/ROOT.20260807T0200 - - -
2026-08-08T23:30:54-0400 delete_target starting /{TARGET_LOCATION}/ROOT.20260807T0230 - - -
2026-08-08T23:30:54-0400 delete_target success /{TARGET_LOCATION}/ROOT.20260807T0230 - - -
2026-08-08T23:30:54-0400 delete_target starting /{TARGET_LOCATION}/ROOT.20260807T0300 - - -
2026-08-08T23:30:54-0400 delete_target success /{TARGET_LOCATION}/ROOT.20260807T0300 - - -
2026-08-08T23:30:54-0400 delete_target starting /{TARGET_LOCATION}/ROOT.20260807T0330 - - -
2026-08-08T23:30:54-0400 delete_target success /{TARGET_LOCATION}/ROOT.20260807T0330 - - -
2026-08-08T23:30:54-0400 delete_target starting /{TARGET_LOCATION}/ROOT.20260807T0400 - - -
2026-08-08T23:30:55-0400 delete_target success /{TARGET_LOCATION}/ROOT.20260807T0400 - - -
2026-08-08T23:30:55-0400 delete_target starting /{TARGET_LOCATION}/ROOT.20260807T0430 - - -
2026-08-08T23:30:55-0400 delete_target success /{TARGET_LOCATION}/ROOT.20260807T0430 - - -
2026-08-08T23:30:55-0400 delete_target starting /{TARGET_LOCATION}/ROOT.20260807T0500 - - -
2026-08-08T23:30:55-0400 delete_target success /{TARGET_LOCATION}/ROOT.20260807T0500 - - -
2026-08-08T23:30:55-0400 delete_target starting /{TARGET_LOCATION}/ROOT.20260807T0530 - - -
2026-08-08T23:30:55-0400 delete_target success /{TARGET_LOCATION}/ROOT.20260807T0530 - - -
2026-08-08T23:30:55-0400 delete_target starting /{TARGET_LOCATION}/ROOT.20260807T0600 - - -
2026-08-08T23:30:55-0400 delete_target success /{TARGET_LOCATION}/ROOT.20260807T0600 - - -
2026-08-08T23:30:55-0400 delete_target starting /{TARGET_LOCATION}/ROOT.20260807T0700 - - -
2026-08-08T23:30:55-0400 delete_target success /{TARGET_LOCATION}/ROOT.20260807T0700 - - -
2026-08-08T23:30:55-0400 delete_target starting /{TARGET_LOCATION}/ROOT.20260807T0800 - - -
2026-08-08T23:30:55-0400 delete_target success /{TARGET_LOCATION}/ROOT.20260807T0800 - - -
2026-08-08T23:30:55-0400 delete_target starting /{TARGET_LOCATION}/ROOT.20260807T0900 - - -
2026-08-08T23:30:55-0400 delete_target success /{TARGET_LOCATION}/ROOT.20260807T0900 - - -
2026-08-08T23:30:55-0400 delete_target starting /{TARGET_LOCATION}/ROOT.20260807T1000 - - -
2026-08-08T23:30:55-0400 delete_target success /{TARGET_LOCATION}/ROOT.20260807T1000 - - -
2026-08-08T23:30:55-0400 delete_target starting /{TARGET_LOCATION}/ROOT.20260807T1030 - - -
2026-08-08T23:30:55-0400 delete_target success /{TARGET_LOCATION}/ROOT.20260807T1030 - - -
2026-08-08T23:30:55-0400 delete_target starting /{TARGET_LOCATION}/ROOT.20260807T1100 - - -
2026-08-08T23:30:55-0400 delete_target success /{TARGET_LOCATION}/ROOT.20260807T1100 - - -
2026-08-08T23:30:55-0400 delete_target starting /{TARGET_LOCATION}/ROOT.20260807T1130 - - -
2026-08-08T23:30:55-0400 delete_target success /{TARGET_LOCATION}/ROOT.20260807T1130 - - -
2026-08-08T23:30:55-0400 delete_target starting /{TARGET_LOCATION}/ROOT.20260807T1200 - - -
2026-08-08T23:30:55-0400 delete_target success /{TARGET_LOCATION}/ROOT.20260807T1200 - - -
2026-08-08T23:30:55-0400 delete_target starting /{TARGET_LOCATION}/ROOT.20260807T1230 - - -
2026-08-08T23:30:55-0400 delete_target success /{TARGET_LOCATION}/ROOT.20260807T1230 - - -
2026-08-08T23:30:55-0400 delete_target starting /{TARGET_LOCATION}/ROOT.20260807T1300 - - -
2026-08-08T23:30:55-0400 delete_target success /{TARGET_LOCATION}/ROOT.20260807T1300 - - -
2026-08-08T23:30:55-0400 delete_target starting /{TARGET_LOCATION}/ROOT.20260807T1330 - - -
2026-08-08T23:30:55-0400 delete_target success /{TARGET_LOCATION}/ROOT.20260807T1330 - - -
2026-08-08T23:30:55-0400 delete_target starting /{TARGET_LOCATION}/ROOT.20260807T1400 - - -
2026-08-08T23:30:55-0400 delete_target success /{TARGET_LOCATION}/ROOT.20260807T1400 - - -
2026-08-08T23:30:55-0400 delete_target starting /{TARGET_LOCATION}/ROOT.20260807T1430 - - -
2026-08-08T23:30:55-0400 delete_target success /{TARGET_LOCATION}/ROOT.20260807T1430 - - -
2026-08-08T23:30:55-0400 delete_target starting /{TARGET_LOCATION}/ROOT.20260807T1500 - - -
2026-08-08T23:30:55-0400 delete_target success /{TARGET_LOCATION}/ROOT.20260807T1500 - - -
2026-08-08T23:30:55-0400 delete_target starting /{TARGET_LOCATION}/ROOT.20260807T1530 - - -
2026-08-08T23:30:55-0400 delete_target success /{TARGET_LOCATION}/ROOT.20260807T1530 - - -
2026-08-08T23:30:55-0400 delete_target starting /{TARGET_LOCATION}/ROOT.20260807T1600 - - -
2026-08-08T23:30:55-0400 delete_target success /{TARGET_LOCATION}/ROOT.20260807T1600 - - -
2026-08-08T23:30:55-0400 delete_target starting /{TARGET_LOCATION}/ROOT.20260807T1630 - - -
2026-08-08T23:30:55-0400 delete_target success /{TARGET_LOCATION}/ROOT.20260807T1630 - - -
2026-08-08T23:30:55-0400 delete_target starting /{TARGET_LOCATION}/ROOT.20260807T1700 - - -
2026-08-08T23:30:55-0400 delete_target success /{TARGET_LOCATION}/ROOT.20260807T1700 - - -
2026-08-08T23:30:55-0400 delete_target starting /{TARGET_LOCATION}/ROOT.20260807T1730 - - -
2026-08-08T23:30:55-0400 delete_target success /{TARGET_LOCATION}/ROOT.20260807T1730 - - -
2026-08-08T23:30:55-0400 delete_target starting /{TARGET_LOCATION}/ROOT.20260807T1800 - - -
2026-08-08T23:30:55-0400 delete_target success /{TARGET_LOCATION}/ROOT.20260807T1800 - - -
2026-08-08T23:30:55-0400 delete_target starting /{TARGET_LOCATION}/ROOT.20260807T1830 - - -
2026-08-08T23:30:55-0400 delete_target success /{TARGET_LOCATION}/ROOT.20260807T1830 - - -
2026-08-08T23:30:55-0400 delete_target starting /{TARGET_LOCATION}/ROOT.20260807T1900 - - -
2026-08-08T23:30:55-0400 delete_target success /{TARGET_LOCATION}/ROOT.20260807T1900 - - -
2026-08-08T23:30:55-0400 delete_target starting /{TARGET_LOCATION}/ROOT.20260807T1930 - - -
2026-08-08T23:30:55-0400 delete_target success /{TARGET_LOCATION}/ROOT.20260807T1930 - - -
2026-08-08T23:30:55-0400 delete_target starting /{TARGET_LOCATION}/ROOT.20260807T2000 - - -
2026-08-08T23:30:55-0400 delete_target success /{TARGET_LOCATION}/ROOT.20260807T2000 - - -
2026-08-08T23:30:55-0400 delete_target starting /{TARGET_LOCATION}/ROOT.20260807T2030 - - -
2026-08-08T23:30:55-0400 delete_target success /{TARGET_LOCATION}/ROOT.20260807T2030 - - -
2026-08-08T23:30:55-0400 delete_target starting /{TARGET_LOCATION}/ROOT.20260807T2100 - - -
2026-08-08T23:30:55-0400 delete_target success /{TARGET_LOCATION}/ROOT.20260807T2100 - - -
2026-08-08T23:30:55-0400 delete_target starting /{TARGET_LOCATION}/ROOT.20260807T2130 - - -
2026-08-08T23:30:55-0400 delete_target success /{TARGET_LOCATION}/ROOT.20260807T2130 - - -
2026-08-08T23:30:55-0400 delete_target starting /{TARGET_LOCATION}/ROOT.20260807T2200 - - -
2026-08-08T23:30:55-0400 delete_target success /{TARGET_LOCATION}/ROOT.20260807T2200 - - -
2026-08-08T23:30:55-0400 delete_target starting /{TARGET_LOCATION}/ROOT.20260807T2230 - - -
2026-08-08T23:30:55-0400 delete_target success /{TARGET_LOCATION}/ROOT.20260807T2230 - - -
2026-08-08T23:30:55-0400 delete_target starting /{TARGET_LOCATION}/ROOT.20260807T2300 - - -
2026-08-08T23:30:55-0400 delete_target success /{TARGET_LOCATION}/ROOT.20260807T2300 - - -
2026-08-08T23:30:55-0400 delete_target starting /{TARGET_LOCATION}/ROOT.20260807T2330 - - -
2026-08-08T23:30:55-0400 delete_target success /{TARGET_LOCATION}/ROOT.20260807T2330 - - -
2026-08-08T23:30:55-0400 delete_target starting /{TARGET_LOCATION}/ROOT.20260808T0030 - - -
2026-08-08T23:30:55-0400 delete_target success /{TARGET_LOCATION}/ROOT.20260808T0030 - - -
2026-08-08T23:30:55-0400 delete_target starting /{TARGET_LOCATION}/ROOT.20260808T0100 - - -
2026-08-08T23:30:55-0400 delete_target success /{TARGET_LOCATION}/ROOT.20260808T0100 - - -
2026-08-08T23:30:55-0400 delete_target starting /{TARGET_LOCATION}/ROOT.20260808T0130 - - -
2026-08-08T23:30:55-0400 delete_target success /{TARGET_LOCATION}/ROOT.20260808T0130 - - -
2026-08-08T23:30:55-0400 delete_target starting /{TARGET_LOCATION}/ROOT.20260808T0200 - - -
2026-08-08T23:30:55-0400 delete_target success /{TARGET_LOCATION}/ROOT.20260808T0200 - - -
2026-08-08T23:30:55-0400 delete_target starting /{TARGET_LOCATION}/ROOT.20260808T0230 - - -
2026-08-08T23:30:55-0400 delete_target success /{TARGET_LOCATION}/ROOT.20260808T0230 - - -
2026-08-08T23:30:55-0400 delete_target starting /{TARGET_LOCATION}/ROOT.20260808T0300 - - -
2026-08-08T23:30:55-0400 delete_target success /{TARGET_LOCATION}/ROOT.20260808T0300 - - -
2026-08-08T23:30:55-0400 delete_target starting /{TARGET_LOCATION}/ROOT.20260808T0330 - - -
2026-08-08T23:30:55-0400 delete_target success /{TARGET_LOCATION}/ROOT.20260808T0330 - - -
2026-08-08T23:30:55-0400 delete_target starting /{TARGET_LOCATION}/ROOT.20260808T0400 - - -
2026-08-08T23:30:55-0400 delete_target success /{TARGET_LOCATION}/ROOT.20260808T0400 - - -
2026-08-08T23:30:55-0400 delete_target starting /{TARGET_LOCATION}/ROOT.20260808T0430 - - -
2026-08-08T23:30:55-0400 delete_target success /{TARGET_LOCATION}/ROOT.20260808T0430 - - -
2026-08-08T23:30:55-0400 delete_target starting /{TARGET_LOCATION}/ROOT.20260808T0500 - - -
2026-08-08T23:30:55-0400 delete_target success /{TARGET_LOCATION}/ROOT.20260808T0500 - - -
2026-08-08T23:30:55-0400 delete_target starting /{TARGET_LOCATION}/ROOT.20260808T0530 - - -
2026-08-08T23:30:55-0400 delete_target success /{TARGET_LOCATION}/ROOT.20260808T0530 - - -
2026-08-08T23:30:55-0400 delete_target starting /{TARGET_LOCATION}/ROOT.20260808T0600 - - -
2026-08-08T23:30:55-0400 delete_target success /{TARGET_LOCATION}/ROOT.20260808T0600 - - -
2026-08-08T23:30:55-0400 delete_target starting /{TARGET_LOCATION}/ROOT.20260808T0630 - - -
2026-08-08T23:30:55-0400 delete_target success /{TARGET_LOCATION}/ROOT.20260808T0630 - - -
2026-08-08T23:30:55-0400 delete_target starting /{TARGET_LOCATION}/ROOT.20260808T0700 - - -
2026-08-08T23:30:55-0400 delete_target success /{TARGET_LOCATION}/ROOT.20260808T0700 - - -
2026-08-08T23:30:55-0400 delete_target starting /{TARGET_LOCATION}/ROOT.20260808T0730 - - -
2026-08-08T23:30:55-0400 delete_target success /{TARGET_LOCATION}/ROOT.20260808T0730 - - -
2026-08-08T23:30:55-0400 delete_target starting /{TARGET_LOCATION}/ROOT.20260808T0800 - - -
2026-08-08T23:30:55-0400 delete_target success /{TARGET_LOCATION}/ROOT.20260808T0800 - - -
2026-08-08T23:30:55-0400 delete_target starting /{TARGET_LOCATION}/ROOT.20260808T0830 - - -
2026-08-08T23:30:55-0400 delete_target success /{TARGET_LOCATION}/ROOT.20260808T0830 - - -
2026-08-08T23:30:55-0400 delete_target starting /{TARGET_LOCATION}/ROOT.20260808T0900 - - -
2026-08-08T23:30:55-0400 delete_target success /{TARGET_LOCATION}/ROOT.20260808T0900 - - -
2026-08-08T23:30:55-0400 delete_target starting /{TARGET_LOCATION}/ROOT.20260808T0930 - - -
2026-08-08T23:30:55-0400 delete_target success /{TARGET_LOCATION}/ROOT.20260808T0930 - - -
2026-08-08T23:30:55-0400 delete_target starting /{TARGET_LOCATION}/ROOT.20260808T1000 - - -
2026-08-08T23:30:55-0400 delete_target success /{TARGET_LOCATION}/ROOT.20260808T1000 - - -
2026-08-08T23:30:55-0400 delete_target starting /{TARGET_LOCATION}/ROOT.20260808T1030 - - -
2026-08-08T23:30:55-0400 delete_target success /{TARGET_LOCATION}/ROOT.20260808T1030 - - -
2026-08-08T23:30:55-0400 delete_target starting /{TARGET_LOCATION}/ROOT.20260808T1100 - - -
2026-08-08T23:30:55-0400 delete_target success /{TARGET_LOCATION}/ROOT.20260808T1100 - - -
2026-08-08T23:30:55-0400 delete_target starting /{TARGET_LOCATION}/ROOT.20260808T1130 - - -
2026-08-08T23:30:55-0400 delete_target success /{TARGET_LOCATION}/ROOT.20260808T1130 - - -
2026-08-08T23:30:55-0400 delete_target starting /{TARGET_LOCATION}/ROOT.20260808T1200 - - -
2026-08-08T23:30:55-0400 delete_target success /{TARGET_LOCATION}/ROOT.20260808T1200 - - -
2026-08-08T23:30:55-0400 delete_target starting /{TARGET_LOCATION}/ROOT.20260808T1230 - - -
2026-08-08T23:30:55-0400 delete_target success /{TARGET_LOCATION}/ROOT.20260808T1230 - - -
2026-08-08T23:30:55-0400 delete_target starting /{TARGET_LOCATION}/ROOT.20260808T1300 - - -
2026-08-08T23:30:55-0400 delete_target success /{TARGET_LOCATION}/ROOT.20260808T1300 - - -
2026-08-08T23:30:55-0400 delete_target starting /{TARGET_LOCATION}/ROOT.20260808T1330 - - -
2026-08-08T23:30:55-0400 delete_target success /{TARGET_LOCATION}/ROOT.20260808T1330 - - -
2026-08-08T23:30:55-0400 delete_target starting /{TARGET_LOCATION}/ROOT.20260808T1400 - - -
2026-08-08T23:30:55-0400 delete_target success /{TARGET_LOCATION}/ROOT.20260808T1400 - - -
2026-08-08T23:30:55-0400 delete_target starting /{TARGET_LOCATION}/ROOT.20260808T1430 - - -
2026-08-08T23:30:55-0400 delete_target success /{TARGET_LOCATION}/ROOT.20260808T1430 - - -
2026-08-08T23:30:55-0400 delete_target starting /{TARGET_LOCATION}/ROOT.20260808T1500 - - -
2026-08-08T23:30:55-0400 delete_target success /{TARGET_LOCATION}/ROOT.20260808T1500 - - -
2026-08-08T23:30:55-0400 delete_target starting /{TARGET_LOCATION}/ROOT.20260808T1530 - - -
2026-08-08T23:30:55-0400 delete_target success /{TARGET_LOCATION}/ROOT.20260808T1530 - - -
2026-08-08T23:30:55-0400 delete_target starting /{TARGET_LOCATION}/ROOT.20260808T1600 - - -
2026-08-08T23:30:55-0400 delete_target success /{TARGET_LOCATION}/ROOT.20260808T1600 - - -
2026-08-08T23:30:55-0400 delete_target starting /{TARGET_LOCATION}/ROOT.20260808T1630 - - -
2026-08-08T23:30:55-0400 delete_target success /{TARGET_LOCATION}/ROOT.20260808T1630 - - -
2026-08-08T23:30:55-0400 delete_target starting /{TARGET_LOCATION}/ROOT.20260808T1700 - - -
2026-08-08T23:30:55-0400 delete_target success /{TARGET_LOCATION}/ROOT.20260808T1700 - - -
2026-08-08T23:30:55-0400 delete_target starting /{TARGET_LOCATION}/ROOT.20260808T1730 - - -
2026-08-08T23:30:55-0400 delete_target success /{TARGET_LOCATION}/ROOT.20260808T1730 - - -
2026-08-08T23:30:55-0400 delete_target starting /{TARGET_LOCATION}/ROOT.20260808T1800 - - -
2026-08-08T23:30:55-0400 delete_target success /{TARGET_LOCATION}/ROOT.20260808T1800 - - -
2026-08-08T23:30:55-0400 delete_target starting /{TARGET_LOCATION}/ROOT.20260808T1830 - - -
2026-08-08T23:30:55-0400 delete_target success /{TARGET_LOCATION}/ROOT.20260808T1830 - - -
2026-08-08T23:30:55-0400 delete_target starting /{TARGET_LOCATION}/ROOT.20260808T1900 - - -
2026-08-08T23:30:55-0400 delete_target success /{TARGET_LOCATION}/ROOT.20260808T1900 - - -
2026-08-08T23:30:55-0400 delete_target starting /{TARGET_LOCATION}/ROOT.20260808T1930 - - -
2026-08-08T23:30:55-0400 delete_target success /{TARGET_LOCATION}/ROOT.20260808T1930 - - -
2026-08-08T23:30:55-0400 delete_target starting /{TARGET_LOCATION}/ROOT.20260808T2000 - - -
2026-08-08T23:30:55-0400 delete_target success /{TARGET_LOCATION}/ROOT.20260808T2000 - - -
2026-08-08T23:30:55-0400 delete_target starting /{TARGET_LOCATION}/ROOT.20260808T2030 - - -
2026-08-08T23:30:55-0400 delete_target success /{TARGET_LOCATION}/ROOT.20260808T2030 - - -
2026-08-08T23:30:55-0400 delete_target starting /{TARGET_LOCATION}/ROOT.20260808T2100 - - -
2026-08-08T23:30:55-0400 delete_target success /{TARGET_LOCATION}/ROOT.20260808T2100 - - -
2026-08-08T23:30:55-0400 delete_target starting /{TARGET_LOCATION}/ROOT.20260808T2130 - - -
2026-08-08T23:30:55-0400 delete_target success /{TARGET_LOCATION}/ROOT.20260808T2130 - - -
2026-08-08T23:30:56-0400 delete_snapshot starting /{SAPSHOT_LOCATION}/ROOT.20260712T0000 - - -
2026-08-08T23:30:56-0400 delete_snapshot success /{SAPSHOT_LOCATION}/ROOT.20260712T0000 - - -
2026-08-08T23:30:56-0400 finished success - - - -
2026-08-09T00:30:13-0400 startup v0.32.7 - - - # btrbk command line client, version 0.32.7
2026-08-09T00:30:13-0400 snapshot starting /{SAPSHOT_LOCATION}/ROOT.20260809T0030 / - -
2026-08-09T00:30:13-0400 snapshot success /{SAPSHOT_LOCATION}/ROOT.20260809T0030 / - -
2026-08-09T00:30:13-0400 send-receive starting /{TARGET_LOCATION}/ROOT.20260809T0000 /{SAPSHOT_LOCATION}/ROOT.20260809T0000 /{SAPSHOT_LOCATION}/ROOT.20260808T0000 -
2026-08-09T00:30:25-0400 send-receive success /{TARGET_LOCATION}/ROOT.20260809T0000 /{SAPSHOT_LOCATION}/ROOT.20260809T0000 /{SAPSHOT_LOCATION}/ROOT.20260808T0000 -
2026-08-09T00:30:25-0400 send-receive starting /{TARGET_LOCATION}/ROOT.20260809T0030 /{SAPSHOT_LOCATION}/ROOT.20260809T0030 /{SAPSHOT_LOCATION}/ROOT.20260809T0000 -
2026-08-09T00:30:27-0400 send-receive success /{TARGET_LOCATION}/ROOT.20260809T0030 /{SAPSHOT_LOCATION}/ROOT.20260809T0030 /{SAPSHOT_LOCATION}/ROOT.20260809T0000 -
2026-08-09T00:30:27-0400 delete_target starting /{TARGET_LOCATION}/ROOT.20260729T0000 - - -
2026-08-09T00:30:27-0400 delete_target success /{TARGET_LOCATION}/ROOT.20260729T0000 - - -
2026-08-09T00:30:27-0400 delete_target starting /{TARGET_LOCATION}/ROOT.20260808T2330 - - -
2026-08-09T00:30:27-0400 delete_target success /{TARGET_LOCATION}/ROOT.20260808T2330 - - -
2026-08-09T00:30:27-0400 delete_snapshot starting /{SAPSHOT_LOCATION}/ROOT.20260719T0000 - - -
2026-08-09T00:30:27-0400 delete_snapshot success /{SAPSHOT_LOCATION}/ROOT.20260719T0000 - - -
2026-08-09T00:30:27-0400 finished success - - - -
2026-08-09T01:30:03-0400 startup v0.32.7 - - - # btrbk command line client, version 0.32.7
2026-08-09T01:30:03-0400 snapshot starting /{SAPSHOT_LOCATION}/ROOT.20260809T0130 / - -
2026-08-09T01:30:03-0400 snapshot success /{SAPSHOT_LOCATION}/ROOT.20260809T0130 / - -
2026-08-09T01:30:03-0400 send-receive starting /{TARGET_LOCATION}/ROOT.20260809T0130 /{SAPSHOT_LOCATION}/ROOT.20260809T0130 /{SAPSHOT_LOCATION}/ROOT.20260809T0000 -
2026-08-09T01:30:04-0400 send-receive success /{TARGET_LOCATION}/ROOT.20260809T0130 /{SAPSHOT_LOCATION}/ROOT.20260809T0130 /{SAPSHOT_LOCATION}/ROOT.20260809T0000 -
2026-08-09T01:30:04-0400 delete_target starting /{TARGET_LOCATION}/ROOT.20260809T0030 - - -
2026-08-09T01:30:04-0400 delete_target success /{TARGET_LOCATION}/ROOT.20260809T0030 - - -
2026-08-09T01:30:04-0400 finished success - - - -
2026-08-09T02:30:13-0400 startup v0.32.7 - - - # btrbk command line client, version 0.32.7
2026-08-09T02:30:13-0400 snapshot starting /{SAPSHOT_LOCATION}/ROOT.20260809T0230 / - -
2026-08-09T02:30:13-0400 snapshot success /{SAPSHOT_LOCATION}/ROOT.20260809T0230 / - -
2026-08-09T02:30:13-0400 send-receive starting /{TARGET_LOCATION}/ROOT.20260809T0230 /{SAPSHOT_LOCATION}/ROOT.20260809T0230 /{SAPSHOT_LOCATION}/ROOT.20260809T0000 -
2026-08-09T02:30:14-0400 send-receive success /{TARGET_LOCATION}/ROOT.20260809T0230 /{SAPSHOT_LOCATION}/ROOT.20260809T0230 /{SAPSHOT_LOCATION}/ROOT.20260809T0000 -
2026-08-09T02:30:14-0400 delete_target starting /{TARGET_LOCATION}/ROOT.20260809T0130 - - -
2026-08-09T02:30:14-0400 delete_target success /{TARGET_LOCATION}/ROOT.20260809T0130 - - -
2026-08-09T02:30:14-0400 finished success - - - -
2026-08-09T03:30:13-0400 startup v0.32.7 - - - # btrbk command line client, version 0.32.7
2026-08-09T03:30:13-0400 snapshot starting /{SAPSHOT_LOCATION}/ROOT.20260809T0330 / - -
2026-08-09T03:30:13-0400 snapshot success /{SAPSHOT_LOCATION}/ROOT.20260809T0330 / - -
2026-08-09T03:30:13-0400 send-receive starting /{TARGET_LOCATION}/ROOT.20260809T0330 /{SAPSHOT_LOCATION}/ROOT.20260809T0330 /{SAPSHOT_LOCATION}/ROOT.20260809T0000 -
2026-08-09T03:30:15-0400 send-receive success /{TARGET_LOCATION}/ROOT.20260809T0330 /{SAPSHOT_LOCATION}/ROOT.20260809T0330 /{SAPSHOT_LOCATION}/ROOT.20260809T0000 -
2026-08-09T03:30:15-0400 delete_target starting /{TARGET_LOCATION}/ROOT.20260809T0230 - - -
2026-08-09T03:30:15-0400 delete_target success /{TARGET_LOCATION}/ROOT.20260809T0230 - - -
2026-08-09T03:30:15-0400 finished success - - - -
2026-08-09T04:30:13-0400 startup v0.32.7 - - - # btrbk command line client, version 0.32.7
2026-08-09T04:30:13-0400 snapshot starting /{SAPSHOT_LOCATION}/ROOT.20260809T0430 / - -
2026-08-09T04:30:13-0400 snapshot success /{SAPSHOT_LOCATION}/ROOT.20260809T0430 / - -
2026-08-09T04:30:13-0400 send-receive starting /{TARGET_LOCATION}/ROOT.20260809T0430 /{SAPSHOT_LOCATION}/ROOT.20260809T0430 /{SAPSHOT_LOCATION}/ROOT.20260809T0000 -
2026-08-09T04:30:16-0400 send-receive success /{TARGET_LOCATION}/ROOT.20260809T0430 /{SAPSHOT_LOCATION}/ROOT.20260809T0430 /{SAPSHOT_LOCATION}/ROOT.20260809T0000 -
2026-08-09T04:30:16-0400 delete_target starting /{TARGET_LOCATION}/ROOT.20260809T0330 - - -
2026-08-09T04:30:16-0400 delete_target success /{TARGET_LOCATION}/ROOT.20260809T0330 - - -
2026-08-09T04:30:16-0400 finished success - - - -
2026-08-09T05:30:13-0400 startup v0.32.7 - - - # btrbk command line client, version 0.32.7
2026-08-09T05:30:13-0400 snapshot starting /{SAPSHOT_LOCATION}/ROOT.20260809T0530 / - -
2026-08-09T05:30:13-0400 snapshot success /{SAPSHOT_LOCATION}/ROOT.20260809T0530 / - -
2026-08-09T05:30:13-0400 send-receive starting /{TARGET_LOCATION}/ROOT.20260809T0530 /{SAPSHOT_LOCATION}/ROOT.20260809T0530 /{SAPSHOT_LOCATION}/ROOT.20260809T0000 -
2026-08-09T05:30:15-0400 send-receive success /{TARGET_LOCATION}/ROOT.20260809T0530 /{SAPSHOT_LOCATION}/ROOT.20260809T0530 /{SAPSHOT_LOCATION}/ROOT.20260809T0000 -
2026-08-09T05:30:15-0400 delete_target starting /{TARGET_LOCATION}/ROOT.20260809T0430 - - -
2026-08-09T05:30:15-0400 delete_target success /{TARGET_LOCATION}/ROOT.20260809T0430 - - -
2026-08-09T05:30:15-0400 finished success - - - -
2026-08-09T06:30:29-0400 startup v0.32.7 - - - # btrbk command line client, version 0.32.7
2026-08-09T06:30:29-0400 snapshot starting /{SAPSHOT_LOCATION}/ROOT.20260809T0630 / - -
2026-08-09T06:30:29-0400 snapshot success /{SAPSHOT_LOCATION}/ROOT.20260809T0630 / - -
2026-08-09T06:30:29-0400 send-receive starting /{TARGET_LOCATION}/ROOT.20260809T0630 /{SAPSHOT_LOCATION}/ROOT.20260809T0630 /{SAPSHOT_LOCATION}/ROOT.20260809T0000 -
2026-08-09T06:30:32-0400 send-receive success /{TARGET_LOCATION}/ROOT.20260809T0630 /{SAPSHOT_LOCATION}/ROOT.20260809T0630 /{SAPSHOT_LOCATION}/ROOT.20260809T0000 -
2026-08-09T06:30:32-0400 delete_target starting /{TARGET_LOCATION}/ROOT.20260809T0530 - - -
2026-08-09T06:30:32-0400 delete_target success /{TARGET_LOCATION}/ROOT.20260809T0530 - - -
2026-08-09T06:30:32-0400 finished success - - - -
2026-08-09T07:30:13-0400 startup v0.32.7 - - - # btrbk command line client, version 0.32.7
2026-08-09T07:30:13-0400 snapshot starting /{SAPSHOT_LOCATION}/ROOT.20260809T0730 / - -
2026-08-09T07:30:13-0400 snapshot success /{SAPSHOT_LOCATION}/ROOT.20260809T0730 / - -
2026-08-09T07:30:13-0400 send-receive starting /{TARGET_LOCATION}/ROOT.20260809T0730 /{SAPSHOT_LOCATION}/ROOT.20260809T0730 /{SAPSHOT_LOCATION}/ROOT.20260809T0000 -
2026-08-09T07:30:16-0400 send-receive success /{TARGET_LOCATION}/ROOT.20260809T0730 /{SAPSHOT_LOCATION}/ROOT.20260809T0730 /{SAPSHOT_LOCATION}/ROOT.20260809T0000 -
2026-08-09T07:30:16-0400 delete_target starting /{TARGET_LOCATION}/ROOT.20260809T0630 - - -
2026-08-09T07:30:16-0400 delete_target success /{TARGET_LOCATION}/ROOT.20260809T0630 - - -
2026-08-09T07:30:16-0400 finished success - - - -
2026-08-09T08:30:29-0400 startup v0.32.7 - - - # btrbk command line client, version 0.32.7
2026-08-09T08:30:29-0400 snapshot starting /{SAPSHOT_LOCATION}/ROOT.20260809T0830 / - -
2026-08-09T08:30:29-0400 snapshot success /{SAPSHOT_LOCATION}/ROOT.20260809T0830 / - -
2026-08-09T08:30:29-0400 send-receive starting /{TARGET_LOCATION}/ROOT.20260809T0830 /{SAPSHOT_LOCATION}/ROOT.20260809T0830 /{SAPSHOT_LOCATION}/ROOT.20260809T0000 -
2026-08-09T08:30:32-0400 send-receive success /{TARGET_LOCATION}/ROOT.20260809T0830 /{SAPSHOT_LOCATION}/ROOT.20260809T0830 /{SAPSHOT_LOCATION}/ROOT.20260809T0000 -
2026-08-09T08:30:32-0400 delete_target starting /{TARGET_LOCATION}/ROOT.20260809T0730 - - -
2026-08-09T08:30:32-0400 delete_target success /{TARGET_LOCATION}/ROOT.20260809T0730 - - -
2026-08-09T08:30:32-0400 finished success - - - -
2026-08-09T09:30:29-0400 startup v0.32.7 - - - # btrbk command line client, version 0.32.7
2026-08-09T09:30:29-0400 snapshot starting /{SAPSHOT_LOCATION}/ROOT.20260809T0930 / - -
2026-08-09T09:30:29-0400 snapshot success /{SAPSHOT_LOCATION}/ROOT.20260809T0930 / - -
2026-08-09T09:30:29-0400 send-receive starting /{TARGET_LOCATION}/ROOT.20260809T0930 /{SAPSHOT_LOCATION}/ROOT.20260809T0930 /{SAPSHOT_LOCATION}/ROOT.20260809T0000 -
2026-08-09T09:30:31-0400 send-receive success /{TARGET_LOCATION}/ROOT.20260809T0930 /{SAPSHOT_LOCATION}/ROOT.20260809T0930 /{SAPSHOT_LOCATION}/ROOT.20260809T0000 -
2026-08-09T09:30:31-0400 delete_target starting /{TARGET_LOCATION}/ROOT.20260809T0830 - - -
2026-08-09T09:30:31-0400 delete_target success /{TARGET_LOCATION}/ROOT.20260809T0830 - - -
2026-08-09T09:30:31-0400 finished success - - - -
2026-08-09T10:30:03-0400 startup v0.32.7 - - - # btrbk command line client, version 0.32.7
2026-08-09T10:30:03-0400 snapshot starting /{SAPSHOT_LOCATION}/ROOT.20260809T1030 / - -
2026-08-09T10:30:03-0400 snapshot success /{SAPSHOT_LOCATION}/ROOT.20260809T1030 / - -
2026-08-09T10:30:03-0400 send-receive starting /{TARGET_LOCATION}/ROOT.20260809T1030 /{SAPSHOT_LOCATION}/ROOT.20260809T1030 /{SAPSHOT_LOCATION}/ROOT.20260809T0000 -
2026-08-09T10:30:06-0400 send-receive success /{TARGET_LOCATION}/ROOT.20260809T1030 /{SAPSHOT_LOCATION}/ROOT.20260809T1030 /{SAPSHOT_LOCATION}/ROOT.20260809T0000 -
2026-08-09T10:30:06-0400 delete_target starting /{TARGET_LOCATION}/ROOT.20260809T0930 - - -
2026-08-09T10:30:06-0400 delete_target success /{TARGET_LOCATION}/ROOT.20260809T0930 - - -
2026-08-09T10:30:06-0400 finished success - - - -
2026-08-09T11:30:29-0400 startup v0.32.7 - - - # btrbk command line client, version 0.32.7
2026-08-09T11:30:29-0400 snapshot starting /{SAPSHOT_LOCATION}/ROOT.20260809T1130 / - -
2026-08-09T11:30:29-0400 snapshot success /{SAPSHOT_LOCATION}/ROOT.20260809T1130 / - -
2026-08-09T11:30:29-0400 send-receive starting /{TARGET_LOCATION}/ROOT.20260809T1130 /{SAPSHOT_LOCATION}/ROOT.20260809T1130 /{SAPSHOT_LOCATION}/ROOT.20260809T0000 -
2026-08-09T11:30:34-0400 send-receive success /{TARGET_LOCATION}/ROOT.20260809T1130 /{SAPSHOT_LOCATION}/ROOT.20260809T1130 /{SAPSHOT_LOCATION}/ROOT.20260809T0000 -
2026-08-09T11:30:34-0400 delete_target starting /{TARGET_LOCATION}/ROOT.20260809T1030 - - -
2026-08-09T11:30:34-0400 delete_target success /{TARGET_LOCATION}/ROOT.20260809T1030 - - -
2026-08-09T11:30:34-0400 finished success - - - -
2026-08-09T12:30:13-0400 startup v0.32.7 - - - # btrbk command line client, version 0.32.7
2026-08-09T12:30:13-0400 snapshot starting /{SAPSHOT_LOCATION}/ROOT.20260809T1230 / - -
2026-08-09T12:30:13-0400 snapshot success /{SAPSHOT_LOCATION}/ROOT.20260809T1230 / - -
2026-08-09T12:30:13-0400 send-receive starting /{TARGET_LOCATION}/ROOT.20260809T1230 /{SAPSHOT_LOCATION}/ROOT.20260809T1230 /{SAPSHOT_LOCATION}/ROOT.20260809T0000 -
2026-08-09T12:30:17-0400 send-receive success /{TARGET_LOCATION}/ROOT.20260809T1230 /{SAPSHOT_LOCATION}/ROOT.20260809T1230 /{SAPSHOT_LOCATION}/ROOT.20260809T0000 -
2026-08-09T12:30:17-0400 delete_target starting /{TARGET_LOCATION}/ROOT.20260809T1130 - - -
2026-08-09T12:30:17-0400 delete_target success /{TARGET_LOCATION}/ROOT.20260809T1130 - - -
2026-08-09T12:30:17-0400 finished success - - - -
2026-08-09T13:30:11-0400 startup v0.32.7 - - - # btrbk command line client, version 0.32.7
2026-08-09T13:30:11-0400 snapshot starting /{SAPSHOT_LOCATION}/ROOT.20260809T1330 / - -
2026-08-09T13:30:11-0400 snapshot success /{SAPSHOT_LOCATION}/ROOT.20260809T1330 / - -
2026-08-09T13:30:11-0400 send-receive starting /{TARGET_LOCATION}/ROOT.20260809T1330 /{SAPSHOT_LOCATION}/ROOT.20260809T1330 /{SAPSHOT_LOCATION}/ROOT.20260809T1230 -
2026-08-09T13:30:15-0400 send-receive success /{TARGET_LOCATION}/ROOT.20260809T1330 /{SAPSHOT_LOCATION}/ROOT.20260809T1330 /{SAPSHOT_LOCATION}/ROOT.20260809T1230 -
2026-08-09T13:30:15-0400 delete_target starting /{TARGET_LOCATION}/ROOT.20260809T1230 - - -
2026-08-09T13:30:15-0400 delete_target success /{TARGET_LOCATION}/ROOT.20260809T1230 - - -
2026-08-09T13:30:15-0400 delete_snapshot starting /{SAPSHOT_LOCATION}/ROOT.20260808T1200 - - -
2026-08-09T13:30:15-0400 delete_snapshot success /{SAPSHOT_LOCATION}/ROOT.20260808T1200 - - -
2026-08-09T13:30:15-0400 delete_snapshot starting /{SAPSHOT_LOCATION}/ROOT.20260809T1230 - - -
2026-08-09T13:30:16-0400 delete_snapshot success /{SAPSHOT_LOCATION}/ROOT.20260809T1230 - - -
2026-08-09T13:30:16-0400 finished success - - - -
